archaic_form,proposed_modern_form,occurrence_count,status,confidence,review_flags,observed_spellings,existing_exact_mappings,source_excerpts
maketh,makes,25,already-covered,review,Review name-etymology use against live Sefaria before applying a global replacement,"{""maketh"": 25}","{""maketh"": ""makes""}","H1814 | H1814. dalaq | דָּלַק | ‎ compare 2Kin 17:25 ); also in יִפְעָ֑ל לְדֹלְקִים חִצָּיו ‎ Psa 7:14 his arrows he maketh burning ones (subject God) RV De Che and others; & דֹּלְקִים שְׂפָתַיִם ‎ Prov 26:23 b

H1869 | H1869. darak | דָּרַךְ | of giving security & triumph יַדְרִכֵנִי עַלבָּֿמוֺתַי ‎ Hab 3:19 upon mine heights he maketh me tread (compare Qal 2 ).

H1980 | H1980. halak | הָלַךְ | 10:9 ; especially 3 of moral and religious life; יְיַשֶּׁרלָֿ֑כֶת ‎ Prov 15:21 he maketh straight to walk (walketh straight, upright); particular a. walk in ( בְּ ‎) ways

H2092 | H2092. zaham | זָהַם | x 3 masculine singular לָ֑חֶם חַיָּתוֺ וְזִהֲמַתּוּ ‎ (consecutive) Job 33:20 his life maketh it, bread, loathsome to him (|| תַּאֲוָה מַאֲכַל ונפשׁו ‎) (On suffix see Ges § 131 , 2,

H2253 | H2253. chebyon | חֶבְיוֺן | only construct ח ׳וְשָׁם עֻזּהֹ ‎ Hab 3:4 (< ᵑ6 ᵐ5 ‎ Hi-St Gr וְשָׂם ‎ and he maketh , compare Psa 18:12 ).

H2896 | H2896. towb | טוֺב | ; בעתו דבר ‎ 15:23 a word in its season ; טוב דבר ‎ 12:25 an agreeable word (maketh the heart glad); טוב דבר ‎ Psa 45:2 a good theme. e. of other things , טובה ד

H3001 | H3001. yabesh | יָבֵשׁ | ches (figurative of wicked); figurative תְּיַבֶּשׁנָּֿ֑רֶם ‎ Prov 17:22 a broken spirit maketh dry ( the ) bones. Hiph`il Perfect 3masculine singular הוֺבִישׁ ‎ Josh 2:10 3 t

H3190 | H3190. yatab | יָטַב | lamp Exod 30:7 (P); מַצֵּבוֺת ‎ Hosea 10:1 ; גֵּהָה ‎ Prov 17:22 a glad heart maketh a good cure ; followed by מִן ‎ comparative, object שֵׁם ‎ 1Kin 1:47 ( = make it m

H3423 | H3423. yarash | יָרַשׁ | = impoverish , וּמַעֲשׁיר מוֺרִישׁ יהוה ‎ 1Sam 2:7 (song) ׳י ‎ impoverisheth and maketh rich ; followed by accusative (of Tyre) יוֺרִשֶׁנָּה אֲדֹנָי ‎ Zech 9:4 (see 9:3 ).

H3474 | H3474. yashar | יָשַׁר | straight their paths , going straightforward on their paths; יְיַשֶּׁרלָֿ֑כֶת ‎ 15:21 maketh straight his going, goeth straightforwards. 2 lead straight along direct , waters of an

H3808 | H3808. lo | לֹא | 13:19 Is not the whole land before thee ? 19:20 ; 20:5 ; 27:36 ; 29:25 ; Exod 4:11 Who maketh dumb or deaf, etc. Do not I ? 33:16 ; Judg 4:6 , 14 ; 8:2 ; 9:28 , 38 ; 1Sam 9:20-21

H4232 | H4232. Mechuyael | מְחוּיָאֵל | ‎; Bu Urgesch. 128 Kerber Eigennam, d. AT. 91 מְחַיִּיאֵל ‎, or מַחְיִיאֵל ‎ El maketh alive ; DHM MV 10 thinks of proper name, of divinity יאל ‎, — compare Phoenician proper

H4900 | H4900. mashak | מָשַׁךְ | יָדוֺ מָשַׁךְ ‎ Hosea 7:5 is difficult, ᵐ5 ‎ AV RV he stretcheth out his hand with , maketh common cause with, is hardly possibly, text probably corrupt We Now. Niph`al Imperfect 3m

H5234 | H5234. nakar | נָכַר | k , etc. Hithpa`el Imperfect יִתְנַכֶּרנָֿ֑עַר ‎ Prov 20:11 by his deeds a youth maketh himself known , whether his doing be pure, etc. [ נכר ‎] verbdenominative act or tre

H5647 | H5647. abad | עָבַד | לְשָׂדֶה מֶלֶךְ ‎ dubious: a king for (devoted to) the cultivated field (Hi); a king that maketh himself servant to the field (devoted to agriculture), De see Commentaries , especially De.

H5810 | H5810. azaz | עָזַז | `il Perfect 3masculine singular בְּפָנָיו רָשָׁע אִישׁ חֵעֵז ‎ Prov 21:29 a wicked man maketh firm ( sheweth boldness ) with his face ; so 3 feminine singular פָנֶיהָ הֵעֵ֫זָה ‎ 7:

H5810 | H5810. azaz | עָזַז | his face ; so 3 feminine singular פָנֶיהָ הֵעֵ֫זָה ‎ 7:13 (Ges § 67dd Kö i. 372 ) she maketh bold her face .

H6238 | H6238. ashar | עָשַׁר | singular תַּעֲשִׁיר ‎ Prov 10:22 , so Participle מַעֲשִׁיר ‎ 1Sam 2:7 ׳י ‎ maketh rich (opposed to מוֺרִישׁ ‎). 2 gain riches , absolute: Imperfect 3masculine singul

H6440 | H6440. panim | מָּנֶה | pare Neh 2:2-3 , also פ ׳רֹעַ ‎ Eccl 7:8 i.e. sadness; פ ׳יֵּיטִב ‎ Prov 15:13 maketh glad the face ; פָנֶיךָ נָָֽפְלוּ ‎, Gen 4:5-6 , why is the face fallen (in displeasur

H7570 | H7570. rathach | רָתַח | rfect 3masculine singular מְצוּלָה כַּסּיר יַרְתִּיחַ ‎ Job 41:23 he (the crocodile) maketh the depth boil like the pot. .

H7679 | H7679. saga | שָׂגָא | ְגֶּה ‎). Hiph`il 1. make great , participle לַגּוֺיִם מַשְׂגִּיא ‎ Job 12:23 he maketh the nations great (see ל ‎ 3b ). 2 magnify, laud , 2 masculine singular פעלו תַ

H7760 | H7760. sum | שִׂים שׂוּם, | 28 they made the Canaanites into the corvée ; מְּעָמָיו לְדֶרֶךְ וְיָשֵׂם ‎ Psalm 85:14 maketh his steps into a way (so RV Hup Che Dr, but meaning obscure; De Bae attend to the way of (

H8213 | H8213. shaphel | שָׁפֵל | t down = take a low seat (Ges § 120g ); + infinitive ׳מַשׁ לִרְאוֺת ‎ Psa 113:6 he who maketh low to look upon heaven and earth (i.e. ׳י ‎; || לָשָׁ֑בֶת הַמַּגְבִּיתִי ‎ 113:5 ;

H9005 | None | ל | +, לְ שָׂרַף ‎ to burn into Amos 2:1 ; Deut 9:21 פעל לְעָפָר דַּק ‎ Psa 7:14 maketh into (or to be ) flaming ones; ל היה ‎ to become , in many different connections, as

H9005 | None | ל | 2:13 ; 22:14 אֶבְנֶהלִּֿי ‎, 31:21 ; 46:14 ; Hosea 10:1 יְשַׁוֶּהלּֿוֺ מְּרִי ‎ maketh fruit freely , 10:11 ; 10:12 ; 10:12 ; Amos 6:5 , 13 ; Psa 44:11 לָמוֺ שָׁסוּ ‎ ="
cometh,comes,12,review-only,high,,"{""cometh"": 12}",{},"H413 | H413. el | אֶל | o sell Deut 37:36, etc. Metaph. Jer 2:19 אֵלַיִךְ פַחְדָּתִי וְלֹא ‎ and that my fear (cometh) not unto thee (compare Job 31:23 ). — Peculiarly Gen 6:16 אַמָּה אֶל ‎ unto the l

H854 | H854. eth | אֵת | 54:17 ; Psa 109:20 , compare Job 2:10 ; Psa 22:26 תְהִלָּתִי מֵאִתְּךָ ‎ from thee cometh my praise (thou art the source of it); Isa 44:24 Qr מֵאִתִּי ‎ of myself (compare ἀπ

H996 | H996. bayin | בַּ֫יִן | 2:4 ; Zech 6:1 ; 9:7 ; Deut 28:57 the after-birth רַגְלֶיהָ מִבֵּין הַיּוֺצֵת ‎ that cometh forth from between her feet, i.e. from her womb (compare Il. 19. 10 πεσεῖν μετὰ ποσσὶ γυν

H1980 | H1980. halak | הָלַךְ | ה ‎ Ezek 19:6 ; compare also רֵישֶׁ֑ךָ וּבָאמִֿתְהַלֵךְ ‎ Prov 24:34 and thy poverty cometh marching (compare Pi`el Prov 6:11 ); glide, flow of wine ׳יִתְה בְּמֵישָׁרִים ‎ 2

H2336 | H2336. choach | חוֺחַ | חִטִּים ‎); in simile of fool's parable ׳ח בְּיַדשִֿׁכּוֺר עָלָה ‎ Prov 26:9 a brier cometh into the hand of a drunken man (De Now Str); הַחוֺחִים בֵּין כְּשׁוֺשַׁנָּה ‎; Song 2:2 ;

H2442 | H2442. chakah | חָכָה | Isa 30:18 (Di regards this as threatening and refers it to 1 ); absolute waiteth (and cometh to the days of blessedness) Dan 12:12 . חַכָּה ‎ see below חנך ‎. חכל

H2896 | H2896. towb | טוֺב | רע ואם טוב אם ‎ 42:6 whether prosperity or adversity ; טוב יבוא ‎ 17:6 prosperity cometh ; בט ׳שׂמח ‎ Deut 26:11 ; 2Chr 6:41 ; בט ׳ראה ‎ Eccl 2:1 ; Jer 29:32 ; object of

H2958 | H2958. terom | טֶ֫רֶם | 48:5 ; Jer 13:16 ; the imperfect with a frequently force, Exod 1:19 before the midwife cometh , they are wont to bear, Ruth 3:14 ; Prov 18:13 . Pleon. לֹא בְּטֶרֶם ‎ Zeph 2:2 (twi

H6974 | H6974. quts | קִיץ | of inanimate thing Hab 2:19 ; compare אֵלָ֑יִח הֵקִיץ הַקֵּץ בָּא ‎ Ezek 7:6 the end cometh, it hath awaked unto thee (Co strike out הֵקִיץ ‎, but the word-play favours it). — Psa

H7171 | H7171. qerets | קֶ֫רֶץ | mpare Thes Add. 111 ), figurative of Nebuchadr. ׳ק בָּא מִצָּפוֺן ‎ Jer 46:20 a gadfly cometh from the north ; ᵑ9 ‎ (Aq Symm) stimulator , i.e. קֹרֵץ ‎; Thes and others, more Ge

H7534 | H7534. raq | רַק | ord actually emphasized, Prov 13:10 מַצָּה יִתֵּן בְּזָדוֺן רִק ‎ by pride there only cometh [ נָתַן ‎ 1z ] contention. b. prefixed to sentences , to add a limitation on s

H9003 | None | ב | בְּטָמֵא ‎ as one unclean = while unclean, 28:62 ; Isa 40:10 יָבוֺא בְּחָזָק ‎ he cometh as a strong one, Psa 35:2 (where see De) and rise up as my help, 35:16 , 39:7 ; 55:19"
knoweth,knows,12,review-only,review,Review name-etymology use against live Sefaria before applying a global replacement,"{""knoweth"": 12}",{},"H518 | H518. im | אִם | Mal 3:10 ; Psa 139:24 ; Cant 7:13; Lam 1:12 ; Ezra 2:59 ; once אִם יוֺדֵעַ מִי ‎ who knoweth if ...? i.e. (like haud scio an ) perhaps Est 4:14 (older synonym יוֺדֵעַ מִי ‎ alo

H854 | H854. eth | אֵת | עֲוֺנֹתֵינוּ ‎), Job 12:3 כְּמוֺאֵֿלָּה אֶתמִֿיאֵֿין ‎ with whom are not (i.e. who knoweth not ? τίς οὐ σύνοιδε ;) things like these ? 14:5 אִתָּךְ ‎ i.e. known to thee, Pro

H1571 | H1571. gam | גַּם | ggravated, case, yea, even , Isa 49:15 yea , these may forgot, Jer 8:17 yea , the stork knoweth, etc., Isa 23:12 שָׁם גַּם ‎ even there no rest shall be for thee (so Psa 139:10 ),

H2094 | H2094. zahar | זָהַר | k 33:4-5 ,a; so Eccl 12:2 and, more Generally, לְהִזָּהֵר יָדַע לֹא אֲשֶׁר ‎ 4:13 who knoweth not how to take admonition; be warned, receive warning Ezek 33:6 (of people, with לֹא

H3045 | H3045. yada | יָדַע | 12b ) גדוֺל אוֺ קָטֹן דָּבָר זֹאת בְּכָלֿ עַבְדְּךָ יָדַע לֹא ‎ 1Sam 22:15 thy servant knoweth not of all this anything, little or much ; followed by בְּ ‎ (rare), gain knowledge of,

H3077 | H3077. Yehoyada | יוֺיָדָע יְהוֺיָדָע, | H3077. Yehoyada יוֺיָדָע יְהוֺיָדָע, ‎ proper name, masculine ( ׳י ‎ knoweth ; compare אֶלְיָדָע יְדַעְיָה, ‎ & references, בְּעֶלְיָדָע ‎) — 1 ׳יְהוֺ ‎

H3964 | H3964. ma | מָה | ‎. 2 whatever, what (compare Biblical Hebrew 1b end) Dan 2:22 בחשׁוכא מח ידע ‎ knoweth what is in darkness, Ezra 6:9 : so דִּי מָה ‎ (compare דִּי ‎ 1b: so Nabataean;

H4310 | H4310. mi | מִי | מִי וְתִקְוָתִי ‎, 38:29 יְלָדוֺ מִי שָׁמַיִם וּכְפֹר ‎. ( d ) יוֺדֵעַ מִי ‎ who knoweth ? ( Psa 90:11 ; Prov 24:22 ), followed by a verbal clause, becomes (compare nescio an ) =

H4787 | H4787. morrah | מָרָּה | form see Ges § 22 , 5 R); — construct נַפְשׁוֺ מָרַּת יוֺדֵעַ לֵב ‎ Prov 14:10 the heart knoweth the bitterness of its soul (its own misery).

H5315 | H5315. nephesh | נֶ֫פֶשׁ | t, if not all, examples may be otherwise explained: מאד ידעת נפשׁי ‎ Psa 139:14 my soul knoweth well (or I know well ; compare 4a ); נ ׳דעת טוב לא בלא ‎ Prov 19:2 that the soul be

H8061 | H8061. Shemida | שְׁמִידָ֑ע | H8061. Shemida שְׁמִידָ֑ע ‎ proper name, masculine in Manasseh ( the name knoweth? compare Sabean ירעסמהו ‎ DHM ZMG xxxvii (1883), 16 ); — Num 26:22 ( συμαερ ), Josh 1

H9005 | None | ל | בׅ (הַ)בֹּקֶר לִפְנוֺת ‎ Gen 24:63 +, 2Sam 18:29 ; Isa 7:15 לְדַעְתּוֺ ‎ when he knoweth. b. to denote the close of a period (rare), Gen 7:4 שׁבעה עוד לימים ‎, 7:10 ; Ex"
liveth,lives,12,review-only,high,,"{""liveth"": 12}",{},"H518 | H518. im | אִם | m 24:22 ; 1Kin 1:51 ; Song 2:7 ; 3:5 +. Of past or present time: 1Sam 25:34 as ׳י ‎ liveth (I say) that, unless thou hadst hastened ..., נוֺתַר אִם כִּי ‎ that surely there had no

H518 | H518. im | אִם | ned ..., נוֺתַר אִם כִּי ‎ that surely there had not been left ...! 17:55 as thy soul liveth אִםיָֿדַעְתִּי ‎ if I Know it! 1Kin 17:12 ; 18:10 — both אִםיֵֿשׁ ‎ ( כִּי ‎

H530 | H530. emunah | אֱמוּנָה | sa 59:4 ; Jer 5:1 ; יִחְיֶה בֶּאֱמוּנָתוֺ צַדִּיק ‎ a righteous man by his faithfulness liveth Hab 2:4 (> faith Luth AV RV). b. as a divine attribute Psa 88:12 ; 89:2 ; 89:3 ; 89

H2372 | H2372. chazah | חָזָה | ierceth (compare חָזַז ‎) Bö Ew Hi ( יְחַזֶּה ‎), Di De MV; between the stones it liveth ( יִחְיֶה ‎) ᵐ5 ‎ Siegf.

H2416 | H2416. chay | חַי | חֵי שׁבע, באר דרך חֵי ‎ Amos 8:14 ; with the exception of הָעֹולָם בְּחֵי ‎ by him who liveth for ever Dan 12:7 , חֵי ‎ is always (as an artificial distinction of scribes) used of n

H2416 | H2416. chay | חַי | oath by life of men חי ‎ is pointed always המלך ׃חֵי אדני חֵי ‎ as my lord the king liveth 2Sam 15:21 ; פרעה חֵי ‎ Gen 42:15-16 , (E); נַפְשְׁךָ חֵי ‎ 1Sam 1:26 ; 17:55 ;

H2416 | H2416. chay | חַי | נַפְשְׁךָ חֵי ‎ 1Sam 1:26 ; 17:55 ; 2Sam 14:19 ; ׳י נַפְשְׁךָ וְחֵי ׳חַ ‎ as Yahweh liveth and as thy soul (or thyself) liveth 1Sam 20:3 ; 25:26 ; 2Kin 2:2 , 4 , 6 ; 4:30 נ

H2416 | H2416. chay | חַי | ; 2Sam 14:19 ; ׳י נַפְשְׁךָ וְחֵי ׳חַ ‎ as Yahweh liveth and as thy soul (or thyself) liveth 1Sam 20:3 ; 25:26 ; 2Kin 2:2 , 4 , 6 ; 4:30 נ ׳וְחֵי חַיֶּךָ ‎ 2Sam 11:11 (but

H3588 | H3588. ki | כִּי | orce, English idiom does not require it to be expressed: Num 14:22 ; 1Sam 20:3 as ׳י ‎ liveth, הַמָּוֶת וּבֵין בֵּינִי כְפֶשַׂע כִּי ‎ there is but a step between me and death! 26:16

H3588 | H3588. ki | כִּי | lloquial language, the negative, it seems, is left to be understood: 1Sam 26:10 as ׳י ‎ liveth, (by no means,) אִם כִּי ‎ but ׳י ‎ shall smite him, 2Sam 13:33 Kt (by no means,

H3588 | H3588. ki | כִּי | ‎ 1c ), introducing the fact sworn to (see כִּי ‎ 1c ): 2Kin 5:20 as ׳י ‎ liveth, אִםרַֿצְתִּי כִּי ‎ surely I will run (perfect of certitude) after him, etc., Jer 51:

H9009 | None | ה | tuators. i. to mark the vocative: 1Sam 17:55 הַמֶּלֶךְ חֵינֿפשׁך ‎ as thy soul liveth, O king, I do not know, 17:58 הַנַּעַר אתה מי בן ‎ Whose son art thou, lad ? 2Sam"
goeth,goes,11,already-covered,high,,"{""goeth"": 11}","{""goeth"": ""goes""}","H1980 | H1980. halak | הָלַךְ | q. v.; especially in laws of clean & unclean Lev 11:20-21 , every swarming winged thing that goeth on ( הַהֹלֵךְעַל ‎) all fours compare 11:27 ; 11:42 ; also 11:27 everything that g

H1980 | H1980. halak | הָלַךְ | h on ( הַהֹלֵךְעַל ‎) all fours compare 11:27 ; 11:42 ; also 11:27 everything that goeth on its paws , & 11:42 everything that goeth on (its) belly , (all P), so of serpent Gen 3:

H1980 | H1980. halak | הָלַךְ | 11:27 ; 11:42 ; also 11:27 everything that goeth on its paws , & 11:42 everything that goeth on (its) belly , (all P), so of serpent Gen 3:14 on thy belly ( עַלגְּֿחֹנְךָ ‎) shal

H1980 | H1980. halak | הָלַךְ | s growing more and more stormy (compare below 4d ); of wine ( יַיִן ‎) Cant 7:10 that goeth down, for my beloved, smoothly (smile); also of lighting go, dart ( בָּרָק ‎) Job 38:3

H1980 | H1980. halak | הָלַךְ | ֹלֵךְ שְׁמוּאֵל וְהַנַּעַד ‎ 1Sam 2:26 ; compare (with different order) of wind, Eccl 1:6 goeth ( הוֺלֵךְ ‎) toward the south, and turneth about ( סוֺבֵב ‎) unto the north, the wi

H2274 | H2274. chebrah | חֶבְרָה | association, company (abstract); לְח ׳וְאָרַה אָוֶן מִּעֲלֵי עִם ‎ Job 34:8 and he goeth for company with doers of wickedness (|| עִםאַֿנְשֵׁיאשֵׁירֶֿשַׁע וְלָלֶכֶת ‎).

H3474 | H3474. yashar | יָשַׁר | ng straightforward on their paths; יְיַשֶּׁרלָֿ֑כֶת ‎ 15:21 maketh straight his going, goeth straightforwards. 2 lead straight along direct , waters of an aqueduct 2Chr 32:30 ; (of

H3519 | H3519. kabowd | כָּבוֺד | o honour Psa 73:24 ; not becoming to fools Prov 26:1 ; ענוה כ ׳לפני ‎ before honour (goeth) humility 15:33 ; 18:22 ; antithesis קלון ‎ Hosea 4:7 ; Hab 2:16 ; Prov 3:35 ,

H6440 | H6440. panim | מָּנֶה | ith which נֶגֶד ‎ is hardly used), Gen 32:21 לְפָנָ֔י הַהֹלֶכֶת בַּמִּנְחָה ‎ that goeth before me, 33:14 the cattle לְפָנַי אֲשֶׁר ‎, Exod 17:5 ; 23:20 etc.; in the descri

H8557 | H8557. temes | תֶּ֫מֶס | asculine melting (away); — ׳ת יַהֲלֹךְ שַׁבְּלוּל כְּמוֺ ‎ Psa 58:9 like a snail that goeth into melting (leaving slimy track). מַסַּע ‎, I. מַסָּע ‎ see I. נסע ‎. II.

H9005 | None | ל | h 1:11 ; Psa 58:8 למו יתהלכו כמים ‎ that run apace , Prov 20:14 לִוֺ אֹזֵל ‎ = goeth his way , Job 39:4 ; Song 1:8 ; b 2:10-11 , 13 ; 4:6 . ( c ) with neuter verbs, especia"
causeth,causes,9,review-only,review,Review name-etymology use against live Sefaria before applying a global replacement,"{""causeth"": 9}",{},"H2637 | H2637. chaser | חָסֵר | fail , with accusative of thing יַח צָמֵא ׳מַשְׁקֵה ‎ 32:6 ; the drink of the thirsty he causeth to fail (|| רָעֵב נפשׁ לְהָרִיק ‎); absolute Exod 16:18 (P), he that gathered little c

H2995 | H2995. Yabneel | יַבְנְאֵל | H2995. Yabneel יַבְנְאֵל ‎ proper name, of a location ( El causeth to build ; compare יַבְנֶה בניהו, ‎) — 1 town in Judah Josh 15:11 ; ( ᵐ5 ‎ L

H2996 | H2996. Yabneh | יַבְנֶה | H2996. Yabneh יַבְנֶה ‎ proper name, of a location ( he causeth to build ) a Philistine city 2Chr 26:6 ᵐ5 ‎ L Ἰαβνη (B Ἀβεννηρ ) compare Ἰεμναθ

H3143 | H3143. Yoshibyah | יושִׁבְיָה | H3143. Yoshibyah יושִׁבְיָה ‎ proper name, masculine ( ׳י ‎ setteth, causeth to dwell ; compare Phoenician proper name ישבעל ‎ (? = ישבבעל ‎)) — a Simeonite 1Ch

H5117 | H5117. nuach | נוּחַ | ; = avoid גְּדוֺלִים חֲטָאִים יַנִּיחַ ‎ Eccl 10:4 (but read perhaps יָנִיחַ ‎, causeth to rest = allayeth compare Wild). 6 permit , with accusative of person Judg 16:26 ; +

H5674 | H5674. abar | עָבַר | ֵּר ‎ = conceive , עִבּוּר ‎ conception , עוֺבֵר ‎ embryo ; absolute (properly causeth to pass over , that is semen ). 2 Imperfect 3masculine singular בְּ ׳וַיְעַבֵּר ‎

H6094 | H6094. atstsebeth | עַצֶּ֫בֶת | n feminine hurt, injury, pain ; — עַצָּ֑בֶת ‎ Prov 10:10 he that winketh with the eye causeth hurt (stirs up strife, etc.); construct עַצְּבַתלֵֿב ‎ pain of heart 15:13 (opposed

H6779 | H6779. tsamach | צָמַח | ject ׳י ‎ Gen 2:9 ; Psa 104:14 , compare Job 38:27 , with 2accusative Psa 147:8 who causeth mountains to sprout grass ; figurative, object צְדָקָה צֶמַח ‎ Jer 33:15 ; horn ( קֶ

H7287 | H7287. radah | רָדָה | Hiph`il Imperfect 3masculine singular יַרְדְּ וּמְלָכִים ‎ Isa 41:2 and kings he causeth (him) to dominate ; but apocopatic form strange, read יָרֹד ‎ (√ רדד ‎ q. v.) Ew D"
giveth,gives,9,review-only,review,Review name-etymology use against live Sefaria before applying a global replacement,"{""giveth"": 9}",{},"H2450 | H2450. chakam | חָכָם | 8:15 ; he receives it 21:11 ; and stores it up 10:14 ; his ears hearken to the reproof which giveth life 15:31 ; and he becomes wiser through it 9:8-9 ,. (2) as a wise teacher, a sage , he do

H2451 | H2451. chokmah | חָכְמה | :18 ; Prov 8:11 ; 16:16 ; 17:16 ; 23:23 ; 24:7 ; beyond the reach of scorners 14:6 ; God giveth it to the good Eccl 2:26 ; men are to incline the ear Prov 2:2 ; attend unto wisdom 5:1 ; s

H3164 | H3164. Yachdiy | יַחְדִּיאֵל | H3164. Yachdiy 'el יַחְדִּיאֵל ‎ proper name, masculine ( God giveth joy ) a chief man in Manasseh 1Chr 5:24 , ᵐ5 ‎ Ιελιηλ , A ᵐ5 ‎ L Ιεδιηλ .

H3527 | H3527. kabar | כָּבַר | ַכְבִּיר ‎ with the force of a substantive (Ew § 160 c ) 36:31 אכל יתן לְמַכְֶבִּיר ‎ giveth food in abundance (= prose לָרֹב ‎, e.g. 2Chr 11:23 ).

H4232 | H4232. Mechuyael | מְחוּיָאֵל | nician proper name יאלפעל ‎, and CIS i. 132, 4 ; especially p. 163 b, = god יאל ‎ giveth life (against this Gray Prop. N. 164 )). מַחֲוִים ‎ see below II. חוה ‎. I. מָ

H4479 | H4479. man | מַן | מִןדִּֿי ‎, 4:14 יִתְּנִנַּהּ יִצְבֵּא דִּי וּלְמִן ‎ to whomsoever he willeth, he giveth it, 4:22 ; 4:29 ; 5:21 (so Nabataean די מן ‎, Cooke 241, 325 ff. ; דְּ מַן ᵑ7 ‎;

H5391 | H5391. nashak | נָשַׁךְ | mperfect 3masculine singular יִשָּׁ֑ךְ ‎ Deut 23:20 interest of anything off which one giveth interest (compare Dr). Hiph`il make one give interest; Imperfect 2masculine singular

H8142 | H8142. shenah | שְׁנָת שֵׁנָא, שֵׁנָה, | ֶתֵּן אִם ‎ Psa 132:4 (all of lack of sleep); שֵׁנָ֑א לִידִידוֺ יִתֵּן ‎ 127:2 = he giveth to his beloved in sleep , compare Ges § 118 , 3; of sleep of death (so Arabic Dozy ii. 806 )

H8433 | H8433. towkechah | תּוֺכֵחָה | , 32 ; ׳ת מוסר ‎ 6:23 reporoofs for discipline ; ׳ת חיים ‎ 15:31 reproof that giveth life ; תוכחוֺת אישׁ ‎ 29:1 man of reproofs (who deserves them). 3 correction, reb"
doeth,does,8,review-only,review,Review name-etymology use against live Sefaria before applying a global replacement,"{""doeth"": 8}",{},"H1115 | H1115. bilti | בֵּ֫לֶת | ; Exod 8:18 ; 8:25 ; 9:17 ; Lev 18:30 ; 20:4 ; 26:15 ; Deut 8:11 ; 17:12 the man that doeth presumptuously שְׁמֹעַ לְבִלְתִּי ‎ so as not to hearken etc. (compare Jer 16:12 ; 17:

H1580 | H1580. gamal | גָּמַל | ); — 1. a. deal out to, do to , with 2 accusative רָע וְלֹא טוֺב גְּמָלַתְהוּ ‎ she doeth him good and not evil Prov 31:12 ; הָֽרָעָה גְּמַלְתִּיךָ וַאֲנִי הַטּוֺבָה גְּמַלְתַּנִי

H1768 | H1768. di | דִּי | ; 5:1 +; according to 4:32 עָכֵד מִצְבְּיֵהּ וּכְּ ‎ and according to his will he doeth, Ezra 6:9 , 18 +; about (as Biblical Hebrew 1a: compare Zinjirli Lzb 444 [ ן ‎]

H1992 | H1992. hem | הֵ֫מָּה | buildings) are the temple of ׳י ‎; and in the feminine, Leviticus 5:22 of all that a man doeth to sin בָּהֵנָּה ‎ therein , 1Chr 21:10 מֵהֵנָּה ‎ (|| 2Sam 24:12 מֵהֶם ‎)

H2398 | H2398. chata | חָטָא | עשׂה אשׁר בארץ צדיק אין אדם כי ‎ Eccl 7:20 for man there is none righteous in the earth who doeth good and sinneth not ; with לְ ‎, against God Gen 20:6 (E), 39:9 (J), Exod 32:33 ;

H2896 | H2896. towb | טוֺב | ons 1Sam 15:9 . 3 good = benefit: וְלֹארָֿע טוֺב גְּמָלַתְהוּ ‎ Prov 31:12 she doeth him good and not evil ; אַךְטֿוֺב צַדִּיקִים תַּאֲוַת ‎ 11:23 the desire of the righte

H4480 | H4480. min | מִןֿ | be a poor man in thy midst, אַחֶיךָ מֵאַחַר ‎ any one of thy brethren, Lev 4:2 b if he doeth מֵהֵ֫נָּה מֵאַחַת ‎ any one of these things, 5:13 ; Ezek 18:10 אָח וְעָשָׂה מֵאֵלֶ

H4480 | H4480. min | מִןֿ | :13 ; Ezek 18:10 אָח וְעָשָׂה מֵאֵלֶּה מֵאַחַד ‎ (where אח ‎ is a vox nihili ) and doeth aught of these things; 1Sam 14:45 if there shall fall אַרְצָה ראֹשׁוֺ מִשַּׂעֲרַת ‎ a"
covereth,covers,7,review-only,review,Review name-etymology use against live Sefaria before applying a global replacement,"{""covereth"": 7}",{},"H1293 | H1293. berakah | בְּרָכָה | he upright (the city is exalted) Prov 11:11 ; מורה יעטה ברכות גם ‎ yea, the early rain covereth with blessings Psa 84:7 compare Gen 49:25-26 , ברכותיכם את וארותי ‎ and I will curse

H3639 | H3639. kelimmah | כְּלִמָּה | | בּשֶׁת ‎ 30:3 ; 61:7 ; Psa 44:16 , subject of כִּסָּה ‎ Jer 3:25 our ignomity covereth us , so under figure of garment, after לָבַשׁ ‎ Psa 35:26 (+ חפר בושׁ, ‎ in v a ),

H3680 | H3680. kasah | כָּסָה | ers over the sea Hab 2:14 , compare לַיָּם ‎ Isa 11:9 ; (see Dr § 135. 7 Obs. ); love covereth over all sins Prov 10:12 ; God covereth over iniquity Nehemiah 3:37; people not to cover over

H3680 | H3680. kasah | כָּסָה | ַיָּם ‎ Isa 11:9 ; (see Dr § 135. 7 Obs. ); love covereth over all sins Prov 10:12 ; God covereth over iniquity Nehemiah 3:37; people not to cover over a guilty person Deut 13:9 ; + accusativ

H3874 | H3874. lut | לוּט | ing, עַלכָֿלהָֿעַמִּים מְּנֵיהַֿלּוֺט הַלּוֺט ‎ Isa 25:7 the surface of covering which covereth over all the peoples ׅ ‎ || הַנְּסוּכָה (מַסֵּכָה ‎. Hiph`il Imperfect envelop

H4473 | H4473. mimshach | מִמְשַׁח | expansion (then with Assyrian mašâhu , measure , Aramaic מְשַׁח ‎ id. , etc.) that covereth , after ᵑ9 ‎ cherub extentus (far-reaching wings), "" far-covering cherub ,"" Ew (Or "" um

H4473 | H4473. mimshach | מִמְשַׁח | -reaching wings), "" far-covering cherub ,"" Ew (Or "" umspannender ""); the anointed cherub that covereth , AV RV, so Hä. Co thinks gloss, and reads נְתַתִּיךָ אֶתכְּֿרוּב ‎; text dubious accordi"
seeth,sees,6,review-only,review,Review name-etymology use against live Sefaria before applying a global replacement,"{""seeth"": 6}",{},"H369 | H369. ayin | אַ֫יִן | . denying existence absolutely Isa 44:6 ; 47:10 רֹאָנִי אֵין ‎ there is none that seeth me, literally nought of one seeing me! עוֺד אֵין ‎ there is none else Deut 4:39 ; 1

H883 | H883. Beer | רֹאִי לַחַי בְּאֵר | רֹאִי לַחַי בְּאֵר ‎ proper name, of a location (literally well of the living One that seeth me ) ** לַחַי ‎ perhaps originally I. לְחִי ‎ jaw(-bone) ; on proper name, of a loca

H3376 | H3376. Yiriyyah | יִרְאִיָּיה֯ | ריב ‎. יִרְאִיָּיה ‎ proper name, masculine (read יִרְאִיָּה ‎; ׳י ‎ seeth ); — officer, Jeremiah's time, Jer 37:13-14 , Σαρουια ( ς ).

H7200 | H7200. raah | רָאָה | Gen 22:8 (E), compare absolute ׳י יִרְאֶה ‎ as proper name, of a location = ׳י ‎ seeth 22:14 a (E; ? read יֵרָאֶה ‎, compare v b, Niph`al and Di); רְאֻיוֺת ‎ Est

H7613 | H7613. seeth | שְׂאֵת | H7613. seeth שְׂאֵת ‎ noun feminine 1. exaltation, dignity . 2 swelling . 3 uprising ;

H8454 | H8454. tushiyyah | תּוּשִׁיָּה | ת לַיִשָׁרִים ׳יִצְמֹּן ‎; Micah 6:9 שֹׁמך יראה ותושׁיה ‎, i.e (si vera lectio) he that seeth (heedeth) thy name is well-advised (Ges § 155 , 2 b3; Dav:§ 29 e). — תֻּשִׁיָה ‎ Job 30"
speaketh,speaks,6,review-only,high,,"{""speaketh"": 6}",{},"H1942 | H1942. havvah | הַוָּה | וּוֺת ‎ Psa 5:10 +; — 1 desire (in bad sense) Micah 7:3 נַפְשׁוֺ הַוַּת דֹּבֵר ‎ speaketh the desire of his soul, Prov 10:3 רְשָׁעִים הַוַּת ‎, 11:6 ׳ה בֹּגְדִים ‎, Psa

H3477 | H3477. yashar | יָשָׁר | 3:9 pervert the right (literally twist that which is straight ); יְשָׁרִים דֹּבֵר ‎ speaketh right things Prov 16:13 , compare 2Kin 10:15 . (2) more commonly of men, in singular (ה)

H4448 | H4448. malal | מָלַל | scrapeth with his feet (making signs), etc., so De Now Str < Ew Wild from I. מלל ‎ that speaketh with his feet .

H4941 | H4941. mishpat | מִשְׁמָּט | b. of man: מ שֹׁמְרֵי ׳אַשְׁרֵי ‎ Psa 106:8 (|| צדקה ‎); the tongue of the wise speaketh ׳מ ‎ 37:30 ; so of thoughts ׳מ ‎ Prov 12:5 ; put on ׳מ ‎ as robe Job 29:14 ,

H5331 | H5331. netsach | נֵ֫צַח | n time: נ ׳משׁאות ‎ Psa 74:3 perpetual desolations ; ׳לנ יְדַבֵּר ‎ Prov 21:28 speaketh continually (?; see Toy); ׳עדנֿ ‎ Psa 49:20 unto the end (a long duration), so Job

H9009 | None | ה | but 'it is that which encompassed ,' 45:12 הַמְדַבֵּר מִּי ‎ my mouth is that which speaketh, Deut 3:21 הָראֹוֺת עֵינֶיךָ ‎ thine eyes were those which saw , 4:3 ; 8:18 ὅτι οὗ"
contendeth,contends,5,review-only,review,Review name-etymology use against live Sefaria before applying a global replacement,"{""contendeth"": 5}",{},"H3080 | H3080. Yehoyarib | יוֺיָרִיב יְהוֺיָרִיב, | r name, masculine ᵐ5 ‎ Ἰωιαρειβ , Ἰωαρειβ , Ἰωαρειμ , etc. ( ׳י ‎ pleadeth , or contendeth ) — 1 name of a priestly family ׳יְהוֺ ‎ 1Chr 9:10 ; 24:7 = ׳יוֺ ‎ Neh 11:

H3379 | H3379. Yarobam | יָָֽרָבְעָם | and others; compare also Gray Prop.N. 59; Ency. Bib. i. 139 f. ; > √ ריב ‎ the people contendeth or ( the god ) 'Amm contendeth Nbr Stud. Bib. i. 225 , compare Che JQ July, 1899, 559; Ency

H3379 | H3379. Yarobam | יָָֽרָבְעָם | Prop.N. 59; Ency. Bib. i. 139 f. ; > √ ריב ‎ the people contendeth or ( the god ) 'Amm contendeth Nbr Stud. Bib. i. 225 , compare Che JQ July, 1899, 559; Ency. Bib. ); — 1 90 (Kings Chro

H3402 | H3402. Yarib | יָרִיב | H3402. Yarib יָרִיב ‎ proper name, masculine ( he contendeth or taketh (our) part, conducteth (our) case ; compare Sabean ירב ‎ Hal 615 ); —

H3478 | H3478. Yisrael | יִשְׂרָאֵל | nd of a people Israel ( El persisteth, persevereth (or jussive Let El persist ) [usually contendeth (Nes Eg.60 ff. ) or Let El contend (Gray Prop. N. 218 ), but see Dr Hast. DB JACOB 530 ]; o"
melteth,melts,5,review-only,high,,"{""melteth"": 5}",{},"H1749 | H1749. donag | דּוֺנַג | t theophany hills melt like wax 97:5 ; like wax before fire Micah 1:4 ; wicked perish as wax melteth before fire Psa 68:3 ; heart melteth like wax 22:15 (simile of fear, despair). On ׳ד ‎

H1749 | H1749. donag | דּוֺנַג | ; like wax before fire Micah 1:4 ; wicked perish as wax melteth before fire Psa 68:3 ; heart melteth like wax 22:15 (simile of fear, despair). On ׳ד ‎ in 118:12 compare Bae Che critical

H3820 | H3820. leb | לֵב | s wounded Psa 109:22 dies within one out of fear 1Sam 25:37 etc.; נמס לב ‎ the heart melteth (in fear) 2Sam 17:10 ; Psa 22:15 ; Ezek 21:12 ; Nahum 2:11 . 10 seat of courage :

H3824 | H3824. lebab | לֵבָב | 1:4 , astonishment Deut 28:28 , anger 19:6 , hate Lev 19:16 (H); ל ׳ימּס ‎ the heart melteth Deut 20:8 ; Josh 2:11 ; 5:1 ; 7:5 (all D) Isa 13:7 ; 19:1 ; ל ׳המס ‎ Deut 1:28

H6440 | H6440. panim | מָּנֶה | ני ‎ at the presence of ׳י ‎, Isa 63:19 ; Jer 4:26 ; Nahum 1:5 ; Psa 68:3 as wax melteth אשׁ מפני ‎; Deut 20:19 ; Isa 19:1 ; 26:17 מפניך היינו כן ‎ so were we through th"
spreadeth,spreads,5,review-only,high,,"{""spreadeth"": 5}",{},"H1852 | H1852. doq | דֹּק | n [masculine] veil, curtain (as thin), שָׁמַיִם כַּדֹּק הַנּוֺטֶה ‎ Isa 40:22 he who spreadeth out, like a veil, the heavens .

H3947 | H3947. laqach | לָקַח | ֺר וַיִּקָּחֶהָ ‎ Judg 19:28 ; compare יִקָּחֵהוּ כְּנָפָיו יִפְרשֹׁ ‎ Deut 32:11 he spreadeth his wings, he taketh him up. 6 = fetch: מְעַטמַֿיִם לִי קְחִינָֿא ‎ 1Kin 17:10

H5920 | H5920. al | עָ֑ל עַל, | in (or down ) upon Exod 14:13 ; Job 12:14 ; Ezek 13:5 ; Job 13:27 ; 26:9 ; 36:30 he spreadeth his light עָלָיו ‎ about him. b. Of what rests heavily upon a person, or is a bur

H7502 | H7502. raphad | רָפַד | .); — Qal Imperfect 3masculine singular יִרְמַּד ‎ Job 41:22 he (the crocodile) spreadeth a threshing-sledge upon the mud (leaves marks upon it from his scales). Pi`el Perfect 1s

H7554 | H7554. raqa | רָקַע | stantive construct (Ges § 65d ) הָאָרֶץ רֹקַע ‎ (i.e. ׳י ‎) he that (beateth out) spreadeth out the earth Isa 42:5 , ׳הַא רֹקַע ‎ 44:24 , הָא ׳רוֺקַע ‎ Psa 136:6 . Pi`el"
walketh,walks,5,review-only,review,Review name-etymology use against live Sefaria before applying a global replacement,"{""walketh"": 5}",{},"H1980 | H1980. halak | הָלַךְ | f moral and religious life; יְיַשֶּׁרלָֿ֑כֶת ‎ Prov 15:21 he maketh straight to walk (walketh straight, upright); particular a. walk in ( בְּ ‎) ways (counsels, statutes, etc.)

H1980 | H1980. halak | הָלַךְ | den ; of God ( El ) יִתְהַלָּ֑ךְ שָׁמַיִם וְחוּג ‎ Job 22:14 and the vault of heaven he walketh; walk about in front of ( לִפְנֵי ‎) Est 2:11 ; attend, follow , of retainers אֲדֹנִ

H1980 | H1980. halak | הָלַךְ | לֶם ‎ Psa 39:7 in appearance (semblance , literally image compare Che critical note .) walketh a man ; also אֶתְהַלֵךְ קֹדֵר לָמָּה ‎ 43:2 (compare Qal 42:10 , Pi`el 38:7 ; Jo

H1980 | H1980. halak | הָלַךְ | 6:3 I have walked in thy faithfulness ; צַדִּיק ׳מִתְה בְּתֻמּוֺ ‎ Prov 20:7 he that walketh justly in his (own) integrity ; ׳אֶתְה בֵּיתִּי בְּקֶרֶב בְּתָםלְֿבָבִי ‎ Psa 101:2 ;

H1980 | H1980. halak | הָלַךְ | יָבִינוּ וְלֹא יָָֽדְעוּ לֹא ‎); of their exposure יִתְה ׳עַלשְֿׁבָכָה ‎ Job 18:8 he walketh on net-work , (snare, compare שׂבכה ‎; || בְּרַגְלָיו בְּרֶשֶׁת שֻׁלַּח ‎); especially"
delighteth,delights,4,review-only,high,,"{""delighteth"": 4}",{},"H2657 | H2657. Chephtsi | חֶפְצִיבָֿהּ | figurative name of Zion Isa 62:4 , here explained by בָּךְ יהוה חפץ כִּי ‎ for Yahweh delighteth in thee .

H3366 | H3366. yeqar | יְקָר | ‎ 8:16 ; בִּיקָרוֺ חָפֵץ הַמֶּלֶךְ אֲשֶׁר (הָ)אִישׁ ‎ the man in whose honour the king delighteth 6:6-7 , 9 (twice in verse); 6:11 . [ יְקָר ‎] noun masculine Dan 2:6 honour

H5315 | H5315. nephesh | נֶ֫פֶשׁ | Job 7:15 ; נ ׳מאנה ‎ my soul, refuseth 6:7 ; Psa 77:3 ; ׳נ חפצה ‎ their soul delighteth in Isa 66:3 ; ׳נ רצתה ‎ my soul delighteth in 42:1 ; (all perhaps emotional, 6b, d,

H5315 | H5315. nephesh | נֶ֫פֶשׁ | :7 ; Psa 77:3 ; ׳נ חפצה ‎ their soul delighteth in Isa 66:3 ; ׳נ רצתה ‎ my soul delighteth in 42:1 ; (all perhaps emotional, 6b, d, g ). 9 נפשׁ ‎ = character is still more du"
increaseth,increases,4,review-only,review,Review name-etymology use against live Sefaria before applying a global replacement,"{""increaseth"": 4}",{},"H555 | H555. omets | אֹ֫מֶץ | ine] strength , figurative אֹ֑מֶץ יֹסִיף טֳהָריָֿדַיִם ‎ Job 17:9 the clean of hands increaseth strength.

H3379 | H3379. Yarobam | יָָֽרָבְעָם | oper name, masculine Jeroboam , Ιεροβοαμ (probably = יָרֹב ‎ + עַם ‎ the people increaseth Thes Kit 1Kin 11:26 and others; compare also Gray Prop.N. 59; Ency. Bib. i. 139 f. ; > √

H3948 | H3948. leqach | לֶ֫קַח | teaching-power, persuasiveness , ל יוֺסִיף שְׂפָתַיִם ׳מֶתֶק ‎ 16:21 sweetness of lips increaseth persuasiveness (see מתק ‎), לֶקַח יוֺסִיף שְׂפָתָיו וְעַל ‎ 16:23 ; in bad sense, o

H9005 | None | ל | n 15:13 לכם לא כארץ ‎, Jer 5:19 ; Prov 26:17 ; Hab 1:6 , poetic even alone, 2:6 who increaseth לוֺ לֹא ‎ (that which is) not his , Job 18:15 לוֺ בְּלִי ‎, 39:16 לְאֹלָהּ"
keepeth,keeps,4,review-only,review,Review name-etymology use against live Sefaria before applying a global replacement,"{""Keepeth"": 1, ""keepeth"": 3}",{},"H539 | H539. aman | אָמַן | compare Arabic be faithful , trust in , be secure ); Psa 31:24 faithful ones ׳י ‎ Keepeth , י נֹצֵר ׳אֱמוּנִים ‎; but ׳א ‎ is here taken by ᵐ5 ‎ Ri De Che as abstract no

H571 | H571. emeth | אֱמֶת | 3 ; י ארחות ׳כל ואמת חסד ‎ 25:10 ; the faithfulness of God endureth for ever 117:2 ; he keepeth it for ever 146:6 ; it reacheth unto the skies 57:11 ; 108:5 ; it is shield & buckler 91:4

H6822 | H6822. tsaphah | צָפָה | n which looketh toward ( מְּנֵי ‎) Damascus; feminine צוֺפִיָּה ‎ Prov 31:27 she keepeth watch of (with accusative); plural וְטוֺבִים רָעִים צֹפוֺת י ׳עֵינֵי ‎ 15:3 ; elsewhere

H6979 | H6979. qur | קַוְקָו | or keep cool: Perfect 3feminine singular הֵקֵ֫רָה ‎, figurative, Jer 6:7 b Jerusalem keepeth her wickedness cool , fresh; Infinitive construct metaplastic הָקִיר ‎ (Ges § 67v )"
kindleth,kindles,4,review-only,high,,"{""kindleth"": 4}",{},"H2003 | H2003. hemes | הֶ֫מֶס | RV; some such meaning probably from context) הֲמָסִים אֵשׁ כִּקְדֹהַ ‎ Isa 64:1 as fire kindleth brushwood (VB). המר ‎ (√ of following; compare Arabic pour, pour out ).

H5315 | H5315. nephesh | נֶ֫פֶשׁ | ‎is || לב ‎, compare 10. b. תְּלַהֵט גֶּחָלִים נַפְשׁוֺ ‎ Job 41:13 his breath kindleth coals (of the crocodile).The piece is one of the latest in the book; primitive meaning hardly

H5315 | H5315. nephesh | נֶ֫פֶשׁ | ontext favours reference to passion or fury ; perhaps below 6f , his passion or fury kindleth coals. c. הַנֶּפֶשׁ בָּתֵּי ‎ Isa 3:20 perfume boxes ; meaning evident from context

H9009 | None | ה | water Psa 42:2 ; כָּאֵשׁ ‎ Isa 9:17 , but יער תבער כְּאֵשׁ ‎ like fire ( that ) kindleth a wood Psa 83:15 ; כֶעָשָׁן ‎ Isa 51:6 , but מֵאֲרֻבָּה כְּעָשָׁן ‎ like smoke fro"
leadeth,leads,4,review-only,review,Review name-etymology use against live Sefaria before applying a global replacement,"{""leadeth"": 4}",{},"H389 | H389. ak | אַךְ | e is God! Psa 62:2 etc. Job 14:22 ; Psa 37:8 fret not thyself לְהָרֵעַ אַךְ ‎ (which leadeth) only to do evil, Prov 11:24 he that withholdeth more than is meet לְמַחְסוֺר אַךְ ‎

H1980 | H1980. halak | הָלַךְ | sative of person + apposition; שׁוֺלָ֑ל יוֺעֲצִים מוֺלִיךְ ‎ Job 12:17 he ( ׳י ‎) leadeth away counsellors despoiled compare 12:19 ; of Yahweh's judgment on the wicked Psa 125:5

H5117 | H5117. nuach | נוּחַ | o, with suffix, Isa 63:14 (si vera lectio; Vrss Lo Ew Brd Che Hpt read תַּנְחֶנּוּ ‎, leadeth him , √ נחה ‎); (2) of freedom from enemies, 28:12 ; 2Chr 14:5 ; + מִכָּלאֿיבים ‎

H7686 | H7686. shagah | שָׁגָה | ffix תַּשְׁגֵּנִי ‎, with מן ‎ of God's commands Psa 119:10 ; + perhaps Job 12:23 leadeth nations astray ( ᵐ5 ‎ SvrVer, i.e. וַיַּשְׁגֵּם ‎ for וַיַּנְחֵם ‎)."
longeth,longs,4,review-only,review,Review name-etymology use against live Sefaria before applying a global replacement,"{""longeth"": 4}",{},"H3700 | H3700. kasaph | כָּסַף | long ; 3 masculine singular לִטְרֹ֑ף יִכְסוֺף כְּאַרְיֵה ‎ Psa 17:12 like a lion that longeth to rend. Niph`al Perfect 2masculine singular + Infinitive absolute אָבִיךָ לְבֵית נ

H3700 | H3700. kasaph | כָּסַף | use; Perfect 3feminine singular י לְחַצְרוֺת נַפְשִׁי ֗֗֗ ׳נִכְסְפָה ‎ Psa 84:4 my soul longeth . . . . for the courts of ׳י ‎; Perfect 3masculine singular נִכְסָ֑ף לֹא הַגּוֺי ‎

H4941 | H4941. mishpat | מִשְׁמָּט | ךָ ‎ Deut 33:10 +, etc.; — 1 judgment: a. act of deciding a case: ׳מ ‎ be-longeth to God Deut 1:17 , is from him Prov 16:33 ; 29:26 ; הַמּ ׳אֱלֹהֵי ‎ Mal 2:17 ; מ ׳

H9009 | None | ה | ‎ 41:2 ; כָּאַיָּל ‎ 35:6 , but, וג על תַּעֲרֹג ׳כְּאַיָּל ‎ like a hind (that) longeth for streams of water Psa 42:2 ; כָּאֵשׁ ‎ Isa 9:17 , but יער תבער כְּאֵשׁ ‎ like f"
openeth,opens,4,review-only,review,Review name-etymology use against live Sefaria before applying a global replacement,"{""openeth"": 4}",{},"H2706 | H2706. choq | חֹק | h 7:11 ; of time Job 14:5 , 13 ; so חֹ֑ק לִבְלִי פִיהָ מָּֽעֲרָה ‎ Isa 5:14 Sh®°ôl openeth wide her mouth, without limit . 6 enactment, decree, ordinance of either God or man:

H3316 | H3316. Yiphtach | יִפְתָּח | . Yiphtach יִפְתָּח ‎ proper name 1. masculine Jephthah , Ιεφθαε ( he [God] openeth ); — Judg 11:1 (twice in verse) + 26 t. 11, 12, 1Sam 12:11 . 2. location in the שְׁפֵ

H3317 | H3317. Yiphtach | יִפְתַּחאֵֿל | H3317. Yiphtach -el יִפְתַּחאֵֿל ‎ proper name, of a location ( God openeth ; compare Sabean proper name, masculine יפתחאל ‎ Hal 148, l ); — in ׳גֵּייִפ ‎ ( Γαφα

H6601 | H6601. pathah | מָּתָה | a 7:11 silly dove ; שְׂפָתָיו מֹּתֶה ‎ Prov 20:19 one foolish as to his lips (most, openeth wide his lips ). 2 be enticed, deceived Deut 11:16 ; Job 31:27 . Niph`al Perfect"
produceth,produces,4,review-only,high,,"{""produceth"": 4}",{},"H2342 | H2342. chuwl | חוּל | 8 of north wind bringing forth rain Prov 25:23 ; כִּ֑ל מְחוֺלֵל רַב ‎ 26:10 a master produceth everything (on transitive see VB; Ew and others derive from חלל ‎ wound ). 3 wait

H4330 | H4330. mits | מִיץ | ַּיִם וּמ חֶמְאָה יוֺצִיא חָלָב דָ֑ם׳מִיץ יוֺצִיא אַֿף ‎ Prov 30:33 the squeezing of milk produceth curd (see Thomson Land and Book, Centr. Pal. 456 Rob BR i. 485 ; ii. 418), and the squeezin

H4330 | H4330. mits | מִיץ | omson Land and Book, Centr. Pal. 456 Rob BR i. 485 ; ii. 418), and the squeezing of the nose produceth blood , and (so) the squeezing of anger (i.e. pressure, insistence) produceth strife .

H4330 | H4330. mits | מִיץ | g of the nose produceth blood , and (so) the squeezing of anger (i.e. pressure, insistence) produceth strife . מִישׁ ‎ see מושׁ ‎."
seeketh,seeks,4,review-only,review,Review name-etymology use against live Sefaria before applying a global replacement,"{""seeketh"": 4}",{},"H2450 | H2450. chakam | חָכָם | is silent 17:28 ; hearkens to counsel 12:15 ; hears and increases in learning 1:5 ; his ear seeketh knowledge 18:15 ; he receives it 21:11 ; and stores it up 10:14 ; his ears hearken to the r

H2620 | H2620. chasah | חָסָה | se seeking refuge (in thee); צדיק במותו חסה ‎ Prov 14:32 a righteous man in his death seeketh refuge (in Yahweh), י ׳בשׁם ‎ Zeph 3:12 , כנפיךָ בצל ‎ in the shadow of thy wings

H4805 | H4805. meri | מְרִי | מֶ֑רִיאל תהי ‎ be not a rebellious person 2:8 ; רע יבקּשׁ מרי אך ‎ a rebellious man seeketh only evil Prov 17:11 .

H7291 | H7291. radaph | רָדַף | :15 Bu (for תִּרְדֹּף ‎); Participle אֶתנִֿרְדָּ֑ף יְבַקֵּשׁ ׳א ‎ Eccl 3:15 God seeketh the pursued (i.e. what has disappeared, is past, but dubious). Pi`el Perfect 3feminine s"
taketh,takes,4,review-only,review,Review name-etymology use against live Sefaria before applying a global replacement,"{""taketh"": 4}",{},"H413 | H413. el | אֶל | ly (si vera 1.) = even: 5:5 יִקָּחֵהוּ וְאֶלמִֿצִּגִּים ‎ and even out of thorns he taketh it. Sometimes pregnant, as Isa 66:17 ; Jer 41:7 אֶל זָנָה ‎ commit whoredom (by going)

H3402 | H3402. Yarib | יָרִיב | H3402. Yarib יָרִיב ‎ proper name, masculine ( he contendeth or taketh (our) part, conducteth (our) case ; compare Sabean ירב ‎ Hal 615 ); — 1 son of S

H3947 | H3947. laqach | לָקַח | g 19:28 ; compare יִקָּחֵהוּ כְּנָפָיו יִפְרשֹׁ ‎ Deut 32:11 he spreadeth his wings, he taketh him up. 6 = fetch: מְעַטמַֿיִם לִי קְחִינָֿא ‎ 1Kin 17:10 fetch me, pray, a lit

H5324 | H5324. natsab | הֻצַּב | ; 18:14 (E), Num 23:6 , 17 (JE); Amos 7:7 ; 9:1 ; Prov 8:2 ; of ׳י ‎ Isa 3:13 taketh his stand to plead ; with ב ‎ location Exod 5:20 ; Psa 82:1 (of God), compare Num 22:"
trembleth,trembles,4,review-only,high,,"{""trembleth"": 4}",{},"H1320 | H1320. basar | בָּשָׂר | רִי ‎ apart from my body , in disembodied state Job 19:26 ; בשׂרי מפחדך סמר ‎ my body trembleth for fear of thee Psa 119:120 . 3 make organ of Generation (euphemism): עָרְלַתְכֶם

H5315 | H5315. nephesh | נֶ֫פֶשׁ | f soul Isa 19:10 ; נ ׳תבכה ‎ my soul shall weep Jer 13:17 ; ׳נ ירעה ‎ his soul trembleth Isa 15:4 ; נ ׳צרת ‎ distress of soul Gen 42:21 (E). d. joy: ׳נ תגיל ‎ m

H6343 | H6343. pachad | מַּ֫חַד | ; 2Chr 14:13 ; 17:10 , so ׳פ אֱהִֹים ‎ 20:29 , with suffix Job 13:11 ; Psa 119:120 trembleth for dread of thee ; with Genitive object Israel, Deut 2:25 (|| יִרְאָה ‎), 11:25 (||

H7460 | H7460. raad | רָעַד | ); — Qal Imperfect 3feminine singular וַתִּרְעָ֑ד ‎ Psa 104:32 and it (the earth) trembleth at the gaze of ׳י ‎, in theoph. Hiph`il Participle מַרְעִיד עָמַדְתִּי ‎ Dan"
turneth,turns,4,review-only,high,,"{""turneth"": 4}",{},"H310 | H310. achar | אַחַר | אַחֲרַי ‎ adjective Prov 28:23 (si vera lectio) אַחֲרַי אָדָם ‎ a man that turneth backwards (compare Jer 7:24 ) so JosKi De Ol p. 429 (doubtfully) Now Sta § 301 b : according

H1980 | H1980. halak | הָלַךְ | are (with different order) of wind, Eccl 1:6 goeth ( הוֺלֵךְ ‎) toward the south, and turneth about ( סוֺבֵב ‎) unto the north, the wind turneth about and about continually ( הָרוּ

H1980 | H1980. halak | הָלַךְ | הוֺלֵךְ ‎) toward the south, and turneth about ( סוֺבֵב ‎) unto the north, the wind turneth about and about continually ( הָרוּחַ הוֺלֵךְ סֹבֵב סוֺבֵב ‎); of sea וְסֹעֵר הוֺלֵךְ

H5848 | H5848. ataph | עָטַף | sculine singular יַעֲטֹף ‎ turn aside (so Ew Di De Bae Kau and others), Job 23:9 he turneth aside to the right ( יָמִין ‎; || בַּעֲשׂתוֺ שְׂמאֹול ‎), read probably 1 singular"
bringeth,brings,3,review-only,high,,"{""bringeth"": 3}",{},"H369 | H369. ayin | אַ֫יִן | abite אן ‎, Assyrian iânu ). 1 Isa 40:23 לְאָ֑יִן רוֺזְנִים הַנּוֺתֵן ‎ who bringeth princes to nothing ; כְּאַיִן ‎ as nothing , ib. 40:17 ; 41:11-12 , Hag 2:3 ; Psa 3

H3318 | H3318. yatsa | יָצָא | Job 38:32 ; see also אוֺר יֹצִא וְתַעֲלֻמָה ‎ 28:11 and hidden things he (the miner) bringeth forth tolight. i. bring forth by miracle: Moses. water out of rock Num 20:8 , 10 (JE

H3574 | H3574. kosharah | כּוֺשָׁרָה | inine prosperity (compare id. ). Only plural intensive בַּכּוֺשָׁר֑וֺת ‎ Psa 68:7 he bringeth out captives into prosperity."
dieth,dies,3,review-only,high,,"{""dieth"": 3}",{},"H2522 | H2522. chalash | חָלַשׁ | :10 ; Participle חוֺלֵשׁ ‎ Isa 14:12 ; 1 ויח ימות ׳וגבר ‎ Job 14:10 but man dieth and is prostrate. 2 disable, prostrate , followed by accusative of person Exod 17:13 (

H5036 | H5036. nabal | נָבָל | ous end, נ ׳הַכְּמוֺת אבנר ימות ‎ 2Sam 3:33 was Abner (destined) to die, as a ׳נ ‎ dieth ? of the man who amasses riches unjustly נבל יהיה ובאחריתו ‎ Jer 17:11 i.e. will prove

H9008 | None | הֶ הַּ , הַ, הֲ, | זוּלַי ‎ Gen 24:5 ; after אִם ‎ Job 14:14 הֲיִחְיֶה גֶּבֶר יָמוּת אִם ‎ a man dieth, shall he live ? Occasionally, one or more words precede הֲ ‎ (in the same clause) for sp"
endureth,endures,3,review-only,review,Review name-etymology use against live Sefaria before applying a global replacement,"{""endureth"": 3}",{},"H571 | H571. emeth | אֱמֶת | 85:11 ; 89:15 compare 43:3 ; י ארחות ׳כל ואמת חסד ‎ 25:10 ; the faithfulness of God endureth for ever 117:2 ; he keepeth it for ever 146:6 ; it reacheth unto the skies 57:11 ; 108:5 ;

H5973 | H5973. im | עִם | . g. Of time , = as long as , Psa 72:5 שׁמשׁ עם יִירָאוּךָ ‎ as long as the sun endureth (compare Aramaic Daniel 3:33; Dan 4:31 ; also see Amos. i. 15, 16 cum sole et luna sempe

H6666 | H6666. tsedaqah | צְדָקָה | ; 98:2 ; 145:7 ; also צ ׳יִוָּדַע ‎ 88:13 ; לָעַד ׳צ עֹמֶדֶת ‎ his righteousness endureth for ever 111:3 ; compare 119:142 . b. of people , = prosperity , || עשׁר הון, ‎"
falleth,falls,3,review-only,high,,"{""falleth"": 3}",{},"H337 | H337. i | אִי | לוֺ אִי ‎ (written in ᵑ0 ‎ as one word) alas for him (Ew § 309 c ), the one, who falleth, etc. (i.e. who falleth alone) 10:16 .

H337 | H337. i | אִי | n in ᵑ0 ‎ as one word) alas for him (Ew § 309 c ), the one, who falleth, etc. (i.e. who falleth alone) 10:16 .

H4480 | H4480. min | מִןֿ | aught of (= any ) god, except Him; 19:19 dost thou perceive even one of them? 6:59 there falleth not even a single leaf (noun of individual meaning) without His knowing it. See further Thes"
feedeth,feeds,3,review-only,high,,"{""feedeth"": 3}",{},"H3684 | H3684. kesil | כְּסִיל | 10:23 ; his heart proclaimeth אִוֶּלָת ‎ 12:23 ; his mouth poureth it forth 15:2 , and feedeth on it 15:14 .

H7462 | H7462. ra | רָעָה | (|| id. ), 65:25 ; Jonah 3:7 ; Job 1:14 . b. figurative of idolater , Isa 44:20 he feedeth on ashes (accusative); compare Hosea 12:2 Ehpraimitic source feedeth on wind (acc); יִ

H7462 | H7462. ra | רָעָה | ter , Isa 44:20 he feedeth on ashes (accusative); compare Hosea 12:2 Ehpraimitic source feedeth on wind (acc); יִר כְסִילִים ׳מִּי אִוֶּלֶת ‎ Prov 15:14 (so Vrss Qr; Kt פני ‎ fo"
gathereth,gathers,3,review-only,review,Review name-etymology use against live Sefaria before applying a global replacement,"{""gathereth"": 3}",{},"H3343 | H3343. Yeqabtseel | קַבְצְאֵל | יְקַבְצְאֵל ‎] proper name, of a location in south of Judah ( gathering of El , or El gathereth , compare Sabean, of A‰tar , below √ above); — ׳ק ‎ Josh 15:21 ; 2Sam 23:20 = 1Chr

H6908 | H6908. qabats | קָבַץ | :11 one gathering by degrees; figurative יִק לוֺ׳לִבּוֺ אָֿוֶן ‎ Psa 41:7 his heart gathereth wickedness to itself. 2 usually with accusative of person gather, assemble , + ה ‎

H6908 | H6908. qabats | קָבַץ | g Micah 1:7 (+ מִן ‎), Isa 22:9 ; 62:9 ; Prov 28:8 ; מְקַבֵּץ אֵין ‎ none that gathereth Isa 13:14 (accusative omitted), Nahum 3:18 ( id. ), Jer 49:5 (followed by לַֹנּדֵד"
heareth,hears,3,review-only,review,Review name-etymology use against live Sefaria before applying a global replacement,"{""heareth"": 3}",{},"H2970 | H2970. Yaazanyahu | יַאֲזַנְיָ֫הוּ | H2970. Yaazanyahu or Yaazanyah יַאֲזַנְיָ֫הוּ ‎ proper name, masculine ( Yahweh heareth ) — so 2Kin 25:23 ; Ezek 8:11 ; יַאֲזַנְיָה ‎ Jer 35:3 ; Ezek 11:1 ; contracted (ו

H3458 | H3458. Yishmael | יִשְׁמָעֵאל | H3458. Yishmael יִשְׁמָעֵאל ‎ 48 proper name, masculine El heareth ; Sabean יסמעאל ‎ Hal 187 ; on from compare Lag BN 131 ); — 1 son of Abraham and Hag

H3460 | H3460. Yishmayah | יִשְׁמַעְיָ֫ה(וּׅ | H3460. Yishmayah or Yishmayahu יִשְׁמַעְיָ֫ה(וּׅ ‎ proper name, masculine ( ׳י ‎ heareth ); — Σαμαιας : 1 יָה ‎-, Gibeonite, one of David's heroes 1Chr 12:4 . 2 יָ"
lieth,lies,3,review-only,high,,"{""lieth"": 3}",{},"H1961 | H1961. hayah | הָיָה | e his tent had stood at first ; לִפְנֵיכֶם תִּהְיֶה וְהָאָרֶץ ‎ 34:10 and the land, it lieth before you ; compare Josh 19:1 ; Judg 7:1 , 8 ; Micah 5:6 ; 5:7 ; followed by עַל ‎

H2863 | H2863. chetheph | חֶ֫תֶף | ֶף ‎ noun [masculine] prey — only כְּחֶ ׳אַףחִֿיא תֶּאֱרֹב ‎ Prov 23:28 she also lieth in wait as for prey (said of strange woman).

H5203 | H5203. natash | נָטַשׁ | al וַיִּנָָּֽטְשׁוּ ‎ Judg 15:9 2 t.; — 1 be forsaken , Amos 5:2 she (Israel) lieth forsaken ( עַל ‎ location). 2 be loosened or loose (properly be let alone , left"
passeth,passes,3,review-only,high,,"{""passeth"": 3}",{},"H1767 | H1767. day | דַּי | ; 1Kin 14:28 (= 2Chr 12:11 ) 2Kin 4:8 ; Isa 28:19 עָבְרוֺ מִדֵּי ‎ as often as it passeth over, Jer 31:20 ; ( β ) followed by substantive, 48:27 בּוֺ דְבָרֶיךָ מִדֵּי ‎ as oft

H1980 | H1980. halak | הָלַךְ | עֲנַןבֹּֿקֶר ‎) simile of Israel's חסֶד ‎ Hosea 6:4 ; compare 13:3 like dew that passeth away ; so of עָנָן ‎ Job 7:9 וַיֵּלַ֑ךְכָּלָה עָנָן ‎; of rain לוֺ הָלַךְ חָלַף

H7307 | H7307. ruach | רוּחַ | J; see דִּין ‎ near the end). d. it departs at death: Psa 78:39 (Dr a wind that passeth away 2e ); רוּחִי חַיֵּי ‎ Isa 38:16 (Di principle of life ), Psa 146:4 ; especial"
putteth,puts,3,review-only,high,,"{""putteth"": 3}",{},"H2856 | H2856. chatham | חָתַם | | נָעוּל (גַּל) גַּן ‎); יַח כּוֺכָבִים ׳וּבְעַד ‎ Job 9:7 and about the stars he putteth a seal (|| of forbidding sun to rise). — תָּכְנִית חוֺתֵם אַתָּה ‎ Ezek 28:12 is obscu

H6031 | H6031. anah | עָנָה | — 1 be put down or become low , of song of triumph Isa 25:5 (others as Hiph`il he putteth down , || תַּכְנִיעַ ‎). 2 be depressed, downcast Isa 31:4 (of lion; || יֵחָ֑ת

H9004 | None | כ | t vulture, (that) stirreth up its nest, Job 9:26 ; 11:16 ; Isa 61:10 like the bride, who putteth on, etc., 62:1 יִבְעַר כְּלַמִּיד ‎ like a touch (that) burns (on the presence or abs"
sheweth,shows,3,review-only,high,,"{""sheweth"": 3}",{},"H530 | H530. emunah | אֱמוּנָה | צֶדֶק ‎ in human character א ׳יָפִיחַ צֶדֶק יַגִּיד ‎ who breatheth out faithfulness sheweth forth righteousness 12:17 ; compare1 Sam 26:23 ; Isa 59:4 ; Jer 5:1 ; יִחְיֶה בֶּאֱמוּ

H5414 | H5414. nathan | נָתַן | ey set forth, exhibit thy splendour; עֵינוֺ בַּכּוֺס יִתֵּן כִּי ‎ Prov 23:31 when it sheweth its sparkle in the cup . n. = pay, wages (accusative, + suffix), ׳נ שְׂכָרִי ‎ Gen 30

H5810 | H5810. azaz | עָזַז | masculine singular בְּפָנָיו רָשָׁע אִישׁ חֵעֵז ‎ Prov 21:29 a wicked man maketh firm ( sheweth boldness ) with his face ; so 3 feminine singular פָנֶיהָ הֵעֵ֫זָה ‎ 7:13 (Ges § 67dd"
sinneth,sins,3,review-only,review,Review name-etymology use against live Sefaria before applying a global replacement,"{""sinneth"": 3}",{},"H834 | H834. asher | אֲשֶׁר | & peculiar): Lev 4:22 יֶחֱטָא נָשִׂיא אֲשֶׁר ‎ in (case) that = when (or if ) a ruler sinneth ( 4:3 ; 4:13 ; Leviticus 4:37 אִם ‎), Num 5:29 (explained differently by Ew § 334 a ),

H2398 | H2398. chata | חָטָא | hr 21:8 , 17 ; Job 33:27 . Sin is universal: יחטא לא אשׁר אדם אין ‎ there is no man who sinneth not 1Kin 8:46 2Chr 6:36 , יחטא ולא טוב יעשׂה אשׁר בארץ צדיק אין אדם כי ‎ Eccl 7:20 f

H2398 | H2398. chata | חָטָא | יק אין אדם כי ‎ Eccl 7:20 for man there is none righteous in the earth who doeth good and sinneth not ; with לְ ‎, against God Gen 20:6 (E), 39:9 (J), Exod 32:33 ; Num 32:33 (both"
stirreth,stirs,3,review-only,high,,"{""stirreth"": 3}",{},"H4066 | H4066. madon | מָדוֺן | (|| ריב ‎); מ ׳שׁלּח ‎ let loose strife Prov 6:14 ; 16:28 ; מ ׳יְגָרֶה ‎ he stirreth up strife 15:18 ; 28:25 ; 29:22 ; note especially מִדְוָ֯נִים אִישׁ ‎ 26:21 = a con

H5782 | H5782. ur | עוּר | u, so, reading עוֺרַרְתִּיךְ ‎, Siegf; תְּע ׳שִׂנְאָה מְדָנִים ‎ Prov 10:12 hatred stirreth up strifes ; with accusative of weapon 2Sam 23:18 rouse, awaken , i.e. wield, brandish (+

H9004 | None | כ | relative clause, Deut 32:11 קִנִּי יָעִיר בַּנֶּשֶׁר ‎ like the great vulture, (that) stirreth up its nest, Job 9:26 ; 11:16 ; Isa 61:10 like the bride, who putteth on, etc., 62:1"
subverteth,subverts,3,review-only,high,,"{""subverteth"": 3}",{},"H386 | H386. ethan | אֵתָן אֵיתָן, | earth (but read probably with We הַאֲזִינוּ ‎), Job 12:19 יְסַלֵּף אֵיתָנִים ‎ he subverteth them that are firmly seated (i.e. men established in hereditary offices or dignities). Very

H5557 | H5557. salaph | סָלַף | opposed to תִּצֹּר ‎), 21:12 ; דַּרְכּוֺ תּ אָדָם ׳אִוֶּלֶת ‎ 19:3 a man's folly subverteth his way ; בֹגֵד דִּבְרֵי וַיְסַלֵּף ‎ 22:12 and he ( ׳י ‎) subverteth the affair

H5557 | H5557. salaph | סָלַף | an's folly subverteth his way ; בֹגֵד דִּבְרֵי וַיְסַלֵּף ‎ 22:12 and he ( ׳י ‎) subverteth the affairs of a treacherous man."
surroundeth,surrounds,3,review-only,high,,"{""surroundeth"": 3}",{},"H2049 | H2049. hathulim | הֲתֻלִֿים | ‎ noun [masculine] plural mockery ; — עִמָּדִי ה ׳אִםלֹֿא ‎ Job 17:2 truly mockery surroundeth me (De Di Da compare VB). מַהֲתַלּוֺת ‎ noun feminine plural deceptions ; — Isa

H2314 | H2314. chadar | חָדַר | only Qal Participle feminine singular לָהֶם הַחֹדֶ֫רֶת ‎ Ezek 21:19 that which surroundeth them (of the sword), — so ᵑ6 ‎ Thes Sm Co Da VB.

H9009 | None | ה | hich (Psalm 10 b) are more desirable than gold, 49:7 . (:6 b the iniquity of my aggressors surroundeth me), הַבֹּטְחִים ‎ who trust in their riches, etc., Gen 49:21 ; Isa 46:6 ; 51:20 ;"
acteth,acts,2,review-only,high,,"{""acteth"": 2}",{},"H898 | H898. bagad | בָּגַד | th accusative Psa 73:15 . d. with מִן ‎ pregnant, מֵרֵעָהּ אִשָּׁה בָּֽגְדָה ‎ acteth treacherously (in departing) from her friend Jer 3:20 . The participle is used Prov 2:22

H2102 | H2102. zud | זוּד זִיד, | olently , Exod 21:14 (JE) בְעָרְמָה לְהָרְגוֺ עַלרֵֿעֵהוּ אִישׁ יָזִד כִּי ‎ when a man acteth presumptuously against his neighbour to slay him ; usually against ׳י ‎; followed by fini"
aileth,ails,2,review-only,high,,"{""aileth"": 2}",{},"H3588 | H3588. ki | כִּי | thee עָלַי הֵבֵאתָ כִּי ‎ that thou hast brought upon me? 1Sam 22:8 ; Isa 22:1 what aileth thee, that thou art gone up, etc.? 22:16 ; 36:5 ; 52:5 ; Micah 4:9 ; Hab 2:18 ; followe

H4100 | H4100. mah | מָה | thou hast done ? (see זֶה ‎ 4d ). ( c ) מַהֿ לְּךָ ‎ what to thee ? i.e. what aileth thee ? or what dost thou want ? Gen 21:17 הָגָר מַהלָּֿךְ ‎; Josh 15:18 ; 2Sam 14:"
answereth,answers,2,review-only,high,,"{""answereth"": 2}",{},"H3714 | H3714. kaphis | כָּפִיס | out of the wall crieth out , ׳וְכ יַעֲנֶנָּה מֵעֵץ ‎ and a rafter out of the timber-work answereth it.

H5794 | H5794. az | עַז | ּ לֹא ‎); feminine plural as adverb accusative עַזּוֺת יַעֲנֶה ‎ Prov 18:23 the rich answereth fiercely ."
beareth,bears,2,review-only,high,,"{""beareth"": 2}",{},"H5107 | H5107. nub | נוּב | bsolute of righteous under figure of tree 92:15 ; יָנוּב כִּי חַיִל ‎ 62:11 if wealth beareth fruit ; Prov 10:31 חָכְמָה יָנוּב צַדִּיק מִּי ‎ beareth the fruit of wisdom. Po`l

H5107 | H5107. nub | נוּב | חַיִל ‎ 62:11 if wealth beareth fruit ; Prov 10:31 חָכְמָה יָנוּב צַדִּיק מִּי ‎ beareth the fruit of wisdom. Po`l. Imperfect יְנוֺבֵב ‎ Zech 9:17 , יְנ וְתִירוֺשׁ ׳בַּ"
beateth,beats,2,review-only,high,,"{""beateth"": 2}",{},"H7554 | H7554. raqa | רָקַע | active as substantive construct (Ges § 65d ) הָאָרֶץ רֹקַע ‎ (i.e. ׳י ‎) he that (beateth out) spreadeth out the earth Isa 42:5 , ׳הַא רֹקַע ‎ 44:24 , הָא ׳רוֺקַע ‎ Psa

H7554 | H7554. raqa | רָקַע | יְרַקְּעֶנּוּ בַּזָּהָב ‎ Isa 40:19 a goldsmith with gold over-layeth it (literally beateth it out 3masculine plural הַזָּהָב מַּחֵי אֶתֿ וַיְרַקְּעוּ ‎ Exod 39:3 they beat out t"
becometh,becomes,2,review-only,review,Review name-etymology use against live Sefaria before applying a global replacement,"{""becometh"": 2}",{},"H2254 | H2254. chabal | חָבַל | mos 2:8 garments taken in pledge. Niph`al Imperfect לוֺ יֵחָ֫בֶל ‎ Prov 13:13 becometh pledged to it (i.e. pledged to pay the penalty, opposed to יְשֻׁלָּ֑ם ‎), so Ew Hi De Now

H5036 | H5036. nabal | נָבָל | a 14:1 = 53:2 ; insulting God 74:22 , and God's servant 39:9 ; Prov 17:7 arrogant speech becometh not the (impious and presumptuous) fool (whose faults it only makes the more conspicuous),"
brandisheth,brandishes,2,review-only,review,Review name-etymology use against live Sefaria before applying a global replacement,"{""brandisheth"": 2}",{},"H3027 | H3027. yad | יָד | of God, to give a signal Isaiah 49:29; to rescue 10:12 . יָדוֺ יְנֹפֵף ‎ Isa 10:32 he brandisheth his hand (Assyrian, in defiance); יָדוֺ הֵנִיף ‎ 11:15 (of ׳י ‎ in judgment), com

H5130 | H5130. nuph | נוּף | , etc. Po`lel Imperfect 3masculine singular וגו הַר יָדוֺ ׳יְנֹפֵף ‎ Isa 10:32 he brandisheth his hand toward the mountain (on accusative הַר ‎ compare Ges § 118f . Da Synt. § 69, R"
careth,cares,2,review-only,review,Review name-etymology use against live Sefaria before applying a global replacement,"{""careth"": 2}",{},"H1875 | H1875. darash | דַּרְיוֺשׁ | seek with care, care for , אתהּ דֹּרֵשׁ אלהיך יהוה אשׁר ארץ ‎ land which Yahweh thy God careth for Deut 11:12 ; אֱלוֺהַּ אַליִֿדְרְשֵׁהוּ ‎ let not Eloah care for it Job 3:4 ; י

H1875 | H1875. darash | דַּרְיוֺשׁ | דָּֽרְשָׁה ‎ Prov 31:13 ; with לְ ‎ Jer 30:17 ; לְנַפְשִׁי דּוֺרֵשׁ אֵין ‎ no one careth for me Psa 142:5 ; but in both these לְ ‎ perhaps belongs to אֵין ‎, compare ||"
chooseth,chooses,2,review-only,high,,"{""chooseth"": 2}",{},"H4267 | H4267. machanaq | מַחֲנָק | g, suffocation , as a mode of death, נַפְשִׁי מַחֲנָק וַתִּבְחַר ‎ Job 7:15 and my soul chooseth strangling (|| מָוֶת ‎). חַנָּתֹן ‎ see sub. חִנן ‎

H5315 | H5315. nephesh | נֶ֫פֶשׁ | purpose Gen 23:8 (P) 2Kin 9:15 (or if it is your desire , 6a ); נ ׳בחרה ‎ my soul chooseth Job 7:15 ; נ ׳מאנה ‎ my soul, refuseth 6:7 ; Psa 77:3 ; ׳נ חפצה ‎ their soul"
cleaveth,cleaves,2,review-only,high,,"{""cleaveth"": 2}",{},"H1692 | H1692. dabaq | דָּבֵק דָּבַק, | 6 (as a judgment); so also in metaphor 44:26 בִּטְנֵנוּ לָאָרֶץ דָּֽבְקָה ‎ our belly cleaveth to the earth (|| נַפְשֵׁנוּ לֶעָפָר שָׁחָה ‎), 119:25 נַפְשִׁי לֶעָפָר דָּֽבְקָה ‎;

H5533 | H5533. sakan | סָכַן | s. 194); — Niph`al Imperfect 3masculine singular יִסָּכֶןבָּֿם ‎ Eccl 10:9 he that cleaveth (logs of) wood endangers himself by them . III. [ סָכַן ‎] verb (so most) be poor ,"
croucheth,crouches,2,review-only,high,,"{""croucheth"": 2}",{},"H1794 | H1794. dakah | דָּכָה | וְדָכָה ‎ consecutive by Rob-Ges Ol De and others, i.e. and he is crushed , or and he croucheth (Qr יִדְכֶּה ‎ Imperfect so AV RV he croucheth ); others read יָשֹׁחַ וְדָכֶה ‎ (

H1794 | H1794. dakah | דָּכָה | , i.e. and he is crushed , or and he croucheth (Qr יִדְכֶּה ‎ Imperfect so AV RV he croucheth ); others read יָשֹׁחַ וְדָכֶה ‎ (adjective intransitive or passive) and crushed he sinke"
cutteth,cuts,2,review-only,high,,"{""cutteth"": 2}",{},"H1214 | H1214. batsa | בָּצַע | בְּצַעַם ‎ = בְּזַעַם ‎ Hab 3:12 in wrath ); so figurative Job 27:8 when Eloah cutteth off, draweth out, his soul ; object omitted their course , i.e. stop Joel 2:8 (compare Hi-S

H2474 | H2474. challon | חַלּוֺן | 2 ; ׳מִןהֿח ‎ Song 2:9 ; windows of palace, חַלּוֺנָי(וׅ לוֺ קָרַע ‎ Jer 22:14 cutteth him out his windows ; of the gates of Ezekiel's temple Ezek 40:16 , 22 , 25 (twice in vers"
danceth,dances,2,review-only,high,,"{""danceth"": 2}",{},"H1670 | H1670. deabah | דְּאָבָה | dismay Job 41:14 דְּאָבָה תָּדוּץ וּלְפָנָיו ‎ and before him (i.e. the crocodile) danceth dismay .

H1750 | H1750. duts | דּוּץ | 730 ) — Qal Imperfect 3feminine singular דְּאָבָה תָּדוּץ ‎ Job 41:14 before him danceth dismay. דוק ‎ (? √ of following; meaning dubious compare Sm Ezek 4:2 Lag Ges. Abhand"
disguiseth,disguises,2,review-only,high,,"{""disguiseth"": 2}",{},"H5234 | H5234. nakar | נָכַר | e, misconstrue ; — Niph`al Imperfect יִנָּכֵר ‎ Prov 26:24 with his lips a hater disguiseth himself (dissembles, speaks what is foreign to his thought). Pi`el Perfect נִכַּר

H5643 | H5643. cether | סֵ֫תֶר | ‎ 2Sam 81:8 hiding-place of thunder ; of adulterer יָשִׂים ׳ס מָּנִים ‎ Job 24:15 i.e. disguiseth himself. 2. a. hidng-place , 1Sam 19:2 ; Isa 28:17 ׳ס הַמַּדְרֵגָה ‎ Song 2:14"
driveth,drives,2,review-only,high,,"{""driveth"": 2}",{},"H5127 | H5127. nus | נוּס | ack . Po`lel Perfect Isa 59:19 י ׳רוּחַ בּוֺ נֹסֲסָה ‎ the breath of ׳י ‎ driveth at it, driveth it on (compare Hiph`il 2 ). Hithpo`l. Infinitive construct מִמְּנֵי

H5127 | H5127. nus | נוּס | Perfect Isa 59:19 י ׳רוּחַ בּוֺ נֹסֲסָה ‎ the breath of ׳י ‎ driveth at it, driveth it on (compare Hiph`il 2 ). Hithpo`l. Infinitive construct מִמְּנֵי לְהִתְנוֺסֵס"
establisheth,establishes,2,review-only,review,Review name-etymology use against live Sefaria before applying a global replacement,"{""establisheth"": 2}",{},"H1162 | H1162. Boaz | בֹּ֫עַז | ύς ; Th thinks בעז יכין ‎ a sentence, one word being engraved on each pillar, he (God) establisheth in strength ; against him, however, Ke Be; Öttli thinks an exclamation, in strength ! expres

H3450 | H3450. Yesimiel | יְשִׂימִאֵל | H3450. Yesimiel [ יְשִׂימִאֵל ‎] proper name, masculine Simeonite ( El establisheth ); — ׳וִישׂ ‎ 1Chr 4:36 (van d. H. Gi; Baer וִישִׂימִיאֵל ‎); ᵐ5 ‎ L Ισμαηλ ."
exulteth,exults,2,review-only,high,,"{""exulteth"": 2}",{},"H5970 | H5970. alats | עָלַץ | עלז, ‎); — Qal Perfect 3masculine singular ׳ע בְּי ׳לִבִּי ‎ 1Sam 2:1 my heart exulteth in ׳י ‎; Imperfect 3masculine singular הַשָּׂדֶה יַעֲלֹץ ‎ 1Chr 16:32 the field

H5970 | H5970. alats | עָלַץ | in ׳י ‎; Imperfect 3masculine singular הַשָּׂדֶה יַעֲלֹץ ‎ 1Chr 16:32 the field exulteth ; compare 3 feminine singular קִרְיָה תַּעֲלֹץ ‎ Prov 11:10 (|| רנן ‎); 1 singular"
feareth,fears,2,review-only,review,Review name-etymology use against live Sefaria before applying a global replacement,"{""feareth"": 2}",{},"H3025 | H3025. yagor | יָגֹר | or [ יָגֹר ‎] verb be afraid, fear (Phoenician in proper name אשמן יגר ‎ = he feareth Eshmun ; Arabic metuens cavit , Frey Lag BN 26.30 ; compare III. גּוּר ‎) — Qal P

H3318 | H3318. yatsa | יָצָא | be able to escape ; perhaps also אֶתכֻּֿלָּם יֵצֵא אֱלֹהִים יְרֵא ‎ Eccl 7:18 he that feareth God shall escape (or be freed from , see De Hi-Now Mishna) all of them (see VB), — on accu"
formeth,forms,2,review-only,high,,"{""formeth"": 2}",{},"H3162 | H3162. yachad | יַ֫חַד | יָ֑חַד אציתנה ‎ I will burn it altogether , Psa 33:15 לִבָּם יַחַד הַיֹּצֵר ‎ who formeth the hearts of them all together , 74:6 ; 74:8 ; Job 10:8 סָבִיב יַחַד ‎ altogether

H9009 | None | ה | 33:15 (Psalm 14, he looketh forth from the place, &c.), לִבָּם יַחַד הַיֹּצֵר ‎ he that formeth , etc., 19:11 מִזָּהָב הַנֶּחֱמָדִים ‎ which (Psalm 10 b) are more desirable than g"
hurleth,hurls,2,review-only,high,,"{""hurleth"": 2}",{},"H2904 | H2904. tul | טוּל | oosely , expand ) — Pilpel Participle גָ֫בֶר טַלְטֵלָה מְטַלְטֶלְךָ ‎ Isa 22:17 hurleth thee violently. Hiph`il Perfect הֵטִיל ‎ Jonah 1:4 ; וְהֵטַלְתִּ֫י ‎ Jer 16

H2925 | H2925. taltelah | טַלְטֵלָה | טַלְטֵלָה ‎ noun feminine a hurling , Isa 22:17 , see above Pilpel , literally hurleth thee with a hurling , O man; read perhaps (Du), with a different word-division, הַגֶּבֶר טַ"
lifteth,lifts,2,review-only,review,Review name-etymology use against live Sefaria before applying a global replacement,"{""lifteth"": 2}",{},"H3356 | H3356. Yaqim | יָקִים | H3356. Yaqim יָקִים ‎ proper name, masculine ( he lifteth up ; compare Sabean proper name יהקם ‎ Hal 151 ); — Ιακειμ , A ( Deut 24:12 ) Ελιακειμ

H5130 | H5130. nuph | נוּף | וְאֶתמְֿרִימוֺ שֵׁבֶט כְּהָנִיף ‎ 10:15 (read אֶתֿ ‎) like a rod's wielding him that lifteth it .2. Shake or wave the hand; a. wave hand אֶלהַֿמָּקוֺם ‎ 2Kin 5:11 , in heal"
looketh,looks,2,review-only,high,,"{""looketh"": 2}",{},"H6822 | H6822. tsaphah | צָפָה | ק רָשָׁע֫ צוֺפֶה ‎ 37:32 a wicked man spieth upon the righteous ; Cant 7:5 the town which looketh toward ( מְּנֵי ‎) Damascus; feminine צוֺפִיָּה ‎ Prov 31:27 she keepeth watch o

H9009 | None | ה | larly when the article with the participle has a resumptive force, Psa 33:15 (Psalm 14, he looketh forth from the place, &c.), לִבָּם יַחַד הַיֹּצֵר ‎ he that formeth , etc., 19:11 מ"
loveth,loves,2,review-only,review,Review name-etymology use against live Sefaria before applying a global replacement,"{""loveth"": 2}",{},"H3605 | H3605. kol | כֹּל | it (the רֶכֶב ‎ collectively) = all of them , Isa 1:23 the whole of it (the people) loveth bribes, 9:16 ; 15:3 ; Jer 6:13 (twice in verse); 8:6 , 10 (twice in verse); 20:7 ; Ha

H5315 | H5315. nephesh | נֶ֫פֶשׁ | soul Psa 86:4 ; also 94:19 ; 138:3 ; Prov 29:17 . e. love: נ ׳אהבה ‎ my soul loveth Song 1:7 ; 3:1-2 , 3 , 4 ; נ ׳יְדִדוּת ‎ darling of my soul Jer 12:7 ; נ ׳דבקה"
panteth,pants,2,review-only,high,,"{""panteth"": 2}",{},"H6315 | H6315. puach | מּוּחַ | ff ; Bae לוֺ אֹמִּיעַ ‎ I will shine forth to him ); לַקֵּן ‎ Hab 2:3 the vision panteth (hasteth) towards the end (so most). 3 breathe out, utter , כְּזָבִים ‎ Prov 6:1

H7602 | H7602. sha | שָׁאַף | Jer 2:24 ; 14:6 ; construction praegn. שׁ ׳וְאֶלמְֿקוֺמוֺ ‎ Eccl 1:5 unto his place he panteth (comes panting), of sun under figure of racer. 2 gasp or pant with desire Psa 119:13"
persisteth,persists,2,review-only,review,Review name-etymology use against live Sefaria before applying a global replacement,"{""persisteth"": 2}",{},"H3478 | H3478. Yisrael | יִשְׂרָאֵל | . שׂרה ‎. יִשְׂרָאֵל ‎ 2507 proper name, masculine and of a people Israel ( El persisteth, persevereth (or jussive Let El persist ) [usually contendeth (Nes Eg.60 ff. ) or Let El

H8304 | H8304. Serayah | שְׂרָיָה(וּׅ | H8304. Serayah or Serayahu שְׂרָיָה(וּׅ ‎ proper name, masculine ( ׳י ‎ persisteth Dr Hast. DB. ii. 530 JACOB ); — usually Σαραια ( ς ); — שְׂרָיָה ‎: 1 secretary of"
poureth,pours,2,review-only,review,Review name-etymology use against live Sefaria before applying a global replacement,"{""poureth"": 2}",{},"H3684 | H3684. kesil | כְּסִיל | is his sport to do mischief 10:23 ; his heart proclaimeth אִוֶּלָת ‎ 12:23 ; his mouth poureth it forth 15:2 , and feedeth on it 15:14 .

H4845 | H4845. mererah | מְרֵרָה | ָה ‎] noun feminine gall ; only suffix מְרֵרָתִי לָאָרֶץ יִשְׁמֹּךְ ‎ Job 16:13 he poureth on the ground my gall (|| כִּלְיוֺתַי יְפַלַּח ‎), figurative of God's cruel treatment ("
raiseth,raises,2,review-only,review,Review name-etymology use against live Sefaria before applying a global replacement,"{""raiseth"": 2}",{},"H2210 | H2210. zaqaph | זָקַף | פִים וְזוֺקֵף ‎ Psa 145:14 (|| סוֺמֵךְ ‎); כְּפוּפִים זֹקֵף ‎ 146:8 ׳י ‎ raiseth up prostrate ones . [ זְקַף ‎] verb raise , lift up ( ᵑ7 ‎ Syriac; compare Bibli

H3079 | H3079. Yehoyaqim | יוֺקִים יוֺיָקִים, יְהוֺיָקִים, | וֺקִים יוֺיָקִים, יְהוֺיָקִים, ‎ proper name, masculine ᵐ5 ‎ Ἰωακειμ ( ׳י ‎ raiseth up ; compare אֶלְיָקִים ‎ & references; also יְקַמְיָה יָקִים, ‎ — 1 ׳יְהוֺ"
reacheth,reaches,2,review-only,review,Review name-etymology use against live Sefaria before applying a global replacement,"{""reacheth"": 2}",{},"H530 | H530. emunah | אֱמוּנָה | works Psa 33:4 ; commands 119:86 ; in affliction 119:75 ; in his oath to David 89:50 . it reacheth unto the skies 36:6 ; unto all Generations 100:5 ; 119:90 ; he will not belie it 89:34 . I

H571 | H571. emeth | אֱמֶת | 25:10 ; the faithfulness of God endureth for ever 117:2 ; he keepeth it for ever 146:6 ; it reacheth unto the skies 57:11 ; 108:5 ; it is shield & buckler 91:4 ; he is אמת אל ‎ 31:6 ="
reckoneth,reckons,2,review-only,high,,"{""reckoneth"": 2}",{},"H2803 | H2803. chashab | חָשַׁב | 8:15 (J), 1Sam 1:13 ; Job 19:15 ; 35:2 ; 41:24 ; so, figurative, of crocodile 41:19 he reckoneth iron as straw . 2 devise, plan, mean , with accusative רָעָה מַחֲשֶׁבֶת ‎ Ezek 38:10

H5315 | H5315. nephesh | נֶ֫פֶשׁ | think not in thy soul (or in thyself , compare 4b ); ׳בג שׁער כמו ‎ Prov 23:7 as he reckoneth in his soul (but RV in himself , compare 4b ); נ תאמר ׳מה ‎ 1Sam 20:4 (but AV RV fol"
regardeth,regards,2,review-only,review,Review name-etymology use against live Sefaria before applying a global replacement,"{""regardeth"": 2}",{},"H3045 | H3045. yada | יָדַע | 31:7 ; 37:18 ; so of Israel as chosen people Amos 3:2 ; Hosea 13:5 (Assyrian idûšu, God regardeth him, Hpt BAS i, 15 ) compare Gen 18:19 (J). 3 know a person carnally, of sexual inter

H5234 | H5234. nakar | נָכַר | y are not recognized . Pi`el Perfect לִפְנֵידָֿ֑ל שׁוֺע נִכַּר לֹא ‎ Job 34:19 he regardeth not the opulent above the poor (|| שָׂרִים מְּנֵי לֹאנָֿשָׂא ‎); Imperfect תְנַכֵּ֑רו"
rejoiceth,rejoices,2,review-only,review,Review name-etymology use against live Sefaria before applying a global replacement,"{""rejoiceth"": 2}",{},"H2898 | H2898. tub | טוּב | a 128:5 ; צַדִּיקִים בְּטוּב ‎ Prov 11:10 in the prosperity of the righteous the city rejoiceth. d. goodness of taste, discernment Psa 119:66 . 4 abstract, goodness of God: a

H5315 | H5315. nephesh | נֶ֫פֶשׁ | 15:4 ; נ ׳צרת ‎ distress of soul Gen 42:21 (E). d. joy: ׳נ תגיל ‎ my soul rejoiceth Psa 35:9 ; Isa 61:10 ; נ ׳שׂמּח ‎ rejoice the soul Psa 86:4 ; also 94:19 ; 138:3 ;"
reproacheth,reproaches,2,review-only,high,,"{""reproacheth"": 2}",{},"H1442 | H1442. gadaph | גָּדַף | man and man, (absolute) וּמְגַדֵּף מְחָרֵף קוֺל ‎ Psa 44:17 the voice of (him that) reproacheth and revileth . 2 blaspheme , followed by accusative ׳י ‎ Num 15:30 (P); 2Kin 19:2

H4480 | H4480. min | מִןֿ | :23 י מֵעַבְדֵי ׳מֶּןיֶֿשׁמֹּֿה ‎ Job 27:6 מִיָּמָ֑י לְבָבִי יֶחֱרַף לֹא ‎ my heart reproacheth not one of my days: with אִם ‎, etc. Exod 29:34 ; Lev 4:2 a (compare 4:22 ; 4:27 ),"
setteth,sets,2,review-only,review,Review name-etymology use against live Sefaria before applying a global replacement,"{""setteth"": 2}",{},"H3143 | H3143. Yoshibyah | יושִׁבְיָה | H3143. Yoshibyah יושִׁבְיָה ‎ proper name, masculine ( ׳י ‎ setteth, causeth to dwell ; compare Phoenician proper name ישבעל ‎ (? = ישבבעל ‎)) — a Simeo

H3857 | H3857. lahat | לָהַט | Isa 42:25 ; of crocodile (hyperb.), תְלַהֵ֑ט גֶּחָלִים נַפְשׁוֺ ‎ Job 41:13 his breath setteth coals ablaze ; absolute Joel 2:3 , figurative of devastation by locusts (subject לֶהָבָה"
sinketh,sinks,2,review-only,high,,"{""sinketh"": 2}",{},"H1794 | H1794. dakah | דָּכָה | cheth ); others read יָשֹׁחַ וְדָכֶה ‎ (adjective intransitive or passive) and crushed he sinketh down , compare VB Che; possible would be יִדָּכֶה ‎ Niph`al (|| יָשֹׁחַ ‎ and ונפל

H2842 | H2842. chashash | חֲשַׁשׁ | empt of Assyr.); construct יִרְמֶּה ׳ח לֶהָבָה ‎ 5:24 (|| קַשׁ ‎) as flaming chaff sinketh down (simile of perishing of heedless Judahites). חֻשָׁתִי ‎ see חושׁ ‎. חִתָּ"
snappeth,snaps,2,review-only,high,,"{""snappeth"": 2}",{},"H6782 | H6782. tsammim | צַמִּים | snare, trap (from || מַּח ‎ Job 18:9 ); — צ ׳וְשָׁאַף חֵילָם ‎ 5:5 and a snare snappeth at his wealth (so Bu Bev Jphil. xxvi. 304 f. ; Vrss Di Du and most modern צְמֵאִים ‎, or

H6962 | H6962. quwt | קוֺט | unt for יְקוֺט ‎ Job 8:14 , either as Qal Imperfect 3masculine singular whose hope snappeth ; or as noun [masculine] = fragile thing (|| עַכָּבִישׁ בֵּית ‎; compare Di Bu); pro"
stilleth,stills,2,review-only,high,,"{""stilleth"": 2}",{},"H268 | H268. achor | אָחוֺר | . בְּאָחוֺר ‎ Prov 29:11 , יְשַׁבְּחֶנָּה בְּאָחוֺר וְחָכָם ‎ Ges Hi but a wise man stilleth it ( רוּחַ ‎ anger) backwards (that is, when it would break forth), De in the backgroun

H7623 | H7623. shabach | שָׁבַח | th Lex .); — Pi`el Imperfect 3masculine singular sf יְשַׁבְּחֶ֑נָּה ‎ Prov 29:11 he stilleth it , i.e. רוּחוֺ ‎ his temper (Bi Toy read אַמּוֺ חָשַׁךְ ‎ ); 2 masculine singular"
striketh,strikes,2,review-only,high,,"{""striketh"": 2}",{},"H5367 | H5367. naqash | נָקַשׁ | , strike or bring down (a bird), and only figurative (Ecclus ינקש ‎ Ecclesiasticus 41:2c striketh against ( ב ‎; margin ונוקש ‎), so ב נוקש ‎ 13:2c; Late Hebrew knock, strike

H5367 | H5367. naqash | נָקַשׁ | WMM Asien u. Europa.123f. ); — Qal Participle נוֺקֵשׁ ‎ Psa 9:17 he ( ׳י ‎) striketh down the wicked (so Hup-Now De Che); Vrss Ol Ew Bae Kau We Buhl Lex read נוֺקַשׁ ‎, N"
teareth,tears,2,review-only,review,Review name-etymology use against live Sefaria before applying a global replacement,"{""teareth"": 2}",{},"H2963 | H2963. taraph | טָרַף | sa 50:22 ; subject wrath of God ( אַף ‎) conceived as assailing Job, Job 16:9 his wrath teareth and persecuteth me; compare וְיִרְמָּאֵנוּ טָרָ֖ף ‎ Hosea 6:1 subject ׳י ‎ (||

H3765 | H3765. kirsem | כִּרְסֵם | y Imperfect 3masculine singular suffix: — מִיָּ֫עַר חֲזִיר יְכַרְסְמֶנָּה ‎ Psa 80:14 teareth it off (that is, the vine, figurative of Israel)."
thinketh,thinks,2,review-only,high,,"{""thinketh"": 2}",{},"H2142 | H2142. zakar | זָכַר | llowed by clause with כִּי ‎, Job 7:7 ; 10:9 ; Psa 78:39 ; 103:14 ( זָכוּר ‎ be-thinketh him , Che, compare De Kö § 20, 14 Ba NB 175 ); also 89:48 (followed by אֲנִי ‎ + epexe

H2803 | H2803. chashab | חָשַׁב | 3 t.; — I. of man : 1 think , account יחשׁב כן לא לבבו ‎ Isa 10:7 not so thinketh his mind ; שׁמוֺ חשׁבי ‎ Mal 3:16 those thinking of his name ; followed by 2 accusative"
waiteth,waits,2,review-only,high,,"{""waiteth"": 2}",{},"H2442 | H2442. chakah | חָכָה | nsel 106:13 ; for his vision Hab 2:3 ; for death Job 3:21 ; לחננכם יהוה יחכה ‎ Yahweh waiteth to be gracious unto you Isa 30:18 (Di regards this as threatening and refers it to 1 );

H2442 | H2442. chakah | חָכָה | cious unto you Isa 30:18 (Di regards this as threatening and refers it to 1 ); absolute waiteth (and cometh to the days of blessedness) Dan 12:12 . חַכָּה ‎ see below חנך"
wieldeth,wields,2,review-only,high,,"{""wieldeth"": 2}",{},"H5130 | H5130. nuph | נוּף | r the standing grain of thy neighbour; absolute מְנִיפוֺ ‎ Isa 10:15 against him that wieldeth it (i.e. a saw), and וְאֶתמְֿרִימוֺ שֵׁבֶט כְּהָנִיף ‎ 10:15 (read אֶתֿ ‎) like a

H9004 | None | כ | :3 ; Job 2:10 , etc.; = as if , Isa 10:15 or shall the saw magnify itself against him that wieldeth it אתמֿרימיו שׁבט כהניף ‎ with the like of a staff's shaking (= as if a staff were to"
willeth,wills,2,review-only,high,,"{""willeth"": 2}",{},"H1768 | H1768. di | דִּי | יִמֵּל ‎ whoever does not fall down, 4:14 יִצְבֵּא דִּי לְמָן ‎ to whomsoever he willeth, 4:22 ; 4:29 ; 5:21 ; דִי מָה ‎ whatever (or simply what ), 2:28 לֶהֱוֵא דִּי

H4479 | H4479. man | מַן | יִמֵּל לָא מִןדִּֿי ‎, 4:14 יִתְּנִנַּהּ יִצְבֵּא דִּי וּלְמִן ‎ to whomsoever he willeth, he giveth it, 4:22 ; 4:29 ; 5:21 (so Nabataean די מן ‎, Cooke 241, 325 ff. ; דְּ"
winketh,winks,2,review-only,high,,"{""winketh"": 2}",{},"H4448 | H4448. malal | מָלַל | ‎ in בְּאֶצְבְּעֹתָיו מֹרֶה בְּרַגְלָ֑ו֯ מוֺלֵל בְּעֵינָו֯ קֹרֵץ ‎ Prov 6:13 he that winketh with his eyes, that scrapeth with his feet (making signs), etc., so De Now Str < Ew Wild from

H6094 | H6094. atstsebeth | עַצֶּ֫בֶת | עַצֶּ֫בֶת ‎] noun feminine hurt, injury, pain ; — עַצָּ֑בֶת ‎ Prov 10:10 he that winketh with the eye causeth hurt (stirs up strife, etc.); construct עַצְּבַתלֵֿב ‎ pain of he"
abhorreth,abhors,1,review-only,high,,"{""abhorreth"": 1}",{},"H5315 | H5315. nephesh | נֶ֫פֶשׁ | 19:8 ; Jer 22:27 ; 44:14 ; Hosea 4:8 . b. abhorrence, loathing: נ ׳געלה ‎ soul abhorreth Lev 26:11 , 15 , 30 , 43 (H) Jer 14:19 ; נ ׳וגם בי בחלה ‎ Zech 11:8 and their s"
accomplisheth,accomplishes,1,review-only,review,Review name-etymology use against live Sefaria before applying a global replacement,"{""accomplisheth"": 1}",{},"H1584 | H1584. gamar | גָּמַר | ansitive bring to an end, complete , עָלָ֑י גֹּמֵר אֵל ‎ Psa 57:3 God that completeth, accomplisheth, for me ( ᵐ5 ‎ Gr Bi גמל ‎, & so Che doubtfully), ׳י בַּעֲדִי יִגְמֹר ‎ 138:8"
addeth,adds,1,review-only,high,,"{""addeth"": 1}",{},"H6588 | H6588. pesha | מֶּ֫שַׁע | פ ׳רַבּוּ ‎ Isa 59:12 ; Job 35:6 ; Jer 5:6 (?); פ ׳חטאתו על יֹסִיף ‎ Job 34:37 he addeth transgression unto his sin ; פ ׳יִלְדֵי ‎ Isa 57:4 ; personified as evil spirit, פשׁע"
allayeth,allays,1,review-only,high,,"{""allayeth"": 1}",{},"H5117 | H5117. nuach | נוּחַ | ֺלִים חֲטָאִים יַנִּיחַ ‎ Eccl 10:4 (but read perhaps יָנִיחַ ‎, causeth to rest = allayeth compare Wild). 6 permit , with accusative of person Judg 16:26 ; + infinitive לְעָשְׁ"
allureth,allures,1,review-only,high,,"{""allureth"": 1}",{},"H5496 | H5496. suth | סוּת | strike out clause as gloss Be Kit); so also Job 36:16 according to De Hi Bu and others; he allureth thee out of the mouth of distress , but Di Du freedom hath seduced thee ; for meaning sedu"
apointeth,appoints,1,review-only,review,"Review name-etymology use against live Sefaria before applying a global replacement; Review spelling, gloss, textual variant, or semantic nuance against BDB source","{""apointeth"": 1}",{},"H3078 | H3078. Yehoyakin | יוֺיָכִין יְהוֺיָכִן, יְהוֺיָכִין, | Yehoyakin יוֺיָכִין יְהוֺיָכִן, יְהוֺיָכִין, ‎ proper name, masculine ( ׳י ‎ apointeth ) last king but one of Judah, son of Jehoiakim ( ᵐ5 ‎ Ἰωακειμ ; in Kings, ᵐ5 ‎ L Ἰ"
appeareth,appears,1,review-only,high,,"{""appeareth"": 1}",{},"H7200 | H7200. raah | רָאָה | 7 ; 3:1 (insert ᵐ5 ׳י ‎ Kau Kit); absolute Gen 22:14 in the mountain where ׳י ‎ appeareth (probably, Di Sta G i. 450 Dr Hast. DB ii. 563 ; E), Num 14:14 (J E; בְּעַיִן עַיִן"
apportioneth,apportions,1,review-only,review,Review name-etymology use against live Sefaria before applying a global replacement,"{""apportioneth"": 1}",{},"H3183 | H3183. Yachtseel | יַחְצִיאֵל יַחְצְאֵל, | H3183. Yachtseel יַחְצִיאֵל יַחְצְאֵל, ‎ proper name, masculine ( God divideth, apportioneth ) — son of Naphtali; ׳יַחְצְ ‎ Gen 46:24 ( ᵐ5 ‎ Ασιηλ , ᵐ5 ‎ L Ιασνηλ ), N"
ariseth,arises,1,review-only,high,,"{""ariseth"": 1}",{},"H4066 | H4066. madon | מָדוֺן | (|| רִיב ‎), 22:10 (|| וְקָלוֺן דִּין ‎); ׳מ יִשָּׂא ‎ Hab 1:3 contention ariseth (|| ריב ‎); מ ׳שׁלּח ‎ let loose strife Prov 6:14 ; 16:28 ; מ ׳יְגָרֶה ‎ h"
avengeth,avenges,1,review-only,review,Review name-etymology use against live Sefaria before applying a global replacement,"{""avengeth"": 1}",{},H5358 | H5358. naqam | נָקַם | a. God subject יִקּוֺם עֲבָדָיו דַּם ‎ Deut 32:43 the blood of his servants he avengeth (against those who slew them) (+ 1Kin 2:5 ᵐ5 ‎ L Klo); ׳נ ‎ absolute Nahum 1:2
averteth,averts,1,review-only,high,,"{""averteth"": 1}",{},"H3711 | H3711. kaphah | כָּפָה | מַתָּן ‎ Prov 21:14 a gift in secret subdueth anger (so Thes Rob-Ges; Ew beugt: Fl De averteth , from the Arabic, is more remote; ᵐ5 ‎ ἀνατρέπει, compare Late Hebrew). כִּמָּה"
babbleth,babbles,1,review-only,high,,"{""babbleth"": 1}",{},"H981 | H981. bata | בָּטָא בָּטָה, | (Late Hebrew id. , בטי ‎) — Qal Participle בּוֺטֶה ‎ Prov 12:18 one that babbleth (opposed to חֲכָמִים לְשׁוֺן ‎). Pi`el Imperfect בִשְׁבוּעָה יְבַטֵּא ‎ Lev 5:"
beholdeth,beholds,1,review-only,high,,"{""beholdeth"": 1}",{},"H2372 | H2372. chazah | חָזָה | (E). Note. — יֶתֱזֶה אֲבָנִים בֵּית ‎ Job 8:17 is difficult: RV renders he ( it ) beholdeth the place of stones (the root of the plant personified) Hengst, compare Reuss and others afte"
believeth,believes,1,review-only,high,,"{""believeth"": 1}",{},"H539 | H539. aman | אָמַן | rm Job 39:24 (with negative of the horse when the trumpet sounds Di De MV RVm; but neither believeth RV, hardly trusts Da). 2. trust, believe: ( a ) absolute Exod 4:31 (J) Isa 7:9 ; 28:1"
belongeth,belongs,1,review-only,high,,"{""belongeth"": 1}",{},"H4523 | H4523. mas | מַס | ly melting , i.e. failing, collapsing ); — לַמָּס ‎ Job 6:14 to him also despaireth belongeth kindness, etc."
bendeth,bends,1,review-only,high,,"{""bendeth"": 1}",{},"H2654 | H2654. chaphets | חָפֵץ | ngs Qor 15:88) — only Qal Imperfect כְמוֺאֶֿרֶז זְנָבוֺ יַחְמֹּץ ‎ Job 40:17 ; he bendeth down (extendeth down stiffly) his tail like a cedar , see Wetzst in De Job 526 Hi Hiob 299 ."
blesseth,blesses,1,review-only,review,Review name-etymology use against live Sefaria before applying a global replacement,"{""blesseth"": 1}",{},"H3000 | H3000. Yeberekyahu | יְבֶרֶכְיָ֫הוּ | Yeberekyahu יְבֶרֶכְיָ֫הוּ ‎ proper name, masculine (= יְבָרֶכְיָהוּ ‎ s. Yah blesseth Ges § 27 , 3) father of a Zechariah in Isaiah's time Isa 8:2 ; usually in abbreviated form a"
blindeth,blinds,1,review-only,high,,"{""blindeth"": 1}",{},"H5786 | H5786. avar | עָוַר | = 52:11 ; Imperfect 3masculine singular יְעַוֵּר ‎ figurative, Exod 23:8 (E) a bribe blindeth , with accusative of person ( ᵐ5 ⅏ ‎ insert עֵינֵי ‎); Deut 16:19 , with עֵינֵי"
bloweth,blows,1,review-only,high,,"{""bloweth"": 1}",{},"H1077 | H1077. bal | בַּל | nse of hardly: yea, hardly are they planted, yea, hardly are they sown ..., when he even bloweth upon them, and they wither; compare לֹא ‎ 2Kin 20:4 . Joined anomalously with an infin.,"
boasteth,boasts,1,review-only,high,,"{""boasteth"": 1}",{},"H1984 | H1984. halal | הָלַל | so according to most, in bad sense, ׳ה נַפְשׁוֺ עַלתַּֿאֲוַת רָשָׁע ‎ 10:3 a wicked man boasteth of the desire of his soul , but Che praiseth ( ׳י ‎) for (i.e. in a mercenary spirit)."
boreth,bores,1,review-only,review,"Review spelling, gloss, textual variant, or semantic nuance against BDB source","{""boreth"": 1}",{},"H5365 | H5365. naqar | נָקַר | ative); Perfect 3masculine singular נִקַּר ‎ Job 30:17 he (or it , i.e. the night) boreth my bones מֵעָלָ֑י ‎ (of effects of elephantiasis; Bu reads נֻקַּר ‎). Pu`al Pe"
breaketh,breaks,1,review-only,high,,"{""breaketh"": 1}",{},"H8478 | H8478. tachath | תַּחַת | as if they were, like ; but text very dubious; Bi Bu רְשָׁעִ֑ים חֲמָתוֺ תָּחֵת ‎ his wrath breaketh in pieces the wicked. (b) in particular, of things mutually interchanged, in place of, in e"
breatheth,breathes,1,review-only,high,,"{""breatheth"": 1}",{},H530 | H530. emunah | אֱמוּנָה | v 28:20 ; associated with צֶדֶק ‎ in human character א ׳יָפִיחַ צֶדֶק יַגִּיד ‎ who breatheth out faithfulness sheweth forth righteousness 12:17 ; compare1 Sam 26:23 ; Isa 59:4 ; Jer
buildeth,builds,1,review-only,review,Review name-etymology use against live Sefaria before applying a global replacement,"{""buildeth"": 1}",{},"H2997 | H2997. Yibneyah | יִבְנְיָה | H2997. Yibneyah I. יִבְנְיָה ‎ proper name, masculine ( Yah buildeth up , compare בניהו ‎) a Benjamite 1Chr 9:8 a ᵐ5 ‎ Βανααμ , ᵐ5 ‎ L Ἰεβναα ."
burdeneth,burdens,1,review-only,high,,"{""burdeneth"": 1}",{},"H2959 | H2959. tarach | טָרַח | st, throw, remove ) — Hiph`il Imperfect עָ֑ב יַטְרִיחַ אַףבְּֿרִי ‎ Job 37:11 he burdeneth with moisture the cloud(s)."
burneth,burns,1,review-only,high,,"{""burneth"": 1}",{},"H3344 | H3344. yaqad | יָקַד | fire hath been kindled ( קָֽדְחָה ‎) in my wrath , עַדשְֿׁאוֺל וַּתִּיקַד ‎ and it burneth unto Sh®°ôl ; figurative of people displeasing to כָּלהַֿיּוֺם יֹקֶדֶת אֵשׁ בְּאַמִּי עָשָׁ"
bursteth,bursts,1,review-only,high,,"{""bursteth"": 1}",{},H3383 | H3383. Yarden | יַרְדֵּן | article only here and in following); אֶלמִּֿיהוּ יָגִּיחַיַרְדֵּן ‎ Job 40:23 a Jordan bursteth forth into his mouth.
calleth,calls,1,review-only,high,,"{""calleth"": 1}",{},"H6664 | H6664. tsedeq | צֶ֫דֶק | ‎ Isa 61:3 . d. of Cyrus , ׳צ לְרַגְלוֺ יִקְרָאֵהוּ ‎ Isa 41:2 (who) in victory calleth him at every step (Che Hpt on whose steps attends victory , so Di Du)."
casteth,casts,1,review-only,high,,"{""casteth"": 1}",{},"H953 | H953. bowr | בּוֺר | n Judée i. 130 ), compare Eccl 12:6 & Jer 6:7 Kt מֵימֶיהָ בו֯ר כְּהָקִיר ‎ as a well casteth out its water (Qr בַּיִר ‎); but הקיר ‎ perhaps keep cool, fresh ᵑ9 ᵐ5 ‎ Hi"
cheweth,chews,1,review-only,high,,"{""cheweth"": 1}",{},"H1641 | H1641. garar | גָּרַר | 11:7 with accusative of congnate meaning with verb לֹאיִֿגָּ֑ר גֵּרָה ‎ = (the) cud he cheweth not , compare also Deut 14:8 ᵐ5 ⅏ ‎ (Di). Po`al Participle (denominative; so Late"
closeth,closes,1,review-only,high,,"{""closeth"": 1}",{},"H5462 | H5462. sagar | סָגַר | wilderness hath closed in upon them ; object omitted, עַלאִֿישׁ יִסְגֹּר ‎ Job 12:14 he closeth in upon a man , figurative of imprisonment. b. close up breach ( מֶּרֶץ ‎) [in wall]"
combineth,combines,1,review-only,review,"Review spelling, gloss, textual variant, or semantic nuance against BDB source","{""combineth"": 1}",{},"H6775 | H6775. tsamad | צָמַד | ns. Hiph`il Imperfect 3feminine singular מִרְמָה תַּצְמִיד ‎ Psa 50:19 thy tongue combineth (fitteth together, frameth) deceit (> denominative from צֶמֶד ‎ Gerber 170 )."
completeth,completes,1,review-only,review,Review name-etymology use against live Sefaria before applying a global replacement,"{""completeth"": 1}",{},"H1584 | H1584. gamar | גָּמַר | ‎). 2 transitive bring to an end, complete , עָלָ֑י גֹּמֵר אֵל ‎ Psa 57:3 God that completeth, accomplisheth, for me ( ᵐ5 ‎ Gr Bi גמל ‎, & so Che doubtfully), ׳י בַּעֲדִי יִגְ"
conducteth,conducts,1,review-only,review,Review name-etymology use against live Sefaria before applying a global replacement,"{""conducteth"": 1}",{},"H3402 | H3402. Yarib | יָרִיב | 402. Yarib יָרִיב ‎ proper name, masculine ( he contendeth or taketh (our) part, conducteth (our) case ; compare Sabean ירב ‎ Hal 615 ); — 1 son of Simeon 1Chr 2:24 , Ιαρε"
considereth,considers,1,review-only,high,,"{""considereth"": 1}",{},H995 | H995. bin | בִּין | 6 ; 1Kin 3:12 ; ונבנים חכמים ‎ Deut 1:13 . Po . יְבוֺנְַנֵהוּ ‎ he attentively considereth him Deut 32:10 . Hiph`il Perfect הֵבִין ‎ Job 28:33 5 t.; Imperfect יָבִין
contracteth,contracts,1,review-only,high,,"{""contracteth"": 1}",{},"H6821 | H6821. tsaphad | צָפַד | סאפטים ‎ fetters ); — Qal Perfect 3masculine singular ׳צ ‎ Lam 4:8 their skin contracteth, shrivelleth , upon ( עֵל ‎) their bones. צָפָה ‎ Ezek 32:6 see צוף ‎"
correcteth,corrects,1,review-only,high,,"{""correcteth"": 1}",{},H835 | H835. esher | אֶ֫שֶׁר | 10:8 (= 2Chr 9:7 ); אֱלוֺהַּ יוֺכִיחֶנּוּ אֱנוֺשׁ אַשְׁרֵי ‎ blessed the man whom Eloah correcteth Job 5:17 ; דֶרֶךְ תְמִימֵי אַשְׁרֵי ‎ blessed the perfect in way Psa 119:1 ; אַחֲר
coucheth,couches,1,review-only,high,,"{""coucheth"": 1}",{},"H8478 | H8478. tachath | תַּחַת | 1 as adverb accusative Gen 49:25 (= Deut 33:13 ) the deep תָּ֑חַת רֹבֶצֶת ‎ that coucheth beneath ; more usually with מִתָּחַת מִן, ‎ literally off ( מִן ‎ 1c ) the und"
crieth,cries,1,review-only,high,,"{""crieth"": 1}",{},"H3714 | H3714. kaphis | כָּפִיס | ) to a building-stone , or brick in Mishna); — only Hab 2:11 for a stone out of the wall crieth out , ׳וְכ יַעֲנֶנָּה מֵעֵץ ‎ and a rafter out of the timber-work answereth it."
dealeth,deals,1,review-only,high,,"{""dealeth"": 1}",{},"H4480 | H4480. min | מִןֿ | t of them, ib. מִנָּבִיא וְעַדכֹּֿהֵן ‎ from the prophet even to the priest every one dealeth falsely, Exod 9:25 + בהמה ועד מאדם ‎ both man and beast, 11:5 וגו השׁפחה ׳בכור"
defileth,defiles,1,review-only,review,Review name-etymology use against live Sefaria before applying a global replacement,"{""defileth"": 1}",{},"H2930 | H2930. tame | טָמֵא | he sacrifice of children Lev 20:3 (H), Ezek 23:38 , and God defiled him thereby 20:26 ; he defileth the sacred places by idolatry 2Chr 36:14 ; Jer 7:30 = 32:34 , Ezek 5:11 ; the holy name o"
delayeth,delays,1,review-only,high,,"{""delayeth"": 1}",{},"H309 | H309. achar | אָחַר | ל ‎ & infinitive delay to . . . Deut 23:22 quoted Eccl 5:3 : elliptical Deut 7:10 he delayeth (it, the recompense) not to his enemy. — 2Sam 20:5 Qr וַיּ֫וֺחֶר ‎ is taken by Ol § 24"
demandeth,demands,1,review-only,high,,"{""demandeth"": 1}",{},"H7952 | H7952. shalah | שָׁלָה | ead יָשֹׁל ‎, or יִשּׁל ‎ (√ שׁלל ‎) Di; Schnurrer We Siegf Bu Du יִשְׁאַל ‎ demandeth ; Perles Anal. 48 אֶלאֱֿלוֺהַּ יִשָּׂא ‎."
desireth,desires,1,review-only,high,,"{""desireth"": 1}",{},H2638 | H2638. chaser | חָסֵר | Eccl 6:2 neither is he lacking for his soul in aught of ( מן ‎ particle ) all that he desireth.
despaireth,despairs,1,review-only,review,"Review spelling, gloss, textual variant, or semantic nuance against BDB source","{""despaireth"": 1}",{},"H4523 | H4523. mas | מַס | ng (literally melting , i.e. failing, collapsing ); — לַמָּס ‎ Job 6:14 to him also despaireth belongeth kindness, etc."
destroyeth,destroys,1,review-only,review,Review name-etymology use against live Sefaria before applying a global replacement,"{""destroyeth"": 1}",{},"H2254 | H2254. chabal | חָבַל | subject God. Imperfect 3feminine singular נִמְרָץ וְחֶבֶל תְּחַבֵּל ‎ Micah 2:10 that destroyeth , even with sore destruction; but read rather ח ׳תְּחֻבְּלוּ ׳נ ‎ ye shall be destroyed"
diggeth,digs,1,review-only,high,,"{""diggeth"": 1}",{},"H1475 | H1475. gummats | גּוּמָּץ | גּוּמָּצָא ‎ compare Ba NB 66, Anm.I ), Eccl 10:8 ׳ג יִמּ֑וֺל בּוֺ חֹפֵר ‎ he that diggeth a pit shall fall in to it ; so also Prov 26:27 ᵑ6 ᵑ7 ‎ where HCT שַׁחַת כֹּרֶה ‎ ."
divideth,divides,1,review-only,review,Review name-etymology use against live Sefaria before applying a global replacement,"{""divideth"": 1}",{},"H3183 | H3183. Yachtseel | יַחְצִיאֵל יַחְצְאֵל, | H3183. Yachtseel יַחְצִיאֵל יַחְצְאֵל, ‎ proper name, masculine ( God divideth, apportioneth ) — son of Naphtali; ׳יַחְצְ ‎ Gen 46:24 ( ᵐ5 ‎ Ασιηλ , ᵐ5 ‎ L"
draggeth,drags,1,review-only,review,Review name-etymology use against live Sefaria before applying a global replacement,"{""draggeth"": 1}",{},"H4900 | H4900. mashak | מָשַׁךְ | בְּכֹחוֺ אַבִּירִים ‎ Job 24:22 i.e. he (God) prolongeth the life of the mighty (Du draggeth them off , as Psa 28:3 1 above , — reading also אֹבְּדִים ‎ for ׳אַבּ ‎ wit"
draweth,draws,1,review-only,high,,"{""draweth"": 1}",{},"H1214 | H1214. batsa | בָּצַע | ‎ = בְּזַעַם ‎ Hab 3:12 in wrath ); so figurative Job 27:8 when Eloah cutteth off, draweth out, his soul ; object omitted their course , i.e. stop Joel 2:8 (compare Hi-St); usually"
encompasseth,encompasses,1,review-only,high,,"{""encompasseth"": 1}",{},"H1931 | H1931. hu | הוּ | te is a substantive or participle, Gen 2:11 ֗֗֗ הַסֹּבֵב הוּא ‎ that is the one which encompasseth etc., 2:13 ; 2:14 ; 10:12 that is the great city. So in the explanatory notices, 14:3"
envelopeth,envelops,1,review-only,high,,"{""envelopeth"": 1}",{},"H5844 | H5844. atah | עָטָה | ֲטֵנִי ‎ Isa 61:10 (for יְעָטָ֑נִי ᵑ0 ‎, see יעט ‎) with a robe of rightness he envelopeth me ,, so Brd Di Ry Kau Du; > Qal Perfect עָטָ֑נִי ‎ Klo Che Hpt . II. [ עָטָה"
enwrappeth,enwraps,1,review-only,high,,"{""enwrappeth"": 1}",{},"H5844 | H5844. atah | עָטָה | m in shame); Imperfect 3masculine singular מוֺרֶה יַעְטֶה בְּרָכוֺת ‎ 84:7 early rain enwrappeth (it, הַבָּכָא עֵמֶק ‎ v a ) with blessings ( ᵐ5 ‎ δώσει , as if from Arabic , III"
exploreth,explores,1,review-only,high,,"{""exploreth"": 1}",{},H8503 | H8503. taklith | תַּכְלִית | rkness ; ׳וּלְכָלתֿ חוֺקֵר הוּא ‎ 28:3 and to every end (= to the farthest limit) he exploreth ; ׳עַדתֿ תִּמְצָא שַׁדַּי ‎ 11:7 unto the end of Shadday wilt thou reach (so as to kno
extendeth,extends,1,review-only,high,,"{""extendeth"": 1}",{},"H2654 | H2654. chaphets | חָפֵץ | — only Qal Imperfect כְמוֺאֶֿרֶז זְנָבוֺ יַחְמֹּץ ‎ Job 40:17 ; he bendeth down (extendeth down stiffly) his tail like a cedar , see Wetzst in De Job 526 Hi Hiob 299 ."
felleth,fells,1,review-only,high,,"{""felleth"": 1}",{},"H7993 | H7993. shalak | שָׁלַךְ | ccusative of person (literal) 2Chr 25:12 ( מִן ‎ local), Job 18:7 his (own) counsel felleth him ; so probably Jer 9:18 they have overthrown our dwellings (Du reads Hoph`al). f. f"
filleth,fills,1,review-only,high,,"{""filleth"": 1}",{},"H2683 | H2683. chetsen | חֵ֫צֶן | מְעַמֵּר וְחִצְנוֺ קוֺצֵר כַמּוֺ מִלֵּא שֶׁלּאֹ ‎ Psa 129:7 (grass) with which a reaper filleth not his hand, nor a binder his bosom ."
findeth,finds,1,review-only,high,,"{""findeth"": 1}",{},"H4672 | H4672. matsa | מָצָא | noteworthy phrases are: תִּמ ׳כַּאֲשֶׁר יָדֶ֑ךָ ‎ Judg 9:33 according to what thy hand findeth , i.e. as the occasion may demand, so 1Sam 10:7 (with accusative; compare Eccl 9:10 3c"
fitteth,fits,1,review-only,review,"Review spelling, gloss, textual variant, or semantic nuance against BDB source","{""fitteth"": 1}",{},"H6775 | H6775. tsamad | צָמַד | il Imperfect 3feminine singular מִרְמָה תַּצְמִיד ‎ Psa 50:19 thy tongue combineth (fitteth together, frameth) deceit (> denominative from צֶמֶד ‎ Gerber 170 )."
fleeth,flees,1,review-only,high,,"{""fleeth"": 1}",{},"H5074 | H5074. nadad | נָדַד | e וְנֹדַ֔ד זָָֽרְחָה שֶׁמֶשׁ ‎ Nahum 3:17 the sun hath arisen and it ( the locust swarm) fleeth away. Hiph`il chase away, Imperfect 3masculine plural suffix יְנִדֻּ֑הוּ וּמִתֵּבֵל"
forbeareth,forbears,1,review-only,high,,"{""forbeareth"": 1}",{},"H2310 | H2310. chadel | חָדֵל | ָדֵל ‎ adjective forbearing, lacking , הֶחָדֵל ‎ as substantive Ezek 3:27 he that forbeareth (opposed to שׁמע ‎, compare חָדֵל ‎ Qal near the end); construct אִישִׁים חֲדַ"
frameth,frames,1,review-only,high,,"{""frameth"": 1}",{},"H6775 | H6775. tsamad | צָמַד | minine singular מִרְמָה תַּצְמִיד ‎ Psa 50:19 thy tongue combineth (fitteth together, frameth) deceit (> denominative from צֶמֶד ‎ Gerber 170 )."
gaspeth,gasps,1,review-only,high,,"{""gaspeth"": 1}",{},H3306 | H3306. yaphach | יָפַח | reath ) — only Hithpa`el Imperfect 3feminine singular תִּתְיַמֵּחַ ‎ Jer 4:31 she gaspeth for breath.
getteth,gets,1,review-only,high,,"{""getteth"": 1}",{},"H3947 | H3947. laqach | לָקַח | ֶּבֶן לָכֶם קְחוּ לְ, ‎ Exod 5:11 (J) get you straw ; קָלוֺן לוֺ לֹקֵחַ ‎ Prov 9:7 getteth to himself shame ; so often, especially לְךָ קַח ‎, etc., Gen 6:21 ; 12:19 ; Genesis 16"
girdeth,girds,1,review-only,high,,"{""girdeth"": 1}",{},"H4975 | H4975. mothen | מָתְנַ֫יִם | popotamus); in combination with 1a (figurative) מ ׳בְּעוֺז חָֽגְרָה ‎ Prov 31:17 she girdeth her loins with strength , she puts on energy with her girdle; compare also מ ׳בְּשִׁבְרוֺן"
glideth,glides,1,review-only,high,,"{""glideth"": 1}",{},"H1980 | H1980. halak | הָלַךְ | ng (compare Pi`el Prov 6:11 ); glide, flow of wine ׳יִתְה בְּמֵישָׁרִים ‎ 23:31 glideth down smoothly (VB; compare Qal 3 Cant 7:10); note especially the following, where emphasis"
hangeth,hangs,1,review-only,high,,"{""hangeth"": 1}",{},"H1099 | H1099. belimah | בְּלִימָה | culine] nothingness (from בְּלִי ‎ & מָה ‎, literally not-aught ) Job 26:7 who hangeth the earth on ׳בְּ ‎."
hasteth,hastens,1,review-only,review,"Review spelling, gloss, textual variant, or semantic nuance against BDB source","{""hasteth"": 1}",{},"H6315 | H6315. puach | מּוּחַ | לוֺ אֹמִּיעַ ‎ I will shine forth to him ); לַקֵּן ‎ Hab 2:3 the vision panteth (hasteth) towards the end (so most). 3 breathe out, utter , כְּזָבִים ‎ Prov 6:19 ; 14:5"
heedeth,heeds,1,review-only,high,,"{""heedeth"": 1}",{},"H8454 | H8454. tushiyyah | תּוּשִׁיָּה | שָׁרִים ׳יִצְמֹּן ‎; Micah 6:9 שֹׁמך יראה ותושׁיה ‎, i.e (si vera lectio) he that seeth (heedeth) thy name is well-advised (Ges § 155 , 2 b3; Dav:§ 29 e). — תֻּשִׁיָה ‎ Job 30:22 , see"
hireth,hires,1,review-only,review,Review name-etymology use against live Sefaria before applying a global replacement,"{""hireth"": 1}",{},"H3496 | H3496. Yathniel | יַתְנִיאֵל | H3496. Yathniel יַתְנִיאֵל ‎ proper name, masculine a Levite ( El hireth ); — 1Chr 26:2 ; Ιενουηλ , ᵐ5 ‎ L Ναθαναηλ . II. [ תָּנָה ‎] verb recount,"
holdeth,holds,1,review-only,high,,"{""holdeth"": 1}",{},"H6117 | H6117. aqab | עָקַב | pare זִנֵּב ‎), hence figurative hold back ; more probably read יְעַכְּבֵם וְלֹא ‎ holdeth them not back (that is בְּרָקָיו ‎ his lightnings), when his voice is heard from עִ"
impelleth,impels,1,review-only,high,,"{""impelleth"": 1}",{},H2506 | H2506. cheleq | חֵ֫לֶק | t תַּדִּיחֶ֑נּוּ שְׁפָתֶיהָ בְּחֵלֶק ‎ Prov 7:21 with the seductiveness of her lips she impelleth him (|| לִקְחָהּ בְּרֹב הִטַּתּוּ ‎). — I. and II. חֵלֶק ‎ see below I. חלק ‎.
impoverisheth,impoverishes,1,review-only,high,,"{""impoverisheth"": 1}",{},"H3423 | H3423. yarash | יָרַשׁ | ע חַיִל ‎). 3 = impoverish , וּמַעֲשׁיר מוֺרִישׁ יהוה ‎ 1Sam 2:7 (song) ׳י ‎ impoverisheth and maketh rich ; followed by accusative (of Tyre) יוֺרִשֶׁנָּה אֲדֹנָי ‎ Zech 9:4 (see"
impregnateth,impregnates,1,review-only,review,"Review spelling, gloss, textual variant, or semantic nuance against BDB source","{""impregnateth"": 1}",{},"H5674 | H5674. abar | עָבַר | forded. Pi`el 1. Perfect 3masculine singular עִבַּר שׁוֺרוֺ ‎ Job 21:10 his bull impregnateth (compare Late Hebrew) ** מְעֻבֶּרֶת ‎ pregnant , Yeb 4:1; 4:2; 7:3; Keth 1:9'; but note"
issueth,issues,1,review-only,high,,"{""issueth"": 1}",{},"H2421 | H2421. chayah | חוה | n pregnant sense of fulness of life in divine favour, sustained by ( על ‎) everything that issueth out of the mouth of ׳י ‎ 8:3 ; his promises (?) Isa 38:16 ; of wicked man, by repentanc"
killeth,kills,1,review-only,high,,"{""killeth"": 1}",{},"H3651 | H3651. ken | כֵּן | state the ground upon which the answer is made; Gen 4:15 therefore — this being so — whoso killeth Cain, etc., 30:15 ; Judg 8:7 ; 11:8 ; 1Sam 28:2 ; 1Kin 22:19 ; Job 20:2 ( ᵐ5 ‎ in G"
laugheth,laughs,1,review-only,review,Review name-etymology use against live Sefaria before applying a global replacement,"{""laugheth"": 1}",{},"H3327 | H3327. Yitschaq | יִצְחָק | יִשְׂחָק ‎ 4 proper name, masculine Ισαακ : Isaac , son of Abraham and Sarah ( he laugheth , compare play upon name Gen 18:12 f. (J), 21:6 (E), 17:17 , 19 (P); 26:8 (J)); — י"
layeth,lays,1,review-only,high,,"{""layeth"": 1}",{},H7554 | H7554. raqa | רָקַע | sculine singular suffix יְרַקְּעֶנּוּ בַּזָּהָב ‎ Isa 40:19 a goldsmith with gold over-layeth it (literally beateth it out 3masculine plural הַזָּהָב מַּחֵי אֶתֿ וַיְרַקְּעוּ ‎ Exo
leapeth,leaps,1,review-only,high,,"{""leapeth"": 1}",{},"H2187 | H2187. zanaq | זָנַק | , also bind ) — Imperfect 3masculine singular מִןהַֿבָּשָׁן יְזַנֵּק ‎ Deut 33:22 he leapeth forth from Bashan (of Dan under figure of lion's whelp). זֵעָה ‎ see יָזַע ‎."
lendeth,lends,1,review-only,high,,"{""lendeth"": 1}",{},H5378 | H5378. nasha | נָשָׁא | ; Psa 109:11 . Hiph`il Imperfect 3masculine singular בְּ יַשֶּׁה ‎ Deut 15:2 who lendeth to his neighbour; 2 masculine singular בְּ תַּשֶּׁה ‎ 24:10 when thou lendest to thy
lighteth,lights,1,review-only,high,,"{""lighteth"": 1}",{},"H215 | H215. or | אוֺר | 7 ; once, of face of man, Eccl 8:1 תָּאִיר אָדָם חָכְמַת מָּנָיו ‎ the wisdom of a man lighteth up his face."
looseneth,loosens,1,review-only,review,Review name-etymology use against live Sefaria before applying a global replacement,"{""looseneth"": 1}",{},"H3414 | H3414. Yirmeyah | יִרְמְיָ֫ה(וּׅ | 14. Yirmeyah or Yirmeyahu יִרְמְיָ֫ה(וּׅ ‎ 147 proper name, masculine (? ׳י ‎ looseneth , that is, the womb ? compare Assyrian s±a kirimmas±a rummû, whose womb is loosened Dl HWB"
marcheth,marches,1,review-only,high,,"{""marcheth"": 1}",{},"H1980 | H1980. halak | הָלַךְ | לְמַסָּעָיו ‎ Gen 13:3 (J); compare לְמֶרְחֲבֵיאֶֿדֶץ הַהוֺלֵךְ ‎ Hab 1:6 that marcheth through the breath of the land (of invader); note especially in sense of depart to, go away"
mocketh,mocks,1,review-only,high,,"{""mocketh"": 1}",{},"H4531 | H4531. maccah | מַסָּה | ing); — only יִלְעָ֑ג נְקִיִּים לְמַסַּת ‎ Job 9:23 at the despair of innocent ones he mocketh ; so ᵑ7 ‎ Ew Di Bu Du > Ges Hi and others trial (by calamity), √ נסה ‎. II."
mouldereth,moulders,1,review-only,review,"Review spelling, gloss, textual variant, or semantic nuance against BDB source","{""mouldereth"": 1}",{},"H7060 | H7060. qamel | קָמֵל | be mouldy, decay ); — Qal Perfect 3masculine singular קָמַ֑ל ‎ Isa 33:9 Lebanon mouldereth ; 3 plural קָמַ֑לוּ ‎ 19:6 (of וָסוּף קָנֶה ‎)."
mourneth,mourns,1,review-only,high,,"{""mourneth"": 1}",{},"H5315 | H5315. nephesh | נֶ֫פֶשׁ | ָלָיו בְּשָׂרוֺ אַךְ ‎ Job 14:22 only his flesh upon him is in pain, and his soul upon him mourneth ; compare Psa 42:5 ; 42:7 ; 131:2 ; Job 30:16 ; Lam 3:20 [see עַל ‎ 1d ], all p"
occasioneth,occasions,1,review-only,high,,"{""occasioneth"": 1}",{},"H5414 | H5414. nathan | נָתַן | rov 13:16 ; compare 29:15 , מוֺקֵשׁ יִתֵּן אָדָם חֶרְדַּת ‎ 29:25 trembling before man occasioneth a snare . see requite to ( לְ ‎) a man, according to ( כְּ ‎) character 1Kin 8:39"
overreacheth,overreaches,1,review-only,high,,"{""overreacheth"": 1}",{},"H6117 | H6117. aqab | עָקַב | overreached me now twice; + Infinitive abs Jer 9:3 יַעֲקֹב עָקוֺב בָּלאָֿח ‎ surely overreacheth (|| יַהֲלֹח רָכִיל ‎). [ ᵐ5 ‎ πτερνίζω , to attack with the heel; but this dubiou"
paweth,paws,1,review-only,high,,"{""paweth"": 1}",{},"H2658 | H2658. chaphar | חָפַר | e, dig , i.e. paw the ground, בָּעֵמֶק יַחְמֹּר ‎ Job 39:21 (so read, see above) he paweth in the valley (compare Arabic hoof ). b. dig for something hidden, with accusative Jo"
perisheth,perishes,1,review-only,review,"Review spelling, gloss, textual variant, or semantic nuance against BDB source","{""perisheth"": 1}",{},H1638 | H1638. garas | גָּרַס | ular גָָּֽרְסָה ‎ Psa 119:20 figurative ׳ג לְ נַפְשִׁי ‎ my soul is crushed (i.e. perisheth: compare Syriac) with longing for (compare לְ כָּלָה ‎). Hiph`il Imperfect שִׁנ
persecuteth,persecutes,1,review-only,review,Review name-etymology use against live Sefaria before applying a global replacement,"{""persecuteth"": 1}",{},"H2963 | H2963. taraph | טָרַף | bject wrath of God ( אַף ‎) conceived as assailing Job, Job 16:9 his wrath teareth and persecuteth me; compare וְיִרְמָּאֵנוּ טָרָ֖ף ‎ Hosea 6:1 subject ׳י ‎ (|| וְיַחְבְּשֵׁנוּ י"
persevereth,perseveres,1,review-only,review,Review name-etymology use against live Sefaria before applying a global replacement,"{""persevereth"": 1}",{},"H3478 | H3478. Yisrael | יִשְׂרָאֵל | . יִשְׂרָאֵל ‎ 2507 proper name, masculine and of a people Israel ( El persisteth, persevereth (or jussive Let El persist ) [usually contendeth (Nes Eg.60 ff. ) or Let El contend (Gra"
perverteth,perverts,1,review-only,high,,"{""perverteth"": 1}",{},"H5557 | H5557. salaph | סָלַף | :6 ; 19:3 ; Participle מְסַלֵּף ‎ 21:12 ; — 1 pervert , Exod 23:8 (E) a bribe perverteth the case (cause, דִּבְרֵי ‎) of righteous, = Deut 16:19 . 2 subvert, turn upside d"
pierceth,pierces,1,review-only,high,,"{""pierceth"": 1}",{},"H2372 | H2372. chazah | חָזָה | plant personified) Hengst, compare Reuss and others after ᵑ7 ᵑ6 ‎. Other renderings are: pierceth (compare חָזַז ‎) Bö Ew Hi ( יְחַזֶּה ‎), Di De MV; between the stones it liveth"
planneth,plans,1,review-only,high,,"{""planneth"": 1}",{},H696 | H696. oreb | אֹ֫רֶב | oun [masculine] ambuscade only figurative — a. אָרְבּוֺ יָשִׂים ‎ Jer 9:7 i.e. he planneth treachery. b. אָרְבָּם ‎ their intrigue Hosea 7:6 compare Now p.126 .
pleadeth,pleads,1,review-only,review,Review name-etymology use against live Sefaria before applying a global replacement,"{""pleadeth"": 1}",{},"H3080 | H3080. Yehoyarib | יוֺיָרִיב יְהוֺיָרִיב, | ִיב, ‎ proper name, masculine ᵐ5 ‎ Ἰωιαρειβ , Ἰωαρειβ , Ἰωαρειμ , etc. ( ׳י ‎ pleadeth , or contendeth ) — 1 name of a priestly family ׳יְהוֺ ‎ 1Chr 9:10 ; 24:7 ="
praiseth,praises,1,review-only,high,,"{""praiseth"": 1}",{},"H1984 | H1984. halal | הָלַל | ְשׁוֺ עַלתַּֿאֲוַת רָשָׁע ‎ 10:3 a wicked man boasteth of the desire of his soul , but Che praiseth ( ׳י ‎) for (i.e. in a mercenary spirit). Pu`al Perfect 3plural הוּלָּ֑לוּ ‎"
preserveth,preserves,1,review-only,high,,"{""preserveth"": 1}",{},"H6612 | H6612. pthiy | מֶּ֫תִי | , חכמה ‎ 19:8 ; Prov 21:11 ; in good sense, י ׳פתאים שׁמר ‎ Psa 116:8 ׳י ‎ preserveth ths simple-minded ; but usually tendency to bad sense; פתאים ‎ love פתי ‎ Prov 1:22"
proclaimeth,proclaims,1,review-only,high,,"{""proclaimeth"": 1}",{},"H3684 | H3684. kesil | כְּסִיל | 1:22 ; delights not in understanding 18:2 ; it is his sport to do mischief 10:23 ; his heart proclaimeth אִוֶּלָת ‎ 12:23 ; his mouth poureth it forth 15:2 , and feedeth on it 15:14 ."
profiteth,profits,1,review-only,high,,"{""profiteth"": 1}",{},"H3808 | H3808. lo | לֹא | Psa 44:13 ; Isa 55:2 (twice in verse); Jer 2:11 יוֺעִיל בְּלוֺא ‎ for (that which) profiteth not. b. הֲלֹא ‎ nonne ? Gen 4:7 + often Inviting, as it does, an affirmative ans"
prolongeth,prolongs,1,review-only,review,Review name-etymology use against live Sefaria before applying a global replacement,"{""prolongeth"": 1}",{},"H4900 | H4900. mashak | מָשַׁךְ | בָּנוּ תֶּאֱנַף הַלְעוֺלָם ‎); ׳וּמ בְּכֹחוֺ אַבִּירִים ‎ Job 24:22 i.e. he (God) prolongeth the life of the mighty (Du draggeth them off , as Psa 28:3 1 above , — reading al"
prophesieth,prophesies,1,review-only,high,,"{""prophesieth"": 1}",{},"H2384 | H2384. chizzayon | חִזָּיוֺן | מֵחֶזְיֹנוֺ אִישׁ יֵבשׁוּ ‎ Zech 13:4 they will be ashamed, every one of his vision when he prophesieth ."
prostrateth,prostrates,1,review-only,high,,"{""prostrateth"": 1}",{},"H5456 | H5456. sagad | סָגַד | ; Heid. 141); — Qal Imperfect 3masculine singular לוֺ יִסְגּוֺד ‎ Isa 44:17 Kt he prostrateth himself to it (an idol; Qr יִסְגָּדלֿוֺ ‎; + יִתְמַּלֵּל יִשְׁתַּחוּ, ‎); וַיִּסְ"
quivereth,quivers,1,review-only,high,,"{""quivereth"": 1}",{},"H3415 | H3415. yara | יָרַע | ened ) — Qal Perfect 3feminine singular לוֺ יָָֽרְעָה נַפְשׁוֺ ‎ Isa 15:4 his soul quivereth to him, i.e. is in terror and distress."
raineth,rains,1,review-only,review,Review name-etymology use against live Sefaria before applying a global replacement,"{""raineth"": 1}",{},"H3894 | H3894. lechum | לְחוּם | ימוֺ וְיַמְטֵר ‎ Job 20:23 to fill his belly, God sendeth into him his burning anger, and raineth it upon him, into his (very) bowels Hi Dl l.c. Bae KauAT (compare Di, and into his fle"
rattleth,rattles,1,review-only,high,,"{""rattleth"": 1}",{},H7439 | H7439. ranah | רָנָה | omatopoetic?); — Qal Imperfect 3feminine singular תִּרְנֶה ‎ Job 39:23 the quiver rattleth.
receiveth,receives,1,review-only,high,,"{""receiveth"": 1}",{},H1703 | H1703. dabbarah | דַּבֶּ֫רֶת | or dabbereth [ דַּבֶּ֫רֶת ‎] noun feminine word — מִדַּבְּרֹתֶיךָ יִשָּׂא ‎ he receiveth of thy words Deut 33:3 (poem).
reddeneth,reddens,1,review-only,review,"Review spelling, gloss, textual variant, or semantic nuance against BDB source","{""reddeneth"": 1}",{},"H2590 | H2590. chanat | חָנַט | e fig-tree spiceth its figs , so VB De in translation (Ew De in notes Öttli and others prefer reddeneth , on account of spring season, compare the less common and perhaps secondary sense in Arabic"
refuseth,refuses,1,review-only,high,,"{""refuseth"": 1}",{},"H5315 | H5315. nephesh | נֶ֫פֶשׁ | is your desire , 6a ); נ ׳בחרה ‎ my soul chooseth Job 7:15 ; נ ׳מאנה ‎ my soul, refuseth 6:7 ; Psa 77:3 ; ׳נ חפצה ‎ their soul delighteth in Isa 66:3 ; ׳נ רצתה ‎ my s"
removeth,removes,1,review-only,high,,"{""removeth"": 1}",{},"H6275 | H6275. atheq | עָתֵק | way from them ( מֵהֶם ‎), but see probably gloss (Bu and others). 2 Job 9:5 he who removeth mountains . 3 very late Prov 25:1 transcribe ( remove from one book or roll to anot"
reneweth,renews,1,review-only,high,,"{""reneweth"": 1}",{},"H2318 | H2318. chadash | חָדַשׁ | תִּתְחַדֵּשׁ ‎ with plural subject ׳ת נְעוּרָ֑יְכִת כַּנֶּשֶׁר ‎ Psa 103:5 thy youth reneweth itself, like the eagle."
repeateth,repeats,1,review-only,high,,"{""repeateth"": 1}",{},H562 | H562. omer | אֹמֶר | ‎ 22:21 return answer ; לָהּ אֲמָרֶיהָ תָּשִׁיב ‎ Judg 5:29 she returneth (i.e. repeateth ) her words to herself ; א ׳חָשַׁךְ ‎ spare (i.e. refrain from) words Prov 17:27 .
resteth,rests,1,review-only,high,,"{""resteth"": 1}",{},"H2436 | H2436. cheq | חוק | 20 נָכְּרִיָה חֵק תְּחַבֵּק ‎; חֵיקָהּ אֹישׁ ‎ Deut 28:56 . b. internal, anger resteth ׳בה כסילים ‎ Eccl 7:9 ; בְּחֵקִי כִלְֹיתַי כָּלוּ ‎ Job 19:27 my reins are cons"
returneth,returns,1,review-only,high,,"{""returneth"": 1}",{},H562 | H562. omer | אֹמֶר | ֶת אֲמָרִים הֵשִׁיב ‎ 22:21 return answer ; לָהּ אֲמָרֶיהָ תָּשִׁיב ‎ Judg 5:29 she returneth (i.e. repeateth ) her words to herself ; א ׳חָשַׁךְ ‎ spare (i.e. refrain from) word
revileth,reviles,1,review-only,high,,"{""revileth"": 1}",{},"H1442 | H1442. gadaph | גָּדַף | bsolute) וּמְגַדֵּף מְחָרֵף קוֺל ‎ Psa 44:17 the voice of (him that) reproacheth and revileth . 2 blaspheme , followed by accusative ׳י ‎ Num 15:30 (P); 2Kin 19:22 = Isa 37:"
roareth,roars,1,review-only,high,,"{""roareth"": 1}",{},"H6873 | H6873. tsarach | צָרַח | ivatives ); — Qal Participle active גִּבּוֺר שָׁם צֹרֵחַ מַר ‎ Zeph 1:14 bitterly roareth there a hero , but abrupt in context and improbable; Gr (in part after ᵐ5 ‎) conjectures"
roasteth,roasts,1,review-only,high,,"{""roasteth"": 1}",{},"H6740 | H6740. tsalah | צָלָה | ic , Ethiopic ); — Qal Imperfect 3masculine singular צָלִי יִצְלֶה ‎ Isa 44:16 he roasteth a roast ; 1 singular בָשָׂר אֶצְלֶה ‎ 44:19 ; Infinitive construct לִצְלוֺת ‎ 1Sa"
ruleth,rules,1,review-only,high,,"{""ruleth"": 1}",{},"H4910 | H4910. mashal | מָשַׁל | verse); 9:2 (twice in verse); 14:4 ; 15:11 ; 2Sam 23:3 (Participle absolute = when one ruleth , compare Dr), 1Kin 5:1 ; 2Chr 7:18 ; 9:26 ; 23:20 ; Isa 3:4 , 12 ; 19:4 ; Micah 5:2 ;"
runneth,runs,1,review-only,high,,"{""runneth"": 1}",{},"H1354 | H1354. gab | גַּב | proof, & needless. 3 boss , or convex projection, of shield Job 15:26 (figurative) he runneth against him... with the stout bosses of his shields (i.e. wicked against ׳י ‎); so in Ar"
rusheth,rushes,1,review-only,high,,"{""rusheth"": 1}",{},"H2907 | H2907. tus | טוּשׂ | ly Qal Imperfect אֹ֑כֶל עֲלֵי יָטוּשׁ כְּנֶשֶׁר ‎ Job 9:26 like a vulture , which rusheth upon its food (simile of swiftly passing days of Job's life)."
sacrificeth,sacrifices,1,review-only,high,,"{""sacrificeth"": 1}",{},"H1115 | H1115. bilti | בֵּ֫לֶת | ), Gen 21:26 I have not heard הַיּוֺם בִּלְתִּי ‎ except to-day, Exod 22:19 he that sacrificeth לי ׳בִּלְתִּי ‎ except unto ׳י ‎, Num 32:12 ; Josh 11:19 : so אִם בִּלְתִּי"
sateth,sates,1,review-only,review,"Review spelling, gloss, textual variant, or semantic nuance against BDB source","{""sateth"": 1}",{},"H4472 | H4472. mamror | מַמְרוֺר | l מַמְּרוֺרִים יַשְׂבִּעַנִי ‎ Job 9:18 (on dagh. f. dirim. compare Ges § 20 . 2. b), he sateth me with bitter things (bitter experiences; compare מָרֹר ‎ Lam 3:15 )."
scattereth,scatters,1,review-only,high,,"{""scattereth"": 1}",{},"H665 | H665. epher | אֵ֫פֶר | 8 ( הא בתוך ׳ישׁב ‎), Jer 6:26 (|| שַׂק ‎), Ezek 27:30 (|| עפר ‎); in simile scattereth hoarfrost ׳כָּא ‎ Psa 147:16 ; but also as filthy, loathsome וא ׳כעפר ‎ Job 30:19"
scorneth,scorns,1,review-only,review,Review name-etymology use against live Sefaria before applying a global replacement,"{""scorneth"": 1}",{},"H3887 | H3887. luts | לִיץ | with accusative 14:9 ; 19:28 ; with הוּאיָֿלִיץ לַלֵּצִים לְ, ‎ scorners he ( God ) scorneth 3:34 ; הַלֵּץ ‎ the scorner is proud and haughty 21:24 , delights in scorning 1:22 ,"
scrapeth,scrapes,1,review-only,review,"Review spelling, gloss, textual variant, or semantic nuance against BDB source","{""scrapeth"": 1}",{},"H4448 | H4448. malal | מָלַל | ֹרֶה בְּרַגְלָ֑ו֯ מוֺלֵל בְּעֵינָו֯ קֹרֵץ ‎ Prov 6:13 he that winketh with his eyes, that scrapeth with his feet (making signs), etc., so De Now Str < Ew Wild from I. מלל ‎ that speaketh"
seizeth,seizes,1,review-only,high,,"{""seizeth"": 1}",{},"H2862 | H2862. chathaph | חָתַף | Qal Imperfect no object expressed יְשִׁיבֶנּוּ וּמִי יַחְתֹּף הֵן ‎ Job 9:12 lo ! he seizeth, and who shall turn him back ?"
selleth,sells,1,review-only,high,,"{""selleth"": 1}",{},"H9000 | None | ו | or: Exod 20:10 , 17 ; 21:16 he that stealeth a man בְיָדוֺ וְנִמְצָא וּמְכָרוֺ ‎ and selleth him, and (= or if ) he be found in his hand, 21:17 ; Lev 21:14 ; 22:23-24 , Prov 29:9"
sendeth,sends,1,review-only,review,Review name-etymology use against live Sefaria before applying a global replacement,"{""sendeth"": 1}",{},"H3894 | H3894. lechum | לְחוּם | below לֶחֶם ‎); בִּלְחוּמוֺ עָלֵימוֺ וְיַמְטֵר ‎ Job 20:23 to fill his belly, God sendeth into him his burning anger, and raineth it upon him, into his (very) bowels Hi Dl l.c."
settleth,settles,1,review-only,high,,"{""settleth"": 1}",{},"H1827 | H1827. demamah | דְּמָמָה | ice, i.e. an articulate whisper (compare Di); לִדְמָמָ֑ה סְעָרָה יָקֵם ‎ Psa 107:29 he settleth storm into whisper."
sharpeneth,sharpens,1,review-only,high,,"{""sharpeneth"": 1}",{},"H2300 | H2300. chadad | חָדַד | r יַחֵד ‎ (Näg compare Dr § 123 a, R ), insert Isa 44:12 after ᵑ6 ᵐ5 ‎: the smith sharpeneth an axe. Hoph`al Perfect 3feminine singular הוּחַדָּה ‎ Ezek 21:14 ; 21:15 ; 21:1"
shineth,shines,1,review-only,high,,"{""shineth"": 1}",{},"H215 | H215. or | אוֺר | leviathan, which makes path shine behind him Job 42:24; יָאִיר כַּיּוֺם לַיְלָה ‎ night shineth as day Psa 139:12 . 3 light a lamp Psa 18:29 ; wood Isa 27:11 ; alter (-fire) Mal 1"
shrivelleth,shrivels,1,review-only,high,,"{""shrivelleth"": 1}",{},"H6821 | H6821. tsaphad | צָפַד | fetters ); — Qal Perfect 3masculine singular ׳צ ‎ Lam 4:8 their skin contracteth, shrivelleth , upon ( עֵל ‎) their bones. צָפָה ‎ Ezek 32:6 see צוף ‎"
shutteth,shuts,1,review-only,high,,"{""shutteth"": 1}",{},H6105 | H6105. atsam | עָצֹם | of dead; compare Ba ES 5f. ); — Qal Participle מִן עֵינָיו וְעֹצֵם ‎ Isa 33:15 shutteth his eyes from seeing Pi`el Imperfect 3masculine singular אֶתעֵֿינֵיכֶם וַיְעַצֵּם ‎
sitteth,sits,1,review-only,high,,"{""sitteth"": 1}",{},"H6924 | H6924. qedem | קֶ֫דֶם | sa 74:2 ; 119:152 ; ׳כְּק ‎ Jer 30:20 ; Lam 5:21 ; ק ׳ישֵׁב ‎ Psa 55:20 he that sitteth (enthroned from) of old. e. beginning , מִקַּדְמֵיאָֿ֑רֶץ ‎ Prov 8:23 from the"
slandereth,slanders,1,review-only,high,,"{""slandereth"": 1}",{},"H5920 | H5920. al | עָ֑ל עַל, | h (in our idiom, upon thy lips , as Prov 22:18 ), Psa 15:3 לְשֹׁנוֺ עַל רָגַל לֹא ‎ he slandereth not (i.e. prepares not slander) upon his tongue, 2Sam 23:2 לְשׁוֺנִי עַל וּמִלָּתוֺ ‎,"
sleepeth,sleeps,1,review-only,high,,"{""sleepeth"": 1}",{},"H3463 | H3463. yashen | יָשֵׁן | n. 19 Che with אַמְּהֶם ‎ (Ges § 1 . R. 1 a) for אֹפֵהֶם ‎; but < We, their anger sleepeth ; of Baal 1Kin 18:27 ; in simile of ׳י ‎ Psa 78:65 ; of dead, as sleeping in dust, Dan"
slippeth,slips,1,review-only,high,,"{""slippeth"": 1}",{},"H5394 | H5394. nashal | נָשַׁל | 15 ; — 1 slip or drop off , מִןהָֿעֵץ הַבַּרְזֶל וְנָשַׁל ‎ Deut 19:5 and the iron slippeth off from the wood (i.e. axe-head from helve); זֵיתֶ֑ךָ יִשַּׁל ‎ 28:40 thine olives s"
smoketh,smokes,1,review-only,high,,"{""smoketh"": 1}",{},"H3463 | H3463. yashen | יָשֵׁן | ; 1Kin 3:20 ; Song 5:2 ; 7:10 ; so, figurative, Hosea 7:6 , explained as = יֶעְשַׁן ‎ smoketh , compare Deut 29:19 , by RS J Phil. xvi. 1888, 72; Proph. iv. n. 19 Che with אַמְּהֶם"
soweth,sows,1,review-only,review,Review name-etymology use against live Sefaria before applying a global replacement,"{""soweth"": 1}",{},"H3157 | H3157. Yizreel | יִזְרְעֶאל | H3157. Yizreel יִזְרְעֶאל ‎ 1. proper name, of a location ( God soweth ; Sabean אלדֿרא ‎ Mordt ZMG 1879, 489 ; see Lag BN 131 ) — ׳י ‎ Josh 15:56 ; 2Sam"
spiceth,spices,1,review-only,review,"Review spelling, gloss, textual variant, or semantic nuance against BDB source","{""spiceth"": 1}",{},"H2590 | H2590. chanat | חָנַט | ‎ 50:2 ; — 1 spice, make spicy ח ׳הַתְּאֵנָה פַגֶּיהָ ‎ Song 2:13 the fig-tree spiceth its figs , so VB De in translation (Ew De in notes Öttli and others prefer reddeneth , on acc"
spieth,spies,1,review-only,high,,"{""spieth"": 1}",{},H6822 | H6822. tsaphah | צָפָה | tch upon the nations; Participle active לַצַּדִּיק רָשָׁע֫ צוֺפֶה ‎ 37:32 a wicked man spieth upon the righteous ; Cant 7:5 the town which looketh toward ( מְּנֵי ‎) Damascus; femini
stealeth,steals,1,review-only,high,,"{""stealeth"": 1}",{},"H9000 | None | ו | d. it connects alternative cases, so that it = or: Exod 20:10 , 17 ; 21:16 he that stealeth a man בְיָדוֺ וְנִמְצָא וּמְכָרוֺ ‎ and selleth him, and (= or if ) he be found in his"
stengtheneth,strengthens,1,review-only,review,"Review name-etymology use against live Sefaria before applying a global replacement; Review spelling, gloss, textual variant, or semantic nuance against BDB source","{""stengtheneth"": 1}",{},"H2396 | H2396. Chizqiyyah | יְחִזְקִיָּה יְחִזְקִיָּהוּ, חִזְקִיָּה, חִזְקִיָּ֫הוּ, | ָּה, חִזְקִיָּ֫הוּ, ‎ proper name, masculine ( ׳י ‎ hath strengthened , ׳י ‎ stengtheneth ; = Assyrian –aza‡i ( i ) au , Schr COT on 2Kin 18:1 ff., Jäger BAS i, 469 ; compare prop"
strengtheneth,strengthens,1,review-only,review,Review name-etymology use against live Sefaria before applying a global replacement,"{""strengtheneth"": 1}",{},"H3168 | H3168. Yechezqel | יְחֶזְקֵאל | H3168. Yechezqel יְחֶזְקֵאל ‎ proper name, masculine ( God strengtheneth , compare foregoing; see Lag BN 134 ) — 1 the well-known priest and prophet, son of Buzi"
stretcheth,stretches,1,review-only,high,,"{""stretcheth"": 1}",{},"H4900 | H4900. mashak | מָשַׁךְ | ) Now Wild. — אֶתלֹּֿצֲצִים יָדוֺ מָשַׁךְ ‎ Hosea 7:5 is difficult, ᵐ5 ‎ AV RV he stretcheth out his hand with , maketh common cause with, is hardly possibly, text probably corrupt We Now"
striveth,strives,1,review-only,review,Review name-etymology use against live Sefaria before applying a global replacement,"{""striveth"": 1}",{},"H5920 | H5920. al | עָ֑ל עַל, | 1:7 יִקְרָאֻהוּ וְאֶלעַֿל ‎ they (the prophets) call it (the people) upwards, (but) none striveth to rise; as adverb accusative, 2Sam 23:1 the man עָ֔ל הֻ֣קַּם ‎ (that) is raised up on"
subdueth,subdues,1,review-only,high,,"{""subdueth"": 1}",{},"H3711 | H3711. kaphah | כָּפָה | only Qal Imperfect יִכְמֶּהאָֿ֑ף בַּסֵּתֶר מַתָּן ‎ Prov 21:14 a gift in secret subdueth anger (so Thes Rob-Ges; Ew beugt: Fl De averteth , from the Arabic, is more remote; ᵐ5"
supporteth,supports,1,review-only,review,Review name-etymology use against live Sefaria before applying a global replacement,"{""supporteth"": 1}",{},"H2977 | H2977. Yoshiyyah | יאֹשִׁיָּה יאֹשִׁיָּ֫הוּ, | Yoshiyyah or Yoshiyyahu יאֹשִׁיָּה יאֹשִׁיָּ֫הוּ, ‎ proper name, masculine ( ׳י ‎ supporteth ) 1 יאֹשִׁיָּהוּ ‎ king of Judah, son of Amon 1Kin 13:2 ; 2Kin 21:24 , 26 11 t. K"
sustaineth,sustains,1,review-only,review,Review name-etymology use against live Sefaria before applying a global replacement,"{""sustaineth"": 1}",{},"H3253 | H3253. Yismakyahu | יִסְכָּה | יָ֫הוּ ‎ see below סמך ‎. יִסְמַכְיָ֫הוּ ‎ proper name, masculine ( ׳י ‎ sustaineth , but perhaps read ׳סמ ‎ as foregoing Gray Prop. N. 291, No. 60 ); — Levite name 2Chr 31"
tasteth,tastes,1,review-only,high,,"{""tasteth"": 1}",{},"H2938 | H2938. taam | טָעַם | ל חֵךְ ‎ Job 12:11 ; לֶאֱכֹל יִטְעַם חֵךְ ‎ 34:3 . 3 figurative Prov 31:18 she tasteth that her gain is good (object clause with כִּי ‎), i.e. she experiences that her trade i"
teacheth,teaches,1,review-only,review,Review name-etymology use against live Sefaria before applying a global replacement,"{""teacheth"": 1}",{},"H3140 | H3140. Yoray | יוֺרַי | H3140. Yoray יוֺרַי ‎ (= יוֺרִיָּה ‎ whom Yah teacheth ) proper name, masculine chief of the tribe of Gad 1Chr 5:13 , ᵐ5 ‎ Ιωρεε ."
telleth,tells,1,review-only,high,,"{""telleth"": 1}",{},"H7452 | H7452. rea | רֵעַ | בְּהָרִיעוֺ ‎, compare √ 5 ); רֵע֑וֺ עָלָיו יַגִּיד ‎ Job 36:33 the roar thereof telleth of him (< רַעְמוֺ ‎ his thunder , so Bu); רֵעַ תָרִיעִי לָמָּה ‎ Micah 4:9 why"
tendeth,tends,1,review-only,review,"Review spelling, gloss, textual variant, or semantic nuance against BDB source","{""tendeth"": 1}",{},"H389 | H389. ak | אַךְ | only to do evil, Prov 11:24 he that withholdeth more than is meet לְמַחְסוֺר אַךְ ‎ (tendeth) only to penury, 14:23 ; 21:5 ; 22:16 ; ( β ) attaching itself closely to the following w"
thirsteth,thirsts,1,review-only,review,Review name-etymology use against live Sefaria before applying a global replacement,"{""thirsteth"": 1}",{},"H6770 | H6770. tsame | צָמֵא | ‎ of thing, Exod 17:3 (E); figurative לֵאלֹהִים נַפְשִׁי צָֽמְאָה ‎. Psa 42:3 my soul thirsteth for God , compare 63:2 ."
tottereth,totters,1,review-only,high,,"{""tottereth"": 1}",{},"H6328 | H6328. puq | מּוּק | ָגוּ, ‎, etc.); read probably also Imperfect 3feminine singular תָּפוּק ‎ Amos 2:13 tottereth (see עוק ‎). Hiph`il Imperfect 1 totter: 3masculine singular יָפִיק ‎ J"
travaileth,travails,1,review-only,high,,"{""travaileth"": 1}",{},"H205 | H205. aven | אָ֫וֶן | עָמָל ‎ — in Isr); often || עָמָל ‎ Psa 7:15 ( יְחַבֶּלאָֿוֶן הִנֵּה ‎ lo he travaileth with trouble || שָׁ֑קֶר וְיָלַד עָמָל וְהָרָה ‎, yea he hath conceived misery & brought"
treateth,treats,1,review-only,review,"Review spelling, gloss, textual variant, or semantic nuance against BDB source","{""treateth"": 1}",{},"H5034 | H5034. nabel | נָבַל | נָבָל ‎ (q. v.), i.e. with contumely , with accusative: אָב מְנַבֵּל בֵּן ‎ 7:6 son treateth father as a fool (with contumely); צוּר ׳וַיְנ ‎ Deut 32:15 and he treated with contu"
useth,uses,1,review-only,high,,"{""useth"": 1}",{},"H3808 | H3808. lo | לֹא | 26:2 b; 26:3 a (Ew § 286 g Ges § 152 . 1 n.), 39:16 לָהּ לְלֹא בָּנֶיהָ הִקְשִׁיחַ ‎ useth hardly her young ones (making them) into none of hers ; and even Hab 2:6 לֹאלֿוֺ הַמַּרְ"
waketh,wakes,1,review-only,high,,"{""waketh"": 1}",{},"H5782 | H5782. ur | עוּר | , wind Song 4:16 , harp and lyre Psa 57:9 = 108:3 ; עֵר לִבִּי ‎ Song 5:2 my heart waketh (opposed to יָשֵׁן ‎). — Job 41:2 ; Mal 2:12 see above Niph`al Perfect 3masculine"
wandereth,wanders,1,review-only,high,,"{""wandereth"": 1}",{},"H346 | H346. ayyeh | אַיֵּה | 9 ; 51:13 ; Jer 2:28 (compare Deut 32:37 אֵי ‎) Jer 17:15 ; 37:19 , Job 15:23 he wandereth abroad for bread אַיֵּה ‎ (saying) Where is it ? 21:28 ; Zech 1:5 ( אַיֵּההֵֿם ‎"
watcheth,watches,1,review-only,high,,"{""watcheth"": 1}",{},"H8104 | H8104. shamar | שָׁמַר | ֹר ‎ with ᵐ5 ‎ Ew Di Du and others [not Hi Bu]); absolute with מֵעַל ‎ Eccl 5:7 watcheth above , etc.; keep one's mouth, be prudent of speech Proverbs 21:33, compare Micah 7:5 ; k"
watereth,waters,1,review-only,high,,"{""watereth"": 1}",{},"H3384 | H3384. yarah | יָרָא | (9)). Hoph`al Imperfect only in יוֺרֶ֑א הוּא גַּם וּמַרְוֶה ‎ Prov 11:25 he that watereth shall himself also be watered (Fl De MV and others derive — 'non bene,' Thes — from √ ר"
weepeth,weeps,1,review-only,review,Review name-etymology use against live Sefaria before applying a global replacement,"{""weepeth"": 1}",{},"H3044 | H3044. Yidlaph | יִדְלָ֑ף | יִדְלָ֑ף ‎ proper name, masculine son of Nahor Gen 22:22 (J) (√ דלף ‎ ? = he weepeth ?) ᵐ5 ‎ Ιελδαφ , ᵐ5 ‎ L Ιεδλαφ ."
wipeth,wipes,1,review-only,high,,"{""wipeth"": 1}",{},"H4229 | H4229. machah | מָחָה | ִמְחֶה כַּאֲשֶׁר יְרוּשָׁלִַם אֶתֿ וּמָחִיתִי ‎ 2Kin 21:13 and I will wipe Jerusalem as one wipeth a dish, — he doth wipe and turn it (but read probably וְהָפֹךְ מָחֹה ‎) upside down."
withereth,withers,1,review-only,high,,"{""withereth"": 1}",{},H5243 | H5243. namal | מָלַל | יר ‎ Psa 37:2 (|| יִבּוֺלוּן ‎). Po'l. Imperfect יְמוֺלֵל ‎ Psa 90:6 it withereth (of grass; + וְיָבֵשׁ ‎). IV. [ מָלַל ‎] verb circumcise ( = מוּל ‎); — t
withholdeth,withholds,1,review-only,high,,"{""withholdeth"": 1}",{},"H389 | H389. ak | אַךְ | fret not thyself לְהָרֵעַ אַךְ ‎ (which leadeth) only to do evil, Prov 11:24 he that withholdeth more than is meet לְמַחְסוֺר אַךְ ‎ (tendeth) only to penury, 14:23 ; 21:5 ; 22:16 ;"
worketh,works,1,review-only,high,,"{""worketh"": 1}",{},H3504 | H3504. yithron | יִתְרוֺן | :13 (twice in verse); construct הָעוֺשֶׂה יִתְרוֺן ‎ 3:9 advantage of (for) him that worketh ; אֶדֶץ יִתְרוֺן ‎ 5:8 ; דַּעַת יִתְרוֺן ‎ 7:12 advantage of knowledge ; חָכְ
