url,status,http_status,final_url,checked_at,error
http://212.199.162.70/viewtopic.php?t=39717,reachable,200,http://212.199.162.70/viewtopic.php?t=39717,2026-10-09T13:08:07.569006+00:00,
http://abuelafia.blogspot.com/,reachable,200,http://abuelafia.blogspot.com/,2026-10-09T13:08:07.569514+00:00,
http://bav.bodleian.ox.ac.uk/about-the-project,redirected,200,https://bav.bodleian.ox.ac.uk/about-the-project,2026-10-09T13:08:07.569824+00:00,
http://bav.bodleian.ox.ac.uk/digitized-items-hebrew-manuscripts,redirected,200,https://bav.bodleian.ox.ac.uk/digitized-items-hebrew-manuscripts,2026-10-09T13:08:07.570179+00:00,
http://bibja.genizah.org/,redirected,200,http://bibja.genizah.org/Account/SSOSignIn?ReturnUrl=%2F,2026-10-09T13:08:07.570560+00:00,
http://daf-yomi.com/BookFiles.aspx?type=1&id=142,reachable,200,http://daf-yomi.com/BookFiles.aspx?type=1&id=142,2026-10-09T13:08:07.571189+00:00,
http://daf-yomi.com/BookFiles.aspx?type=1&id=242,reachable,200,http://daf-yomi.com/BookFiles.aspx?type=1&id=242,2026-10-09T13:08:07.571915+00:00,
http://daf-yomi.com/BookFiles.aspx?type=1&id=36,reachable,200,http://daf-yomi.com/BookFiles.aspx?type=1&id=36,2026-10-09T13:08:07.573129+00:00,
http://daf-yomi.com/BookFiles.aspx?type=1&id=363,reachable,200,http://daf-yomi.com/BookFiles.aspx?type=1&id=363,2026-10-09T13:08:07.573690+00:00,
http://daf-yomi.com/BookFiles.aspx?type=1&id=369,reachable,200,http://daf-yomi.com/BookFiles.aspx?type=1&id=369,2026-10-09T13:08:07.575367+00:00,
http://daf-yomi.com/BookFiles.aspx?type=1&id=403,reachable,200,http://daf-yomi.com/BookFiles.aspx?type=1&id=403,2026-10-09T13:08:07.577307+00:00,
http://daf-yomi.com/BookFiles.aspx?type=1&id=440,reachable,200,http://daf-yomi.com/BookFiles.aspx?type=1&id=440,2026-10-09T13:08:07.577580+00:00,
http://daf-yomi.com/BookFiles.aspx?type=1&id=442,reachable,200,http://daf-yomi.com/BookFiles.aspx?type=1&id=442,2026-10-09T13:08:07.589831+00:00,
http://daf-yomi.com/BookFiles.aspx?type=1&id=513,reachable,200,http://daf-yomi.com/BookFiles.aspx?type=1&id=513,2026-10-09T13:08:07.591962+00:00,
http://daf-yomi.com/BookFiles.aspx?type=1&id=520,reachable,200,http://daf-yomi.com/BookFiles.aspx?type=1&id=520,2026-10-09T13:08:07.593094+00:00,
http://daf-yomi.com/BookFiles.aspx?type=1&id=544,reachable,200,http://daf-yomi.com/BookFiles.aspx?type=1&id=544,2026-10-09T13:08:07.594397+00:00,
http://daf-yomi.com/BookFiles.aspx?type=1&id=558,reachable,200,http://daf-yomi.com/BookFiles.aspx?type=1&id=558,2026-10-09T13:08:08.292499+00:00,
http://daf-yomi.com/BookFiles.aspx?type=1&id=559,reachable,200,http://daf-yomi.com/BookFiles.aspx?type=1&id=559,2026-10-09T13:08:08.345116+00:00,
http://daf-yomi.com/BookFiles.aspx?type=1&id=561,reachable,200,http://daf-yomi.com/BookFiles.aspx?type=1&id=561,2026-10-09T13:08:08.446777+00:00,
http://daf-yomi.com/BookFilesAll.aspx?PageId=211,reachable,200,http://daf-yomi.com/BookFilesAll.aspx?PageId=211,2026-10-09T13:08:08.459930+00:00,
http://daf-yomi.com/content.aspx?PageId=110,reachable,200,http://daf-yomi.com/content.aspx?PageId=110,2026-10-09T13:08:08.461499+00:00,
http://daf-yomi.com/content.aspx?PageId=210,reachable,200,http://daf-yomi.com/content.aspx?PageId=210,2026-10-09T13:08:08.483572+00:00,
http://daf-yomi.com/content.aspx?PageId=93,reachable,200,http://daf-yomi.com/content.aspx?PageId=93,2026-10-09T13:08:08.529806+00:00,
http://elucidation-not-translation.blogspot.com/,reachable,200,http://elucidation-not-translation.blogspot.com/,2026-10-09T13:08:08.678723+00:00,
http://englishhebraica.blogspot.com/,reachable,200,http://englishhebraica.blogspot.com/,2026-10-09T13:08:08.680052+00:00,
http://forum.otzar.org/viewtopic.php?f=7&t=25619,blocked_or_restricted,403,http://forum.otzar.org/viewtopic.php?f=7&t=25619,2026-10-09T13:08:08.693706+00:00,
http://hebrew.grimoar.cz/,reachable,200,http://hebrew.grimoar.cz/,2026-10-09T13:08:08.723198+00:00,
http://herzogpress.herzog.ac.il/ktav.asp?id=3,http_error,500,https://herzogpress.herzog.ac.il/ktav.asp?id=3,2026-10-09T13:08:08.739982+00:00,
http://hollanderbooks.blogspot.com/,reachable,200,http://hollanderbooks.blogspot.com/,2026-10-09T13:08:08.785006+00:00,
http://imhm.blogspot.com/,reachable,200,http://imhm.blogspot.com/,2026-10-09T13:08:08.830547+00:00,
http://jgbherzog.jgaliciabukovina.net/index.php/he/article,blocked_or_restricted,403,http://jgbherzog.jgaliciabukovina.net/index.php/he/article,2026-10-09T13:08:08.924089+00:00,
http://jgbherzog.jgaliciabukovina.net/index.php/he/node/2,blocked_or_restricted,403,http://jgbherzog.jgaliciabukovina.net/index.php/he/node/2,2026-10-09T13:08:08.936236+00:00,
http://judaicaused.blogspot.com/,reachable,200,http://judaicaused.blogspot.com/,2026-10-09T13:08:08.947130+00:00,
http://kitfei.org/,redirected,200,https://kitfei.org/,2026-10-09T13:13:37.535603+00:00,
http://kol-safran.blogspot.com/,reachable,200,http://kol-safran.blogspot.com/,2026-10-09T13:08:08.963542+00:00,
http://manuscriptboy.blogspot.com/,reachable,200,http://manuscriptboy.blogspot.com/,2026-10-09T13:08:08.984487+00:00,
http://nleresources.com/2018/12/the-top-sites-to-do-torah-research-in-the-internet-era/#.YkTAlihBxPY,reachable,200,http://nleresources.com/2018/12/the-top-sites-to-do-torah-research-in-the-internet-era/#.YkTAlihBxPY,2026-10-09T13:08:09.016697+00:00,
http://notrikon.blogspot.com/,reachable,200,http://notrikon.blogspot.com/,2026-10-09T13:08:09.021366+00:00,
http://old.piyut.org.il/search/,network_error,,http://old.piyut.org.il/search/,2026-10-09T13:08:09.069827+00:00,"curl: (6) Could not resolve host: old.piyut.org.il
"
http://onthemainline.blogspot.com/,reachable,200,http://onthemainline.blogspot.com/,2026-10-09T13:08:09.112935+00:00,
http://parsha.blogspot.com/,reachable,200,http://parsha.blogspot.com/,2026-10-09T13:08:09.263943+00:00,
http://rambish.org.il/,redirected,200,https://rambish.org.il/,2026-10-09T13:08:09.427998+00:00,
http://sussmann.genizah.org/Home/ZussmanCatalog,redirected,200,http://fjms.genizah.org/?lang=eng,2026-10-09T13:08:09.545469+00:00,
http://tiresias.haifa.ac.il/,http_error,500,https://tiresias.haifa.ac.il/,2026-10-09T13:08:09.612251+00:00,
http://uli.nli.org.il/F?func=find-b-0&local_base=mbi01,not_found,404,https://uli.nli.org.il/F?func=find-b-0&local_base=mbi01,2026-10-09T13:08:09.966693+00:00,
http://www.ashlagbaroch.org/,reachable,200,http://www.ashlagbaroch.org/,2026-10-09T13:08:10.019401+00:00,
http://www.biu.ac.il/JS/midrash/VR/,redirected,200,https://validate.perfdrive.com/?ssa=74b9ea6e-1ebb-4874-8b28-e52e7d374458&ssb=02536292481&ssc=https%3A%2F%2Fwww.biu.ac.il%2FJS%2Fmidrash%2FVR%2F&ssi=c3ad8736-d06e-4dd2-aba6-62eb30b48bdb&ssk=botmanager_support@radware.com&ssm=69591623581362054101734492522212&ssn=19862771443fcf291a5ef332d99e8061bbdd2ffb3d94-8a44-4355-aa9db6&sso=6ca83d67-a724a45301d9a9a3221623d760a566aa66550e41d10046f7&ssp=25881614541791517349179156082919292&ssq=80736835130036884510651300154342353427451&ssr=MzQuOTMuODkuNzE=&sst=JewishResearchGuideLinkAudit/2026+(link+availability+check)&ssu=&ssv=&ssw=&ssx=eyJ1em14IjoiN2ZjMDAwNmIxZmNmNmYtZWQ0ZS00MjUzLWEzNzUtNzI2OGY1M2ZlNTAwMS0xNzkxNTUxMzAwMDM0MC0wMDgzNGIzYTlkNGNjZjJhZDE0MTAiLCJyZCI6ImJpdS5hYy5pbCIsIl9fdXptZiI6IjdmOTAwMDJmZmIzZDk0LThhNDQtNDM1NS1hZDY3LWE3MjRhNDUzMDFkOTEtMTc5MTU1MTMwMDAzNDAtMDA1YTIwNTg3OGE0MDczY2FjNzEwIn0=,2026-10-09T13:08:10.228337+00:00,
http://www.halachabrura.org/alephlink.htm,reachable,200,http://www.halachabrura.org/alephlink.htm,2026-10-09T13:08:10.267155+00:00,
http://www.halachabrura.org/library/library0.htm,reachable,200,http://www.halachabrura.org/library/library0.htm,2026-10-09T13:08:10.273929+00:00,
http://www.halachabrura.org/library/library6.htm,reachable,200,http://www.halachabrura.org/library/library6.htm,2026-10-09T13:08:10.389024+00:00,
http://www.halachabrura.org/library/library8l.htm#%D7%90%D7%91%D7%95%D7%AA,reachable,200,http://www.halachabrura.org/library/library8l.htm#%D7%90%D7%91%D7%95%D7%AA,2026-10-09T13:08:10.434983+00:00,
http://www.hebrew-bibliography.com/,redirected,200,https://www.hebrew-bibliography.com/,2026-10-09T13:08:10.485786+00:00,
http://www.huji.ac.il/htbin/doctors/index.cgi?tofes,redirected,200,https://www.huji.ac.il/htbin/doctors/index.cgi?tofes,2026-10-09T13:08:10.596105+00:00,"curl: (56) OpenSSL SSL_read: OpenSSL/3.6.4: error:0A000126:SSL routines::unexpected eof while reading, errno 0
"
http://www.israel613.com/,reachable,200,http://www.israel613.com/,2026-10-09T13:08:10.600885+00:00,
http://www.jewishdigitalcollections.com/,redirected,200,https://www.jewishdigitalcollections.com/,2026-10-09T13:08:10.601518+00:00,
http://www.jewishdigitalcollections.com/about.html,redirected,200,https://www.jewishdigitalcollections.com/about.html,2026-10-09T13:08:10.710154+00:00,
http://www.jewishdigitalcollections.com/jewish-studies-guides.html,redirected,200,https://www.jewishdigitalcollections.com/jewish-studies-guides.html,2026-10-09T13:08:10.739197+00:00,
http://www.machonso.org/hamaayan/?task=list,redirected,200,https://www.machonso.org/hamaayan/?task=list,2026-10-09T13:08:10.827971+00:00,
http://www.oqimta.org.il/PrevPublic.aspx,redirected,200,https://www.oqimta.org.il/PrevPublic.aspx,2026-10-09T13:08:11.025745+00:00,
http://www.rationalistjudaism.com/,redirected,200,https://www.rationalistjudaism.com/,2026-10-09T13:08:11.439510+00:00,
http://www.steinheim-institut.de/cgi-bin/epidat?lang=en&release=beta&id=&info=&show=&project=,http_error,503,https://www.steinheim-institut.de/cgi-bin/epidat?lang=en&release=beta&id=&info=&show=&project=,2026-10-09T13:08:11.532407+00:00,
http://www.talmudha-igud.org.il/nosafot.asp?lang=en&id=5,redirected,200,https://www.talmudha-igud.org.il/nosafot.asp?lang=en&id=5,2026-10-09T13:08:11.552715+00:00,
http://www.tyndalearchive.com/TABS/Jastrow//,redirected,200,https://northridgeautowrecking.com/,2026-10-09T13:08:11.558878+00:00,
https://7minim.wordpress.com/tag/%d7%a7%d7%91%d7%9c%d7%94/,reachable,200,https://7minim.wordpress.com/tag/%d7%a7%d7%91%d7%9c%d7%94/,2026-10-09T13:08:11.629233+00:00,
https://abbreviation.dicta.org.il/,reachable,200,https://abbreviation.dicta.org.il/,2026-10-09T13:08:11.683670+00:00,
https://aclanthology.org/2022.acl-long.4/,reachable,200,https://aclanthology.org/2022.acl-long.4/,2026-10-09T13:13:37.535914+00:00,
https://aclanthology.org/D19-3044/,reachable,200,https://aclanthology.org/D19-3044/,2026-10-09T13:13:37.536197+00:00,
https://alhatorah.org/,reachable,200,https://alhatorah.org/,2026-10-09T13:08:11.757535+00:00,
https://alhatorah.org/About:Our_Mission/0/en,reachable,200,https://alhatorah.org/About:Our_Mission/0/en,2026-10-09T13:08:11.764518+00:00,
https://alhatorah.org/About:Who_We_Are/en,reachable,200,https://alhatorah.org/About:Who_We_Are/en,2026-10-09T13:08:11.889906+00:00,
https://alhatorah.org/Commentators:Bereshit_Rabbah,reachable,200,https://alhatorah.org/Commentators:Bereshit_Rabbah,2026-10-09T13:08:11.901448+00:00,
https://alhatorah.org/Commentators:Home/0,reachable,200,https://alhatorah.org/Commentators:Home/0,2026-10-09T13:08:11.967768+00:00,
https://alhatorah.org/Commentators:Home/TopicList,reachable,200,https://alhatorah.org/Commentators:Home/TopicList,2026-10-09T13:08:12.215573+00:00,
https://alhatorah.org/Commentators:Ibn_Ezra's_Torah_Commentary,redirected,200,https://alhatorah.org/Commentators:Ibn_Ezra's_Torah_Commentary/1/en,2026-10-09T13:08:12.296460+00:00,
https://alhatorah.org/Commentators:Mekhilta_DeRabbi_Yishmael,reachable,200,https://alhatorah.org/Commentators:Mekhilta_DeRabbi_Yishmael,2026-10-09T13:08:12.347536+00:00,
https://alhatorah.org/Commentators:R._Yitzchak_Alfasi_(Rif)/0/he,reachable,200,https://alhatorah.org/Commentators:R._Yitzchak_Alfasi_(Rif)/0/he,2026-10-09T13:08:12.437647+00:00,
https://alhatorah.org/Commentators:R._Yosef_Bekhor_Shor's_Torah_Commentary,redirected,200,https://alhatorah.org/Commentators:R._Yosef_Bekhor_Shor's_Torah_Commentary/1/en,2026-10-09T13:08:12.507633+00:00,
https://alhatorah.org/Commentators:R._Yosef_Kara's_Torah_Commentary/1/en,reachable,200,https://alhatorah.org/Commentators:R._Yosef_Kara's_Torah_Commentary/1/en,2026-10-09T13:08:12.623485+00:00,
https://alhatorah.org/Commentators:Ramban's_Updates,redirected,200,https://alhatorah.org/Commentators:Ramban's_Updates/1/en,2026-10-09T13:08:12.638117+00:00,
https://alhatorah.org/Commentators:Rashbam's_Commentary_on_Avodah_Zarah/0/he,reachable,200,https://alhatorah.org/Commentators:Rashbam's_Commentary_on_Avodah_Zarah/0/he,2026-10-09T13:08:12.642256+00:00,
https://alhatorah.org/Commentators:Rashbam's_Torah_Commentary/1/en,reachable,200,https://alhatorah.org/Commentators:Rashbam's_Torah_Commentary/1/en,2026-10-09T13:08:12.755477+00:00,
https://alhatorah.org/Commentators:Rashi_Leipzig_1/1/en,reachable,200,https://alhatorah.org/Commentators:Rashi_Leipzig_1/1/en,2026-10-09T13:08:13.146837+00:00,
https://alhatorah.org/Commentators:Sifra,reachable,200,https://alhatorah.org/Commentators:Sifra,2026-10-09T13:08:13.155910+00:00,
https://amhasefer.wordpress.com/,reachable,200,https://amhasefer.wordpress.com/,2026-10-09T13:08:13.171483+00:00,"curl: (63) Exceeded the maximum allowed file size (2000000) with 2000000 bytes
"
https://appstore.artscroll.com/,blocked_or_restricted,403,https://appstore.artscroll.com/,2026-10-09T13:08:13.188296+00:00,
https://aramaiczohar.wordpress.com/,reachable,200,https://aramaiczohar.wordpress.com/,2026-10-09T13:08:13.249656+00:00,
https://archive.org/details/culhebrewmss?tab=collection,reachable,200,https://archive.org/details/culhebrewmss?tab=collection,2026-10-09T13:08:13.284328+00:00,
https://archives.cjh.org/,reachable,200,https://archives.cjh.org/,2026-10-09T13:08:13.344728+00:00,
https://arxiv.org/pdf/2403.13073,reachable,200,https://arxiv.org/pdf/2403.13073,2026-10-09T13:13:37.536564+00:00,
https://asif.co.il/%d7%a1%d7%a4%d7%a8%d7%99%d7%99%d7%aa-%d7%99%d7%95%d7%9e%d7%90/%d7%93%d7%a4%d7%99-%d7%99%d7%a9%d7%99%d7%91%d7%95%d7%aa/,reachable,200,https://asif.co.il/%d7%a1%d7%a4%d7%a8%d7%99%d7%99%d7%aa-%d7%99%d7%95%d7%9e%d7%90/%d7%93%d7%a4%d7%99-%d7%99%d7%a9%d7%99%d7%91%d7%95%d7%aa/,2026-10-09T13:08:13.356958+00:00,
https://asif.co.il/%d7%a1%d7%a4%d7%a8%d7%99%d7%99%d7%aa-%d7%99%d7%95%d7%9e%d7%90/%d7%a1%d7%a4%d7%a8%d7%99%d7%9d/,reachable,200,https://asif.co.il/%d7%a1%d7%a4%d7%a8%d7%99%d7%99%d7%aa-%d7%99%d7%95%d7%9e%d7%90/%d7%a1%d7%a4%d7%a8%d7%99%d7%9d/,2026-10-09T13:08:13.478701+00:00,
https://asif.co.il/%d7%a1%d7%a4%d7%a8%d7%99%d7%99%d7%aa-%d7%99%d7%95%d7%9e%d7%90/%d7%a1%d7%a4%d7%a8%d7%99%d7%9d/%d7%9e%d7%a9%d7%a0%d7%aa-%d7%aa%d7%a0%d7%90%d7%99%d7%9d/,reachable,200,https://asif.co.il/%d7%a1%d7%a4%d7%a8%d7%99%d7%99%d7%aa-%d7%99%d7%95%d7%9e%d7%90/%d7%a1%d7%a4%d7%a8%d7%99%d7%9d/%d7%9e%d7%a9%d7%a0%d7%aa-%d7%aa%d7%a0%d7%90%d7%99%d7%9d/,2026-10-09T13:08:13.664341+00:00,
https://asif.co.il/%d7%a1%d7%a4%d7%a8%d7%99%d7%99%d7%aa-%d7%99%d7%95%d7%9e%d7%90/%d7%a2%d7%91%d7%95%d7%93%d7%95%d7%aa-%d7%97%d7%a7%d7%a8/,reachable,200,https://asif.co.il/%d7%a1%d7%a4%d7%a8%d7%99%d7%99%d7%aa-%d7%99%d7%95%d7%9e%d7%90/%d7%a2%d7%91%d7%95%d7%93%d7%95%d7%aa-%d7%97%d7%a7%d7%a8/,2026-10-09T13:08:13.691570+00:00,
https://associationforjewishstudies.org/docs/default-source/ajs-perspectives/ajs_perspectives-ai-issue-web.pdf,reachable,200,https://associationforjewishstudies.org/docs/default-source/ajs-perspectives/ajs_perspectives-ai-issue-web.pdf,2026-10-09T13:13:37.536829+00:00,"curl: (63) Maximum file size exceeded
"
https://associationforjewishstudies.org/publications-research/adventures-in-jewish-studies-podcast,not_found,404,https://associationforjewishstudies.org/publications-research/adventures-in-jewish-studies-podcast,2026-10-09T13:08:13.749844+00:00,
https://bavli.genizah.org/,redirected,200,https://fjms.genizah.org/,2026-10-09T13:08:13.799766+00:00,
https://bavli.genizah.org/Content/pdfFile/Introductions_B/Introductions_Eng/The%20Hachi%20Garsinan%20Project%20as%20a%20Critical%20Edition%20of%20the%20Talm.pdf,reachable,200,https://bavli.genizah.org/Content/pdfFile/Introductions_B/Introductions_Eng/The%20Hachi%20Garsinan%20Project%20as%20a%20Critical%20Edition%20of%20the%20Talm.pdf,2026-10-09T13:08:13.870990+00:00,
https://bavli.genizah.org/GeneralPages/DKS/DKS_Browse,redirected,200,https://fjms.genizah.org/,2026-10-09T13:08:13.990968+00:00,
https://bekiut.com/,reachable,200,https://bekiut.com/,2026-10-09T13:13:37.537107+00:00,
https://benyehuda.org/,reachable,200,https://benyehuda.org/,2026-10-09T13:08:13.991989+00:00,
https://benyehuda.org/author/1457,reachable,200,https://benyehuda.org/author/1457,2026-10-09T13:08:13.993080+00:00,
https://benyehuda.org/author/1470,reachable,200,https://benyehuda.org/author/1470,2026-10-09T13:08:14.019917+00:00,
https://benyehuda.org/author/161,reachable,200,https://benyehuda.org/author/161,2026-10-09T13:08:14.154837+00:00,
https://benyehuda.org/author/180,reachable,200,https://benyehuda.org/author/180,2026-10-09T13:08:14.513284+00:00,
https://benyehuda.org/dict/24412,reachable,200,https://benyehuda.org/dict/24412,2026-10-09T13:08:15.265917+00:00,
https://benyehuda.org/period/medieval,reachable,200,https://benyehuda.org/period/medieval,2026-10-09T13:08:15.474758+00:00,
https://benyehuda.org/read/35887,reachable,200,https://benyehuda.org/read/35887,2026-10-09T13:08:15.589555+00:00,
https://beta.hebrewbooks.org/#gsc.tab=0,reachable,200,https://beta.hebrewbooks.org/#gsc.tab=0,2026-10-09T13:08:15.645886+00:00,
https://biu.primo.exlibrisgroup.com/,redirected,200,https://biu.primo.exlibrisgroup.com/nde/search?vid=972BIU_INST%3ABIUNDE,2026-10-09T13:08:15.738715+00:00,
https://blog.hamapah.org/,reachable,200,https://blog.hamapah.org/,2026-10-09T13:13:37.537584+00:00,
https://blog.mivami.org/2020/03/some-excellent-talmud-projects-out-there.html,reachable,200,https://blog.mivami.org/2020/03/some-excellent-talmud-projects-out-there.html,2026-10-09T13:08:15.768731+00:00,
https://blog.nli.org.il/,blocked_or_restricted,403,https://blog.nli.org.il/,2026-10-09T13:08:15.772064+00:00,
https://blog.nli.org.il/en/,blocked_or_restricted,403,https://blog.nli.org.il/en/,2026-10-09T13:08:15.785813+00:00,
https://blogs.cul.columbia.edu/jewishstudiesatcul/,redirected,200,https://blogs.library.columbia.edu/jewishstudiesatcul/,2026-10-09T13:08:15.823177+00:00,
https://books.google.com/,reachable,200,https://books.google.com/,2026-10-09T13:08:15.899701+00:00,
https://books.google.com/advanced_book_search,reachable,200,https://books.google.com/advanced_book_search,2026-10-09T13:08:15.972626+00:00,
https://brill.com/view/book/edcoll/9789004325234/B9789004325234_013.xml,http_error,405,https://brill.com/view/book/edcoll/9789004325234/B9789004325234_013.xml,2026-10-09T13:08:16.094583+00:00,
https://brill.com/view/db/ehhl,http_error,405,https://brill.com/view/db/ehhl,2026-10-09T13:08:16.107845+00:00,
https://brill.com/view/db/ejhc,http_error,405,https://brill.com/view/db/ejhc,2026-10-09T13:08:16.111679+00:00,
https://brill.com/view/db/ejio,http_error,405,https://brill.com/view/db/ejio,2026-10-09T13:08:16.112759+00:00,
https://brill.com/view/db/ejo,http_error,405,https://brill.com/view/db/ejo,2026-10-09T13:08:16.563946+00:00,
https://castbox.fm/channel/%D7%A2%D7%9D-%D7%94%D7%A1%D7%A4%D7%A8---%D7%A1%D7%A4%D7%A8%D7%99%D7%99%D7%AA-%D7%94%D7%A8%D7%9E%D7%91%22%D7%9D-%D7%91%D7%99%D7%AA-%D7%90%D7%A8%D7%99%D7%90%D7%9C%D7%94-id1922735,reachable,200,https://castbox.fm/channel/%D7%A2%D7%9D-%D7%94%D7%A1%D7%A4%D7%A8---%D7%A1%D7%A4%D7%A8%D7%99%D7%99%D7%AA-%D7%94%D7%A8%D7%9E%D7%91%22%D7%9D-%D7%91%D7%99%D7%AA-%D7%90%D7%A8%D7%99%D7%90%D7%9C%D7%94-id1922735,2026-10-09T13:08:16.625838+00:00,
https://chabadlibrary.org/books/,reachable,200,https://chabadlibrary.org/books/,2026-10-09T13:08:16.868459+00:00,
https://citation.dicta.org.il/,reachable,200,https://citation.dicta.org.il/,2026-10-09T13:08:16.940539+00:00,
https://cja.huji.ac.il/browser.php,reachable,200,https://cja.huji.ac.il/browser.php,2026-10-09T13:08:16.941732+00:00,
https://daat.ac.il/EPUB/home.asp,network_error,,https://daat.ac.il/EPUB/home.asp,2026-10-09T13:08:16.957599+00:00,"curl: (28) Operation timed out after 22001 milliseconds with 0 bytes received
"
https://daat.ac.il/daat/bibliogr/allbooks.asp?sub=0,network_error,,https://daat.ac.il/daat/bibliogr/allbooks.asp?sub=0,2026-10-09T13:08:16.968201+00:00,"curl: (28) Operation timed out after 22005 milliseconds with 0 bytes received
"
https://daat.ac.il/he-il/kitveyet/,network_error,,https://daat.ac.il/he-il/kitveyet/,2026-10-09T13:08:17.042902+00:00,"curl: (28) Operation timed out after 22001 milliseconds with 0 bytes received
"
https://daat.ac.il/he-il/kitveyet/hamayan/gilyonot,network_error,,https://daat.ac.il/he-il/kitveyet/hamayan/gilyonot,2026-10-09T13:08:17.070889+00:00,"curl: (28) Operation timed out after 22000 milliseconds with 0 bytes received
"
https://daat.ac.il/he-il/kitveyet/taleley_orot,network_error,,https://daat.ac.il/he-il/kitveyet/taleley_orot,2026-10-09T13:08:17.123754+00:00,"curl: (28) Operation timed out after 22000 milliseconds with 0 bytes received
"
https://daf-yomi.com/forums/forum.aspx?id=1,reachable,200,https://daf-yomi.com/forums/forum.aspx?id=1,2026-10-09T13:08:17.128306+00:00,
https://davidzvi.com/wp-content/uploads/2025/02/Artificial-Intellige-and-Jewish-Thought.pdf,reachable,200,https://davidzvi.com/wp-content/uploads/2025/02/Artificial-Intellige-and-Jewish-Thought.pdf,2026-10-09T13:13:37.537873+00:00,
https://de.wikisource.org/wiki/Digitale_Sammlungen,reachable,200,https://de.wikisource.org/wiki/Digitale_Sammlungen,2026-10-09T13:08:17.174856+00:00,
https://dhjewish.org/projects,reachable,200,https://dhjewish.org/projects,2026-10-09T13:08:17.316335+00:00,
https://dicta.org.il/,reachable,200,https://dicta.org.il/,2026-10-09T13:08:17.370171+00:00,
https://dicta.org.il/about,reachable,200,https://dicta.org.il/about,2026-10-09T13:08:17.405651+00:00,
https://dicta.org.il/tools,reachable,200,https://dicta.org.il/tools,2026-10-09T13:13:37.538386+00:00,
https://digipres.cjh.org/delivery/DeliveryManagerServlet?dps_pid=IE4934153,reachable,200,https://digipres.cjh.org/delivery/DeliveryManagerServlet?dps_pid=IE4934153,2026-10-09T13:08:17.694764+00:00,
https://digital.bodleian.ox.ac.uk/collections/hebrew/,reachable,200,https://digital.bodleian.ox.ac.uk/collections/hebrew/,2026-10-09T13:08:17.811510+00:00,
https://digitalcollections.jtsa.edu/islandora/object/jts%3A617619,redirected,200,https://makor.primo.exlibrisgroup.com/discovery/collectionDiscovery?vid=01JTS_INST:01JTS&lang=en,2026-10-09T13:08:17.883245+00:00,
https://dijest.net/digitize-your-texts-with-transkribus/,reachable,200,https://dijest.net/digitize-your-texts-with-transkribus/,2026-10-09T13:08:18.191850+00:00,
https://docs.google.com/document/u/1/d/1ZfHfZsLh2qYBM6Q6Qp18csQvYQMBUOvjfwPCRn9iyJk/mobilebasic,reachable,200,https://docs.google.com/document/u/1/d/1ZfHfZsLh2qYBM6Q6Qp18csQvYQMBUOvjfwPCRn9iyJk/mobilebasic,2026-10-09T13:08:18.220956+00:00,"curl: (63) Exceeded the maximum allowed file size (2000000) with 2000000 bytes
"
https://eajs-2023.eu/133556336/DH_Tutorials,reachable,200,https://eajs-2023.eu/133556336/DH_Tutorials,2026-10-09T13:08:18.584970+00:00,
https://ebooks.psik.io/home,reachable,200,https://ebooks.psik.io/home,2026-10-09T13:08:18.729679+00:00,
https://edblogs.columbia.edu/footprints/,reachable,200,https://edblogs.columbia.edu/footprints/,2026-10-09T13:08:18.777148+00:00,
https://editions.erabbinica.org/,network_error,,https://editions.erabbinica.org/,2026-10-09T13:08:18.815705+00:00,"curl: (6) Could not resolve host: editions.erabbinica.org
"
https://elyonimvetachtonim.project.uj.edu.pl/en_GB/about/legacy,reachable,200,https://elyonimvetachtonim.project.uj.edu.pl/en_GB/about/legacy,2026-10-09T13:08:18.845686+00:00,
https://elyonimvetachtonim.project.uj.edu.pl/en_GB/databases/babylonian-talmud,reachable,200,https://elyonimvetachtonim.project.uj.edu.pl/en_GB/databases/babylonian-talmud,2026-10-09T13:08:19.165376+00:00,
https://en.wikipedia.org/wiki/%E1%B8%A4akirah_(journal),reachable,200,https://en.wikipedia.org/wiki/%E1%B8%A4akirah_(journal),2026-10-09T13:08:19.214126+00:00,
https://en.wikipedia.org/wiki/Abraham_Abulafia,reachable,200,https://en.wikipedia.org/wiki/Abraham_Abulafia,2026-10-09T13:08:19.277658+00:00,
https://en.wikipedia.org/wiki/Academy_of_the_Hebrew_Language,reachable,200,https://en.wikipedia.org/wiki/Academy_of_the_Hebrew_Language,2026-10-09T13:08:19.632674+00:00,
https://en.wikipedia.org/wiki/Amidah,reachable,200,https://en.wikipedia.org/wiki/Amidah,2026-10-09T13:08:19.863657+00:00,
https://en.wikipedia.org/wiki/Bar_Ilan_Responsa_Project,reachable,200,https://en.wikipedia.org/wiki/Bar_Ilan_Responsa_Project,2026-10-09T13:08:19.891121+00:00,
https://en.wikipedia.org/wiki/Closed_platfor,not_found,404,https://en.wikipedia.org/wiki/Closed_platfor,2026-10-09T13:08:20.248932+00:00,
https://en.wikipedia.org/wiki/Electronic_publishing,reachable,200,https://en.wikipedia.org/wiki/Electronic_publishing,2026-10-09T13:08:20.698871+00:00,
https://en.wikipedia.org/wiki/Freemium,reachable,200,https://en.wikipedia.org/wiki/Freemium,2026-10-09T13:08:20.955908+00:00,
https://en.wikipedia.org/wiki/Haaretz,reachable,200,https://en.wikipedia.org/wiki/Haaretz,2026-10-09T13:08:21.022812+00:00,
https://en.wikipedia.org/wiki/Jewish_Review_of_Books,reachable,200,https://en.wikipedia.org/wiki/Jewish_Review_of_Books,2026-10-09T13:08:21.115140+00:00,
https://en.wikipedia.org/wiki/Judaica_Archival_Project,reachable,200,https://en.wikipedia.org/wiki/Judaica_Archival_Project,2026-10-09T13:08:21.116083+00:00,
https://en.wikipedia.org/wiki/Link_rot,reachable,200,https://en.wikipedia.org/wiki/Link_rot,2026-10-09T13:08:21.118593+00:00,
https://en.wikipedia.org/wiki/List_of_digital_library_projects,reachable,200,https://en.wikipedia.org/wiki/List_of_digital_library_projects,2026-10-09T13:08:21.135639+00:00,
https://en.wikipedia.org/wiki/Makor_Rishon,reachable,200,https://en.wikipedia.org/wiki/Makor_Rishon,2026-10-09T13:08:21.191013+00:00,
https://en.wikipedia.org/wiki/Mamre_Institute,reachable,200,https://en.wikipedia.org/wiki/Mamre_Institute,2026-10-09T13:08:21.273652+00:00,
https://en.wikipedia.org/wiki/Open_Siddur_Project,reachable,200,https://en.wikipedia.org/wiki/Open_Siddur_Project,2026-10-09T13:08:21.383648+00:00,
https://en.wikipedia.org/wiki/Open_access,reachable,200,https://en.wikipedia.org/wiki/Open_access,2026-10-09T13:08:21.475168+00:00,
https://en.wikipedia.org/wiki/Piyyut,reachable,200,https://en.wikipedia.org/wiki/Piyyut,2026-10-09T13:08:21.509312+00:00,
https://en.wikipedia.org/wiki/Project_MUSE,reachable,200,https://en.wikipedia.org/wiki/Project_MUSE,2026-10-09T13:08:21.548412+00:00,
https://en.wikipedia.org/wiki/Rabbinic_literature#External_links,reachable,200,https://en.wikipedia.org/wiki/Rabbinic_literature#External_links,2026-10-09T13:08:21.600728+00:00,
https://en.wikipedia.org/wiki/Sefaria,reachable,200,https://en.wikipedia.org/wiki/Sefaria,2026-10-09T13:08:21.694073+00:00,
https://en.wikipedia.org/wiki/Tablet_(magazine),reachable,200,https://en.wikipedia.org/wiki/Tablet_(magazine),2026-10-09T13:08:21.804684+00:00,
https://en.wikipedia.org/wiki/Text_Encoding_Initiative,reachable,200,https://en.wikipedia.org/wiki/Text_Encoding_Initiative,2026-10-09T13:08:21.944771+00:00,
https://en.wikipedia.org/wiki/Torah_database,reachable,200,https://en.wikipedia.org/wiki/Torah_database,2026-10-09T13:08:22.064748+00:00,
https://en.wikipedia.org/wiki/Torah_database#Mikra'ot_Gedolot_Haketer,reachable,200,https://en.wikipedia.org/wiki/Torah_database#Mikra'ot_Gedolot_Haketer,2026-10-09T13:08:22.068748+00:00,
"https://en.wikisource.org/wiki/A_Dictionary_of_the_Targumim,_the_Talmud_Babli_and_Yerushalmi,_and_the_Midrashic_Literature",reachable,200,"https://en.wikisource.org/wiki/A_Dictionary_of_the_Targumim,_the_Talmud_Babli_and_Yerushalmi,_and_the_Midrashic_Literature",2026-10-09T13:08:22.173819+00:00,
https://escripta.hypotheses.org/500,reachable,200,https://escripta.hypotheses.org/500,2026-10-09T13:08:22.256307+00:00,
https://esknowcirc.hypotheses.org/,reachable,200,https://esknowcirc.hypotheses.org/,2026-10-09T13:08:22.309782+00:00,
https://etc.princeton.edu/sefer_hasidim/index.php?a=about,network_error,,https://etc.princeton.edu/sefer_hasidim/index.php?a=about,2026-10-09T13:08:22.342138+00:00,"curl: (28) Connection timed out after 8001 milliseconds
"
https://etc.princeton.edu/sefer_hasidim/index.php?a=manuscripts,network_error,,https://etc.princeton.edu/sefer_hasidim/index.php?a=manuscripts,2026-10-09T13:08:22.351134+00:00,"curl: (28) Connection timed out after 8000 milliseconds
"
https://fgp.genizah.org/,reachable,200,https://fgp.genizah.org/,2026-10-09T13:08:22.357598+00:00,
https://fjms.genizah.org/,reachable,200,https://fjms.genizah.org/,2026-10-09T13:08:22.499970+00:00,
https://forum.otzar.org/index.php,blocked_or_restricted,403,https://forum.otzar.org/index.php,2026-10-09T13:08:22.624343+00:00,
https://forum.otzar.org/viewtopic.php?f=7&t=22946,blocked_or_restricted,403,https://forum.otzar.org/viewtopic.php?f=7&t=22946,2026-10-09T13:08:22.696002+00:00,
https://forum.otzar.org/viewtopic.php?f=7&t=22946#p229554,blocked_or_restricted,403,https://forum.otzar.org/viewtopic.php?f=7&t=22946#p229554,2026-10-09T13:08:22.753791+00:00,
https://forum.otzar.org/viewtopic.php?f=7&t=22946#p229838,blocked_or_restricted,403,https://forum.otzar.org/viewtopic.php?f=7&t=22946#p229838,2026-10-09T13:08:22.817727+00:00,
https://forum.otzar.org/viewtopic.php?t=25426,blocked_or_restricted,403,https://forum.otzar.org/viewtopic.php?t=25426,2026-10-09T13:08:22.853982+00:00,
https://geniza.princeton.edu/en/documents/,reachable,200,https://geniza.princeton.edu/en/documents/,2026-10-09T13:08:22.874624+00:00,
https://genizalab.princeton.edu/pgp-database/about,blocked_or_restricted,403,https://genizalab.princeton.edu/pgp-database/about,2026-10-09T13:08:22.880881+00:00,
https://genizalab.princeton.edu/projects/handwritten-text-recognition,blocked_or_restricted,403,https://genizalab.princeton.edu/projects/handwritten-text-recognition,2026-10-09T13:08:22.903535+00:00,
https://github.com/Dicta-Israel-Center-for-Text-Analysis/alephbertgimmel,reachable,200,https://github.com/Dicta-Israel-Center-for-Text-Analysis/alephbertgimmel,2026-10-09T13:13:37.539951+00:00,
https://github.com/Sivan22/ituria,reachable,200,https://github.com/Sivan22/ituria,2026-10-09T13:13:37.542383+00:00,
https://github.com/abeperl/torah-scholar,reachable,200,https://github.com/abeperl/torah-scholar,2026-10-09T13:13:37.543449+00:00,
https://github.com/iddoberger/awesome-hebrew-nlp,reachable,200,https://github.com/iddoberger/awesome-hebrew-nlp,2026-10-09T13:13:37.548147+00:00,
https://gitlab.com/scripta/escriptorium,reachable,200,https://gitlab.com/scripta/escriptorium,2026-10-09T13:08:22.949445+00:00,
https://guides.library.georgetown.edu/hebrew/reference,reachable,200,https://guides.library.georgetown.edu/hebrew/reference,2026-10-09T13:08:22.956228+00:00,
https://guides.library.jhu.edu/jewish-studies/research-resources,reachable,200,https://guides.library.jhu.edu/jewish-studies/research-resources,2026-10-09T13:08:22.958244+00:00,
https://guides.library.upenn.edu/earlyprintedhebrewbook,reachable,200,https://guides.library.upenn.edu/earlyprintedhebrewbook,2026-10-09T13:08:22.964747+00:00,
https://guides.library.upenn.edu/judaica-resources/etexts,reachable,200,https://guides.library.upenn.edu/judaica-resources/etexts,2026-10-09T13:08:23.005241+00:00,
https://guides.nyu.edu/c.php?g=276652&p=1845363,reachable,200,https://guides.nyu.edu/c.php?g=276652&p=1845363,2026-10-09T13:08:23.089780+00:00,
https://haifa.academia.edu/MenachemKatz,blocked_or_restricted,403,https://haifa.academia.edu/MenachemKatz,2026-10-09T13:08:23.257339+00:00,
https://hakirah.org/Archieve.htm,reachable,200,https://hakirah.org/Archieve.htm,2026-10-09T13:08:23.310742+00:00,
https://hamore.openapp.co.il/index.php/%D7%A2%D7%9E%D7%95%D7%93_%D7%A8%D7%90%D7%A9%D7%99,reachable,200,https://hamore.openapp.co.il/index.php/%D7%A2%D7%9E%D7%95%D7%93_%D7%A8%D7%90%D7%A9%D7%99,2026-10-09T13:08:23.405915+00:00,
https://hcommons.org/deposits/?tag=hebrew+literature,reachable,202,https://hcommons.org/deposits/?tag=hebrew+literature,2026-10-09T13:08:23.704949+00:00,
https://he.wikipedia.org/wiki/%D7%90%D7%95%D7%A6%D7%A8_%D7%94%D7%97%D7%9B%D7%9E%D7%94,reachable,200,https://he.wikipedia.org/wiki/%D7%90%D7%95%D7%A6%D7%A8_%D7%94%D7%97%D7%9B%D7%9E%D7%94,2026-10-09T13:08:24.165920+00:00,
https://he.wikipedia.org/wiki/%D7%90%D7%95%D7%A7%D7%99%D7%9E%D7%AA%D7%90_(%D7%9B%D7%AA%D7%91_%D7%A2%D7%AA),reachable,200,https://he.wikipedia.org/wiki/%D7%90%D7%95%D7%A7%D7%99%D7%9E%D7%AA%D7%90_(%D7%9B%D7%AA%D7%91_%D7%A2%D7%AA),2026-10-09T13:08:24.187582+00:00,
https://he.wikipedia.org/wiki/%D7%90%D7%A8%D7%A9%D7%AA:_%D7%A1%D7%A4%D7%A8_%D7%A9%D7%A0%D7%94_%D7%9C%D7%97%D7%A7%D7%A8_%D7%94%D7%A1%D7%A4%D7%A8_%D7%94%D7%A2%D7%91%D7%A8%D7%99,reachable,200,https://he.wikipedia.org/wiki/%D7%90%D7%A8%D7%A9%D7%AA:_%D7%A1%D7%A4%D7%A8_%D7%A9%D7%A0%D7%94_%D7%9C%D7%97%D7%A7%D7%A8_%D7%94%D7%A1%D7%A4%D7%A8_%D7%94%D7%A2%D7%91%D7%A8%D7%99,2026-10-09T13:08:24.516319+00:00,
https://he.wikipedia.org/wiki/%D7%92%D7%A0%D7%96%D7%99_%D7%A7%D7%93%D7%9D_(%D7%A9%D7%A0%D7%AA%D7%95%D7%9F),reachable,200,https://he.wikipedia.org/wiki/%D7%92%D7%A0%D7%96%D7%99_%D7%A7%D7%93%D7%9D_(%D7%A9%D7%A0%D7%AA%D7%95%D7%9F),2026-10-09T13:08:24.635082+00:00,
https://he.wikipedia.org/wiki/%D7%93%D7%9F_%D7%91%D7%90%D7%A8%D7%99,reachable,200,https://he.wikipedia.org/wiki/%D7%93%D7%9F_%D7%91%D7%90%D7%A8%D7%99,2026-10-09T13:08:24.661448+00:00,
https://he.wikipedia.org/wiki/%D7%93%D7%A2%D7%AA_(%D7%90%D7%AA%D7%A8_%D7%90%D7%99%D7%A0%D7%98%D7%A8%D7%A0%D7%98),reachable,200,https://he.wikipedia.org/wiki/%D7%93%D7%A2%D7%AA_(%D7%90%D7%AA%D7%A8_%D7%90%D7%99%D7%A0%D7%98%D7%A8%D7%A0%D7%98),2026-10-09T13:08:24.682807+00:00,
https://he.wikipedia.org/wiki/%D7%94%D7%90%D7%99%D7%92%D7%95%D7%93_%D7%9C%D7%A4%D7%A8%D7%A9%D7%A0%D7%95%D7%AA_%D7%94%D7%AA%D7%9C%D7%9E%D7%95%D7%93,reachable,200,https://he.wikipedia.org/wiki/%D7%94%D7%90%D7%99%D7%92%D7%95%D7%93_%D7%9C%D7%A4%D7%A8%D7%A9%D7%A0%D7%95%D7%AA_%D7%94%D7%AA%D7%9C%D7%9E%D7%95%D7%93,2026-10-09T13:08:24.692983+00:00,
https://he.wikipedia.org/wiki/%D7%94%D7%96%D7%9E%D7%A0%D7%94_%D7%9C%D7%A4%D7%99%D7%95%D7%98,reachable,200,https://he.wikipedia.org/wiki/%D7%94%D7%96%D7%9E%D7%A0%D7%94_%D7%9C%D7%A4%D7%99%D7%95%D7%98,2026-10-09T13:08:24.993626+00:00,
https://he.wikipedia.org/wiki/%D7%94%D7%9E%D7%99%D7%9C%D7%95%D7%9F_%D7%94%D7%94%D7%99%D7%A1%D7%98%D7%95%D7%A8%D7%99_%D7%9C%D7%9C%D7%A9%D7%95%D7%9F_%D7%94%D7%A2%D7%91%D7%A8%D7%99%D7%AA,reachable,200,https://he.wikipedia.org/wiki/%D7%94%D7%9E%D7%99%D7%9C%D7%95%D7%9F_%D7%94%D7%94%D7%99%D7%A1%D7%98%D7%95%D7%A8%D7%99_%D7%9C%D7%9C%D7%A9%D7%95%D7%9F_%D7%94%D7%A2%D7%91%D7%A8%D7%99%D7%AA,2026-10-09T13:08:25.012346+00:00,
https://he.wikipedia.org/wiki/%D7%94%D7%9E%D7%9B%D7%95%D7%9F_%D7%9C%D7%AA%D7%A6%D7%9C%D7%95%D7%9E%D7%99_%D7%9B%D7%AA%D7%91%D7%99_%D7%99%D7%93_%D7%A2%D7%91%D7%A8%D7%99%D7%99%D7%9D#%D7%A4%D7%A8%D7%95%D7%99%D7%A7%D7%98_%22%D7%9B%D7%AA%D7%99%D7%91%22,reachable,200,https://he.wikipedia.org/wiki/%D7%94%D7%9E%D7%9B%D7%95%D7%9F_%D7%9C%D7%AA%D7%A6%D7%9C%D7%95%D7%9E%D7%99_%D7%9B%D7%AA%D7%91%D7%99_%D7%99%D7%93_%D7%A2%D7%91%D7%A8%D7%99%D7%99%D7%9D#%D7%A4%D7%A8%D7%95%D7%99%D7%A7%D7%98_%22%D7%9B%D7%AA%D7%99%D7%91%22,2026-10-09T13:08:25.442825+00:00,
https://he.wikipedia.org/wiki/%D7%94%D7%9E%D7%A2%D7%99%D7%9F_(%D7%9B%D7%AA%D7%91_%D7%A2%D7%AA),reachable,200,https://he.wikipedia.org/wiki/%D7%94%D7%9E%D7%A2%D7%99%D7%9F_(%D7%9B%D7%AA%D7%91_%D7%A2%D7%AA),2026-10-09T13:08:25.460552+00:00,
https://he.wikipedia.org/wiki/%D7%94%D7%A6%D7%95%D7%A4%D7%94_%D7%9E%D7%90%D7%A8%D7%A5_%D7%94%D7%92%D7%A8,reachable,200,https://he.wikipedia.org/wiki/%D7%94%D7%A6%D7%95%D7%A4%D7%94_%D7%9E%D7%90%D7%A8%D7%A5_%D7%94%D7%92%D7%A8,2026-10-09T13:08:25.771491+00:00,
https://he.wikipedia.org/wiki/%D7%95%D7%99%D7%A7%D7%99%D7%98%D7%A7%D7%A1%D7%98,reachable,200,https://he.wikipedia.org/wiki/%D7%95%D7%99%D7%A7%D7%99%D7%98%D7%A7%D7%A1%D7%98,2026-10-09T13:08:25.780896+00:00,
https://he.wikipedia.org/wiki/%D7%97%D7%A1%D7%99%D7%93%D7%95%D7%AA_%D7%A7%D7%A8%D7%9C%D7%99%D7%9F#%D7%A7%D7%95%D7%91%D7%A5_%D7%91%D7%99%D7%AA_%D7%90%D7%94%D7%A8%D7%9F_%D7%95%D7%99%D7%A9%D7%A8%D7%90%D7%9C,reachable,200,https://he.wikipedia.org/wiki/%D7%97%D7%A1%D7%99%D7%93%D7%95%D7%AA_%D7%A7%D7%A8%D7%9C%D7%99%D7%9F#%D7%A7%D7%95%D7%91%D7%A5_%D7%91%D7%99%D7%AA_%D7%90%D7%94%D7%A8%D7%9F_%D7%95%D7%99%D7%A9%D7%A8%D7%90%D7%9C,2026-10-09T13:08:25.916982+00:00,
https://he.wikipedia.org/wiki/%D7%99%D7%A8%D7%95%D7%A9%D7%AA%D7%A0%D7%95,reachable,200,https://he.wikipedia.org/wiki/%D7%99%D7%A8%D7%95%D7%A9%D7%AA%D7%A0%D7%95,2026-10-09T13:08:25.957793+00:00,
https://he.wikipedia.org/wiki/%D7%99%D7%A9%D7%95%D7%A8%D7%95%D7%9F_(%D7%9E%D7%90%D7%A1%D7%A3_%D7%AA%D7%95%D7%A8%D7%A0%D7%99),reachable,200,https://he.wikipedia.org/wiki/%D7%99%D7%A9%D7%95%D7%A8%D7%95%D7%9F_(%D7%9E%D7%90%D7%A1%D7%A3_%D7%AA%D7%95%D7%A8%D7%A0%D7%99),2026-10-09T13:08:26.310309+00:00,
https://he.wikipedia.org/wiki/%D7%9B%D7%95%D7%AA%D7%A8_(%D7%A1%D7%A4%D7%A8%D7%99%D7%99%D7%94_%D7%93%D7%99%D7%92%D7%99%D7%98%D7%9C%D7%99%D7%AA),reachable,200,https://he.wikipedia.org/wiki/%D7%9B%D7%95%D7%AA%D7%A8_(%D7%A1%D7%A4%D7%A8%D7%99%D7%99%D7%94_%D7%93%D7%99%D7%92%D7%99%D7%98%D7%9C%D7%99%D7%AA),2026-10-09T13:08:26.342577+00:00,
https://he.wikipedia.org/wiki/%D7%9E%D7%90%D7%92%D7%A8_%D7%AA%D7%95%D7%A8%D7%A0%D7%99,reachable,200,https://he.wikipedia.org/wiki/%D7%9E%D7%90%D7%92%D7%A8_%D7%AA%D7%95%D7%A8%D7%A0%D7%99,2026-10-09T13:08:26.669649+00:00,
https://he.wikipedia.org/wiki/%D7%9E%D7%90%D7%92%D7%A8_%D7%AA%D7%95%D7%A8%D7%A0%D7%99#%D7%90%D7%AA%D7%A8_Grimoar,reachable,200,https://he.wikipedia.org/wiki/%D7%9E%D7%90%D7%92%D7%A8_%D7%AA%D7%95%D7%A8%D7%A0%D7%99#%D7%90%D7%AA%D7%A8_Grimoar,2026-10-09T13:08:26.676008+00:00,
https://he.wikipedia.org/wiki/%D7%9E%D7%A4%D7%A2%D7%9C_%D7%94%D7%91%D7%99%D7%91%D7%9C%D7%99%D7%95%D7%92%D7%A8%D7%A4%D7%99%D7%94_%D7%94%D7%A2%D7%91%D7%A8%D7%99%D7%AA,reachable,200,https://he.wikipedia.org/wiki/%D7%9E%D7%A4%D7%A2%D7%9C_%D7%94%D7%91%D7%99%D7%91%D7%9C%D7%99%D7%95%D7%92%D7%A8%D7%A4%D7%99%D7%94_%D7%94%D7%A2%D7%91%D7%A8%D7%99%D7%AA,2026-10-09T13:08:26.692540+00:00,
https://he.wikipedia.org/wiki/%D7%9E%D7%A7%D7%99%D7%A6%D7%99_%D7%A0%D7%A8%D7%93%D7%9E%D7%99%D7%9D,reachable,200,https://he.wikipedia.org/wiki/%D7%9E%D7%A7%D7%99%D7%A6%D7%99_%D7%A0%D7%A8%D7%93%D7%9E%D7%99%D7%9D,2026-10-09T13:08:27.047729+00:00,
https://he.wikipedia.org/wiki/%D7%9E%D7%A7%D7%A8%D7%90%D7%95%D7%AA_%D7%92%D7%93%D7%95%D7%9C%D7%95%D7%AA_%D7%94%D7%9B%D7%AA%D7%A8,reachable,200,https://he.wikipedia.org/wiki/%D7%9E%D7%A7%D7%A8%D7%90%D7%95%D7%AA_%D7%92%D7%93%D7%95%D7%9C%D7%95%D7%AA_%D7%94%D7%9B%D7%AA%D7%A8,2026-10-09T13:08:27.131809+00:00,
https://he.wikipedia.org/wiki/%D7%A1%D7%92%D7%95%D7%9C%D7%94_(%D7%9E%D7%92%D7%96%D7%99%D7%9F),reachable,200,https://he.wikipedia.org/wiki/%D7%A1%D7%92%D7%95%D7%9C%D7%94_(%D7%9E%D7%92%D7%96%D7%99%D7%9F),2026-10-09T13:08:27.177755+00:00,
https://he.wikipedia.org/wiki/%D7%A1%D7%A4%D7%A8-%D7%93%D7%AA%D7%90,reachable,200,https://he.wikipedia.org/wiki/%D7%A1%D7%A4%D7%A8-%D7%93%D7%AA%D7%90,2026-10-09T13:08:27.440547+00:00,
https://he.wikipedia.org/wiki/%D7%A2%D7%9C_%D7%94%D7%AA%D7%95%D7%A8%D7%94,reachable,200,https://he.wikipedia.org/wiki/%D7%A2%D7%9C_%D7%94%D7%AA%D7%95%D7%A8%D7%94,2026-10-09T13:08:27.491368+00:00,
https://he.wikipedia.org/wiki/%D7%A4%D7%95%D7%A8%D7%98%D7%9C:%D7%99%D7%94%D7%93%D7%95%D7%AA,reachable,200,https://he.wikipedia.org/wiki/%D7%A4%D7%95%D7%A8%D7%98%D7%9C:%D7%99%D7%94%D7%93%D7%95%D7%AA,2026-10-09T13:08:27.512943+00:00,
https://he.wikipedia.org/wiki/%D7%A4%D7%A2%D7%9E%D7%99%D7%9D,reachable,200,https://he.wikipedia.org/wiki/%D7%A4%D7%A2%D7%9E%D7%99%D7%9D,2026-10-09T13:08:28.041547+00:00,
https://he.wikipedia.org/wiki/%D7%A4%D7%A8%D7%95%D7%99%D7%A7%D7%98_%D7%91%D7%9F-%D7%99%D7%94%D7%95%D7%93%D7%94,reachable,200,https://he.wikipedia.org/wiki/%D7%A4%D7%A8%D7%95%D7%99%D7%A7%D7%98_%D7%91%D7%9F-%D7%99%D7%94%D7%95%D7%93%D7%94,2026-10-09T13:08:28.114835+00:00,
https://he.wikipedia.org/wiki/%D7%A6%D7%A4%D7%95%D7%A0%D7%95%D7%AA,reachable,200,https://he.wikipedia.org/wiki/%D7%A6%D7%A4%D7%95%D7%A0%D7%95%D7%AA,2026-10-09T13:08:28.117158+00:00,
https://he.wikipedia.org/wiki/%D7%A7%D7%98%D7%92%D7%95%D7%A8%D7%99%D7%94:%D7%99%D7%A9%D7%A8%D7%90%D7%9C:_%D7%9B%D7%AA%D7%91%D7%99_%D7%A2%D7%AA_%D7%AA%D7%95%D7%A8%D7%A0%D7%99%D7%99%D7%9D,reachable,200,https://he.wikipedia.org/wiki/%D7%A7%D7%98%D7%92%D7%95%D7%A8%D7%99%D7%94:%D7%99%D7%A9%D7%A8%D7%90%D7%9C:_%D7%9B%D7%AA%D7%91%D7%99_%D7%A2%D7%AA_%D7%AA%D7%95%D7%A8%D7%A0%D7%99%D7%99%D7%9D,2026-10-09T13:08:28.352655+00:00,
https://he.wikipedia.org/wiki/%D7%A7%D7%A8%D7%99%D7%AA_%D7%A1%D7%A4%D7%A8_(%D7%9E%D7%A4%D7%A2%D7%9C_%D7%91%D7%99%D7%91%D7%9C%D7%99%D7%95%D7%92%D7%A8%D7%A4%D7%99),reachable,200,https://he.wikipedia.org/wiki/%D7%A7%D7%A8%D7%99%D7%AA_%D7%A1%D7%A4%D7%A8_(%D7%9E%D7%A4%D7%A2%D7%9C_%D7%91%D7%99%D7%91%D7%9C%D7%99%D7%95%D7%92%D7%A8%D7%A4%D7%99),2026-10-09T13:08:28.436093+00:00,
https://he.wikipedia.org/wiki/%D7%A7%D7%AA%D7%93%D7%A8%D7%94_(%D7%9B%D7%AA%D7%91_%D7%A2%D7%AA),reachable,200,https://he.wikipedia.org/wiki/%D7%A7%D7%AA%D7%93%D7%A8%D7%94_(%D7%9B%D7%AA%D7%91_%D7%A2%D7%AA),2026-10-09T13:08:28.442680+00:00,
https://he.wikipedia.org/wiki/%D7%A8%D7%9E%D7%91%22%D7%99,reachable,200,https://he.wikipedia.org/wiki/%D7%A8%D7%9E%D7%91%22%D7%99,2026-10-09T13:08:28.632840+00:00,
https://he.wikipedia.org/wiki/%D7%AA%D7%91%D7%A0%D7%99%D7%AA:%D7%A1%D7%A4%D7%A8%D7%99%D7%95%D7%AA_%D7%93%D7%99%D7%92%D7%99%D7%98%D7%9C%D7%99%D7%95%D7%AA_%D7%91%D7%A0%D7%95%D7%A9%D7%90%D7%99_%D7%99%D7%94%D7%93%D7%95%D7%AA,reachable,200,https://he.wikipedia.org/wiki/%D7%AA%D7%91%D7%A0%D7%99%D7%AA:%D7%A1%D7%A4%D7%A8%D7%99%D7%95%D7%AA_%D7%93%D7%99%D7%92%D7%99%D7%98%D7%9C%D7%99%D7%95%D7%AA_%D7%91%D7%A0%D7%95%D7%A9%D7%90%D7%99_%D7%99%D7%94%D7%93%D7%95%D7%AA,2026-10-09T13:08:28.645442+00:00,
https://he.wikipedia.org/wiki/HebrewBooks,reachable,200,https://he.wikipedia.org/wiki/HebrewBooks,2026-10-09T13:08:29.280462+00:00,
https://he.wikisource.org/wiki/%D7%A2%D7%9E%D7%95%D7%93_%D7%A8%D7%90%D7%A9%D7%99,reachable,200,https://he.wikisource.org/wiki/%D7%A2%D7%9E%D7%95%D7%93_%D7%A8%D7%90%D7%A9%D7%99,2026-10-09T13:08:29.423237+00:00,
https://he.wikisource.org/wiki/%D7%AA%D7%95%D7%9C%D7%93%D7%95%D7%AA_%D7%AA%D7%A0%D7%90%D7%99%D7%9D_%D7%95%D7%90%D7%9E%D7%95%D7%A8%D7%90%D7%99%D7%9D,reachable,200,https://he.wikisource.org/wiki/%D7%AA%D7%95%D7%9C%D7%93%D7%95%D7%AA_%D7%AA%D7%A0%D7%90%D7%99%D7%9D_%D7%95%D7%90%D7%9E%D7%95%D7%A8%D7%90%D7%99%D7%9D,2026-10-09T13:08:29.482380+00:00,
https://he.wiktionary.org/wiki/%D7%A2%D7%9E%D7%95%D7%93_%D7%A8%D7%90%D7%A9%D7%99,reachable,200,https://he.wiktionary.org/wiki/%D7%A2%D7%9E%D7%95%D7%93_%D7%A8%D7%90%D7%A9%D7%99,2026-10-09T13:08:29.578939+00:00,
https://hebrew-academy.org.il/,blocked_or_restricted,403,https://hebrew-academy.org.il/,2026-10-09T13:08:29.593388+00:00,
https://hebrew-academy.org.il/%d7%94%d7%9e%d7%99%d7%9c%d7%95%d7%9f-2/,blocked_or_restricted,403,https://hebrew-academy.org.il/%d7%94%d7%9e%d7%99%d7%9c%d7%95%d7%9f-2/,2026-10-09T13:08:29.662424+00:00,
https://hebrew-academy.org.il/topic/maamarim/,blocked_or_restricted,403,https://hebrew-academy.org.il/topic/maamarim/,2026-10-09T13:08:29.732297+00:00,
https://hebrewbooks.org/,reachable,200,https://hebrewbooks.org/,2026-10-09T13:08:29.736983+00:00,
https://herzogpress.herzog.ac.il/ktav.asp?id=2,http_error,500,https://herzogpress.herzog.ac.il/ktav.asp?id=2,2026-10-09T13:08:29.782055+00:00,
https://huc.edu/libraries/free-online-resources/,reachable,200,https://huc.edu/libraries/free-online-resources/,2026-10-09T13:08:29.783681+00:00,
https://huc.edu/libraries/free-online-resources/?table=Bible/Early%20Resources,reachable,200,https://huc.edu/libraries/free-online-resources/?table=Bible/Early%20Resources,2026-10-09T13:08:29.808399+00:00,
https://huggingface.co/Sefaria,reachable,200,https://huggingface.co/Sefaria,2026-10-09T13:13:37.556696+00:00,
https://ilanot.org/,reachable,200,https://ilanot.org/,2026-10-09T13:08:30.052300+00:00,
https://ingeveb.org/texts-and-translations,reachable,200,https://ingeveb.org/texts-and-translations,2026-10-09T13:08:30.273715+00:00,
https://isf.org.il/layperson-reports/%D7%A4%D7%99%D7%95%D7%98%D7%99%D7%9D-%D7%9C%D7%AA%D7%A4%D7%99%D7%9C%D7%AA-%D7%94%D7%A2%D7%9E%D7%99%D7%93%D7%94-%D7%9E%D7%A4%D7%99-%D7%A4%D7%99%D7%99%D7%98%D7%A0%D7%99-20181218153326.html,reachable,200,https://isf.org.il/layperson-reports/%D7%A4%D7%99%D7%95%D7%98%D7%99%D7%9D-%D7%9C%D7%AA%D7%A4%D7%99%D7%9C%D7%AA-%D7%94%D7%A2%D7%9E%D7%99%D7%93%D7%94-%D7%9E%D7%A4%D7%99-%D7%A4%D7%99%D7%99%D7%98%D7%A0%D7%99-20181218153326.html,2026-10-09T13:08:30.309339+00:00,
https://ja.genizah.org/,redirected,200,https://fjms.genizah.org/?lang=eng,2026-10-09T13:08:30.506241+00:00,
https://ja.genizah.org/JA_Dictionary_pdfjs/JA_Dictionary.html,reachable,200,https://ja.genizah.org/JA_Dictionary_pdfjs/JA_Dictionary.html,2026-10-09T13:08:30.599302+00:00,
https://jastrow.app/,reachable,200,https://jastrow.app/,2026-10-09T13:13:37.565506+00:00,
https://jewish-faculty.biu.ac.il/en/JSIJ,reachable,200,https://jewish-faculty.biu.ac.il/en/JSIJ,2026-10-09T13:08:30.634937+00:00,
https://jewish-faculty.biu.ac.il/node/669,reachable,200,https://jewish-faculty.biu.ac.il/node/669,2026-10-09T13:08:30.996196+00:00,
https://jewishoffice.co.il/catalog/,network_error,,https://jewishoffice.co.il/catalog/,2026-10-09T13:08:31.335216+00:00,"curl: (6) Could not resolve host: jewishoffice.co.il
"
https://jewishreviewofbooks.com/,reachable,200,https://jewishreviewofbooks.com/,2026-10-09T13:08:31.461923+00:00,
https://jqr.pennpress.org/home/,blocked_or_restricted,403,https://www.pennpress.org/journals/journal/jewish-quarterly-review/,2026-10-09T13:08:31.474248+00:00,
https://judaism.stackexchange.com/,blocked_or_restricted,403,https://judaism.stackexchange.com/,2026-10-09T13:08:31.479000+00:00,
https://kavvanah.blog/,reachable,200,https://kavvanah.blog/,2026-10-09T13:08:31.537166+00:00,
https://kodesh.snunit.k12.il/i/tr/t0101.htm,blocked_or_restricted,403,https://kodesh.snunit.k12.il/i/tr/t0101.htm,2026-10-09T13:08:31.595930+00:00,
https://kotar.cet.ac.il/,reachable,200,https://kotar.cet.ac.il/,2026-10-09T13:08:31.610912+00:00,
https://kotar.cet.ac.il/KotarApp/Search.aspx?sSearchText=%D7%9E%D7%A9%D7%A0%D7%AA%20%D7%90%D7%A8%D7%A5%20%D7%99%D7%A9%D7%A8%D7%90%D7%9C&lang=#0,reachable,200,https://kotar.cet.ac.il/KotarApp/Search.aspx?sSearchText=%D7%9E%D7%A9%D7%A0%D7%AA%20%D7%90%D7%A8%D7%A5%20%D7%99%D7%A9%D7%A8%D7%90%D7%9C&lang=#0,2026-10-09T13:08:31.627173+00:00,
https://kotar.cet.ac.il/KotarApp/Viewer.aspx?nBookID=102847481,reachable,200,https://kotar.cet.ac.il/KotarApp/Viewer.aspx?nBookID=102847481,2026-10-09T13:08:32.067064+00:00,
https://kotar.cet.ac.il/kotarapp/index/Book.aspx?nBookID=104820662,reachable,200,https://kotar.cet.ac.il/kotarapp/index/Book.aspx?nBookID=104820662,2026-10-09T13:08:32.103501+00:00,
https://kotar.cet.ac.il/kotarapp/index/Book.aspx?nBookID=105755469,reachable,200,https://kotar.cet.ac.il/kotarapp/index/Book.aspx?nBookID=105755469,2026-10-09T13:08:32.183573+00:00,
https://kotar.cet.ac.il/kotarapp/index/Book.aspx?nBookID=108308905,reachable,200,https://kotar.cet.ac.il/kotarapp/index/Book.aspx?nBookID=108308905,2026-10-09T13:08:32.381111+00:00,
https://kotar.cet.ac.il/kotarapp/index/Book.aspx?nBookID=108702657,reachable,200,https://kotar.cet.ac.il/kotarapp/index/Book.aspx?nBookID=108702657,2026-10-09T13:08:32.384022+00:00,
https://kotar.cet.ac.il/kotarapp/index/Book.aspx?nBookID=109043536,reachable,200,https://kotar.cet.ac.il/kotarapp/index/Book.aspx?nBookID=109043536,2026-10-09T13:08:32.404311+00:00,
https://law.tau.ac.il/dine_israel/published,reachable,200,https://law.tau.ac.il/dine_israel/published,2026-10-09T13:08:32.602724+00:00,
https://leshoniada.co.il/,blocked_or_restricted,403,https://leshoniada.co.il/,2026-10-09T13:08:32.636909+00:00,
https://lib.biu.ac.il/en/Ebooks%20%20Full%20,redirected,200,https://validate.perfdrive.com/?ssa=71152e20-4cbe-4ba8-94cc-ad777093044b&ssb=89581259144&ssc=https%3A%2F%2Flib.biu.ac.il%2Fen%2FEbooks%2520%2520Full%2520&ssi=a4a9c010-dzai-4577-979c-f546a7d12790&ssk=botmanager_support@radware.com&ssm=07666324138797802107862986671044&ssn=fe6c9d4fd8cced0189f4292235c990bc8ed29e69e02c-64bb-4f56-93f954&sso=0fc0792b-9f5c30896685caf691ba841240ddb6e359be0c46b6f54188&ssp=08165366081791567022179153491949865&ssq=74472905131411685550951314273952121091245&ssr=MzQuOTMuODkuNzE=&sst=JewishResearchGuideLinkAudit/2026+(link+availability+check)&ssu=&ssv=&ssw=&ssx=eyJfX3V6bWYiOiI3ZjkwMDA5ZTY5ZTAyYy02NGJiLTRmNTYtOTkyYi05ZjVjMzA4OTY2ODUxLTE3OTE1NTEzMTQyODUwLTAwMWM4NGExZmE1YTk4MDA4Y2YxMCIsInV6bXgiOiI3ZmMwMDAwY2Y4MWQ2OS1lYmYyLTQ4NWMtYTg4MC05MjljYjE0NTE4MmMxLTE3OTE1NTEzMTQyODUwLTAwODZjMzAyODYwY2U5NDUyZWIxMCIsInJkIjoiYml1LmFjLmlsIn0=,2026-10-09T13:08:32.715720+00:00,
https://lib.biu.ac.il/en/db-subject/198,reachable,200,https://lib.biu.ac.il/en/db-subject/198,2026-10-09T13:08:32.741736+00:00,
https://lib.biu.ac.il/en/db-subject/217,reachable,200,https://lib.biu.ac.il/en/db-subject/217,2026-10-09T13:08:32.845306+00:00,
https://lib.biu.ac.il/en/node/1702,reachable,200,https://lib.biu.ac.il/en/node/1702,2026-10-09T13:08:32.868577+00:00,
https://lib.biu.ac.il/en/node/264,reachable,200,https://lib.biu.ac.il/en/node/264,2026-10-09T13:08:32.877402+00:00,
https://lib.cet.ac.il/pages/,redirected,200,https://inactivesite.cet.ac.il/,2026-10-09T13:08:33.455394+00:00,
https://lib.cet.ac.il/pages/about.asp,redirected,200,https://inactivesite.cet.ac.il/,2026-10-09T13:08:33.590368+00:00,
https://lib.cet.ac.il/pages/sub.asp?source=139,redirected,200,https://inactivesite.cet.ac.il/,2026-10-09T13:08:33.873471+00:00,
https://lib.pshita.cet.ac.il/pages/frontpage.asp,not_found,404,https://lib.pshita.cet.ac.il/pages/frontpage.asp,2026-10-09T13:08:33.902963+00:00,
https://libguides.cjh.org/az.php,reachable,200,https://libguides.cjh.org/az.php,2026-10-09T13:08:33.913775+00:00,
https://libguides.northwestern.edu/c.php?g=114862&p=749233,reachable,200,https://libguides.northwestern.edu/c.php?g=114862&p=749233,2026-10-09T13:08:33.917589+00:00,
https://libraries.ou.edu/content/understanding-academiaedu-and-researchgate,not_found,404,https://libraries.ou.edu/impact-challenge-chapter/understanding-academiaedu-and-researchgate,2026-10-09T13:08:34.010764+00:00,
https://library.alhatorah.org/,reachable,200,https://library.alhatorah.org/,2026-10-09T13:08:34.016119+00:00,
https://library.alhatorah.org/?r1=Mishna_MS_Kaufmann_Berakhot_1,reachable,200,https://library.alhatorah.org/?r1=Mishna_MS_Kaufmann_Berakhot_1,2026-10-09T13:08:34.021663+00:00,
https://library.alhatorah.org/?r1=Mishnat_Eretz_Yisrael_Berakhot_Introduction,reachable,200,https://library.alhatorah.org/?r1=Mishnat_Eretz_Yisrael_Berakhot_Introduction,2026-10-09T13:08:34.273151+00:00,
https://library.alhatorah.org/?r1=Steinsaltz_Commentary_Berakhot_2a,reachable,200,https://library.alhatorah.org/?r1=Steinsaltz_Commentary_Berakhot_2a,2026-10-09T13:08:34.647745+00:00,
https://library.alhatorah.org/?r1=Targum_Yerushalmi_(Neofiti)_Bereshit_1:1,reachable,200,https://library.alhatorah.org/?r1=Targum_Yerushalmi_(Neofiti)_Bereshit_1:1,2026-10-09T13:08:34.682026+00:00,
https://library.alhatorah.org/Editions#English,reachable,200,https://library.alhatorah.org/Editions#English,2026-10-09T13:08:35.358541+00:00,
https://library.brown.edu/iip/about/why_inscription/,not_found,404,https://www.inscriptionsisraelpalestine.org/about/why_inscription/,2026-10-09T13:08:35.426011+00:00,
https://library.brown.edu/iip/index/,redirected,200,https://www.inscriptionsisraelpalestine.org/,2026-10-09T13:08:35.439317+00:00,
https://liebes.huji.ac.il/,reachable,200,https://liebes.huji.ac.il/,2026-10-09T13:08:35.499825+00:00,
https://maagarim.hebrew-academy.org.il/Pages/PMain.aspx,blocked_or_restricted,403,https://maagarim.hebrew-academy.org.il/Pages/PMain.aspx,2026-10-09T13:08:35.525817+00:00,
https://manuscripts.genizah.org/,redirected,200,https://fjms.genizah.org/,2026-10-09T13:08:35.559977+00:00,
https://mechon-mamre.org/,reachable,200,https://mechon-mamre.org/,2026-10-09T13:08:35.576613+00:00,
https://mekoros.com/,redirected,200,https://www.mekoros.com/,2026-10-09T13:13:37.572870+00:00,
"https://merhav.nli.org.il/primo-explore/search?query=any,contains,NNL&sortby=rank&vid=NLI&lang=en_US",blocked_or_restricted,403,"https://merhav.nli.org.il/primo-explore/search?query=any,contains,NNL&sortby=rank&vid=NLI&lang=en_US",2026-10-09T13:08:35.663210+00:00,
https://merhav.nli.org.il/primo-explore/search?vid=NLI&lang=iw_IL,blocked_or_restricted,403,https://merhav.nli.org.il/primo-explore/search?vid=NLI&lang=iw_IL,2026-10-09T13:08:35.974822+00:00,
https://mg.alhatorah.org,redirected,200,https://mg.alhatorah.org/,2026-10-09T13:08:36.034235+00:00,
https://mg.alhatorah.org/Editions,reachable,200,https://mg.alhatorah.org/Editions,2026-10-09T13:08:36.188826+00:00,
https://mishneh.ai/,network_error,,https://mishneh.ai/,2026-10-09T13:13:37.932727+00:00,"curl: (6) Could not resolve host: mishneh.ai
"
https://mishpacha.com/one-for-the-books-3/,reachable,200,https://mishpacha.com/one-for-the-books-3/,2026-10-09T13:08:36.300462+00:00,
https://mobile.twitter.com/Footprints_Heb,redirected,200,https://x.com/Footprints_Heb,2026-10-09T13:08:36.432077+00:00,
https://mobile.twitter.com/dayenupal,redirected,200,https://x.com/dayenupal,2026-10-09T13:08:37.248702+00:00,
https://mobile.twitter.com/hashtag/dhjewish?src=hashtag_click,redirected,200,https://x.com/i/jf/onboarding/web?redirect_after_login=%2Fhashtag%2Fdhjewish%3Fsrc%3Dhashtag_click&mode=login,2026-10-09T13:08:37.345324+00:00,
https://mobile.twitter.com/hchesner,redirected,200,https://x.com/hchesner,2026-10-09T13:08:37.636064+00:00,
https://mosaicmagazine.com/author/philologos/,redirected,200,https://ideas.tikvah.org/mosaic/authors/philologos?welcome=mosaic,2026-10-09T13:08:37.636545+00:00,
https://nachumsite.genizah.org/,reachable,200,https://nachumsite.genizah.org/,2026-10-09T13:08:37.639886+00:00,
https://nakdan.dicta.org.il/,reachable,200,https://nakdan.dicta.org.il/,2026-10-09T13:08:38.331328+00:00,
https://netanya.academia.edu/MoshePinchuk,blocked_or_restricted,403,https://netanya.academia.edu/MoshePinchuk,2026-10-09T13:08:38.364858+00:00,
"https://nli.userservices.exlibrisgroup.com/view/uresolver/972NNL_INST/openurl?Force_direct=false&ctx_enc=info:ofi/enc:UTF-8&ctx_id=10_1&ctx_tim=2022-01-06T17%3A01%3A41IST&ctx_ver=Z39.88-2004&url_ctx_fmt=info:ofi/fmt:kev:mtx:ctx&url_ver=Z39.88-2004&rfr_id=info:sid/primo.exlibrisgroup.com-NNL_ALEPH&req_id=&rft_dat=ie=972NNL_INST/51440491650005171,ie=972NNL_INST:51440491650005171,language=heb,view=NLI&svc_dat=viewit&u.ignore_date_coverage=true&Force_direct=true&is_new_ui=true",reachable,200,"https://nli.userservices.exlibrisgroup.com/view/uresolver/972NNL_INST/openurl?Force_direct=false&ctx_enc=info:ofi/enc:UTF-8&ctx_id=10_1&ctx_tim=2022-01-06T17%3A01%3A41IST&ctx_ver=Z39.88-2004&url_ctx_fmt=info:ofi/fmt:kev:mtx:ctx&url_ver=Z39.88-2004&rfr_id=info:sid/primo.exlibrisgroup.com-NNL_ALEPH&req_id=&rft_dat=ie=972NNL_INST/51440491650005171,ie=972NNL_INST:51440491650005171,language=heb,view=NLI&svc_dat=viewit&u.ignore_date_coverage=true&Force_direct=true&is_new_ui=true",2026-10-09T13:08:38.372327+00:00,
https://onegkg.github.io/Jastrow-Search/,reachable,200,https://onegkg.github.io/Jastrow-Search/,2026-10-09T13:13:37.964807+00:00,
https://onegshabbat.blogspot.com/,reachable,200,https://onegshabbat.blogspot.com/,2026-10-09T13:08:38.390356+00:00,
https://openlibrary.org/search/subjects?q=jewish+&mode=everything,reachable,200,https://openlibrary.org/search/subjects?q=jewish+&mode=everything,2026-10-09T13:08:38.437333+00:00,
https://opensiddur.org/,blocked_or_restricted,403,https://opensiddur.org/,2026-10-09T13:08:39.057602+00:00,
https://opensiddur.org/compilations/liturgical/siddurim/kol-bo/maimonides-seder-tefillot/,blocked_or_restricted,403,https://opensiddur.org/compilations/liturgical/siddurim/kol-bo/maimonides-seder-tefillot/,2026-10-09T13:08:39.122947+00:00,
https://orot.ac.il/%D7%90%D7%95%D7%A8%D7%A9%D7%AA,blocked_or_restricted,403,https://orot.ac.il/%D7%90%D7%95%D7%A8%D7%A9%D7%AA,2026-10-09T13:08:39.177716+00:00,
https://orot.ac.il/%D7%98%D7%9C%D7%9C%D7%99-%D7%90%D7%95%D7%A8%D7%95%D7%AA,blocked_or_restricted,403,https://orot.ac.il/%D7%98%D7%9C%D7%9C%D7%99-%D7%90%D7%95%D7%A8%D7%95%D7%AA,2026-10-09T13:08:39.188073+00:00,
https://pastebin.com/ztKwQJSU,reachable,200,https://pastebin.com/ztKwQJSU,2026-10-09T13:08:39.235137+00:00,
https://peace.sites.uu.nl/about/peace/,reachable,200,https://peace.sites.uu.nl/about/peace/,2026-10-09T13:08:39.241082+00:00,
https://peace.sites.uu.nl/epigraphy/search/,reachable,200,https://peace.sites.uu.nl/epigraphy/search/,2026-10-09T13:08:39.369422+00:00,
https://play.google.com/store/apps/details?id=com.Rollep.MishneTora&hl=en&gl=US,reachable,200,https://play.google.com/store/apps/details?id=com.Rollep.MishneTora&hl=en&gl=US,2026-10-09T13:08:39.546372+00:00,
https://play.google.com/store/apps/details?id=org.sefaria.sefaria&hl=en&gl=US,reachable,200,https://play.google.com/store/apps/details?id=org.sefaria.sefaria&hl=en&gl=US,2026-10-09T13:08:39.701396+00:00,
https://podcasts.apple.com/us/podcast/good-faith-effort/id1536163226,reachable,200,https://podcasts.apple.com/us/podcast/good-faith-effort/id1536163226,2026-10-09T13:08:39.829342+00:00,
https://podcasts.apple.com/us/podcast/misfit-torah/id1399327341,reachable,200,https://podcasts.apple.com/us/podcast/misfit-torah/id1399327341,2026-10-09T13:08:39.871419+00:00,
https://pshatgpt.com/,reachable,200,https://pshatgpt.com/,2026-10-09T13:13:38.026099+00:00,
https://publicdomainreview.org/collections/source/british-library,reachable,200,https://publicdomainreview.org/collections/source/british-library,2026-10-09T13:08:40.036881+00:00,
https://rambam.genizah.org/,redirected,200,https://fjms.genizah.org/,2026-10-09T13:08:40.144304+00:00,
https://ramhal.net/%d7%a1%d7%a4%d7%a8%d7%99-%d7%95%d7%9e%d7%90%d7%9e%d7%a8%d7%99-%d7%94%d7%a8%d7%9e%d7%97%d7%9c/,reachable,200,https://ramhal.net/%d7%a1%d7%a4%d7%a8%d7%99-%d7%95%d7%9e%d7%90%d7%9e%d7%a8%d7%99-%d7%94%d7%a8%d7%9e%d7%97%d7%9c/,2026-10-09T13:08:40.279898+00:00,
https://rashi.alhatorah.org/,reachable,200,https://rashi.alhatorah.org/,2026-10-09T13:08:40.338000+00:00,
https://readcoop.eu/model/hebrew-script-languages/,redirected,200,https://www.transkribus.org/models/hebrew-script-languages,2026-10-09T13:08:40.526594+00:00,
https://removenikud.dicta.org.il/,reachable,200,https://removenikud.dicta.org.il/,2026-10-09T13:08:41.127054+00:00,
https://resources.nnlp-il.mafat.ai/,reachable,200,https://resources.nnlp-il.mafat.ai/,2026-10-09T13:13:38.158715+00:00,
https://safranim.com/,reachable,200,https://safranim.com/,2026-10-09T13:08:41.153068+00:00,
https://safranim.com/2010/12/01/%D7%90%D7%A8%D7%95%D7%9F-%D7%94%D7%A1%D7%A4%D7%A8%D7%99%D7%9D-%D7%94%D7%99%D7%94%D7%95%D7%93%D7%99-%D7%94%D7%9E%D7%9E%D7%95%D7%97%D7%A9%D7%91-%D7%9E%D7%90%D7%92%D7%A8%D7%99-%D7%9E%D7%99%D7%93%D7%A2/,reachable,200,https://safranim.com/2010/12/01/%D7%90%D7%A8%D7%95%D7%9F-%D7%94%D7%A1%D7%A4%D7%A8%D7%99%D7%9D-%D7%94%D7%99%D7%94%D7%95%D7%93%D7%99-%D7%94%D7%9E%D7%9E%D7%95%D7%97%D7%A9%D7%91-%D7%9E%D7%90%D7%92%D7%A8%D7%99-%D7%9E%D7%99%D7%93%D7%A2/,2026-10-09T13:08:41.905281+00:00,
https://schechter.ac.il/research-center/midrash/,blocked_or_restricted,403,https://schechter.ac.il/research-center/midrash/,2026-10-09T13:08:41.918425+00:00,
https://scholar.google.com/,reachable,200,https://scholar.google.com/,2026-10-09T13:08:41.925029+00:00,
https://scribalerror.substack.com/,reachable,200,https://scribalerror.substack.com/,2026-10-09T13:08:42.012914+00:00,
https://search.dicta.org.il/,reachable,200,https://search.dicta.org.il/,2026-10-09T13:08:42.023937+00:00,
https://seforimblog.com/,reachable,200,https://seforimblog.com/,2026-10-09T13:08:42.095039+00:00,
https://seforimblog.com/2022/01/daf-yomi-seforim-on-moed-katan-part-one/,reachable,200,https://seforimblog.com/2022/01/daf-yomi-seforim-on-moed-katan-part-one/,2026-10-09T13:08:42.112683+00:00,
https://seforimblog.com/2022/03/guide-and-review-of-online-resources-2022-part-i/,reachable,200,https://seforimblog.com/2022/03/guide-and-review-of-online-resources-2022-part-i/,2026-10-09T13:08:42.406034+00:00,
https://seforimblog.com/2022/05/guide-and-review-of-online-resources-2022-part-ii/,reachable,200,https://seforimblog.com/2022/05/guide-and-review-of-online-resources-2022-part-ii/,2026-10-09T13:08:42.777660+00:00,
https://seforimblog.com/2022/07/guide-and-review-of-online-resources-2022-part-iii/,reachable,200,https://seforimblog.com/2022/07/guide-and-review-of-online-resources-2022-part-iii/,2026-10-09T13:08:42.891801+00:00,
https://seforimblog.com/2023/06/from-print-to-pixel-digital-editions-of-the-talmud-bavli/,reachable,200,https://seforimblog.com/2023/06/from-print-to-pixel-digital-editions-of-the-talmud-bavli/,2026-10-09T13:08:42.997644+00:00,
https://seforimchatter.buzzsprout.com/1218638/4566857-with-prof-marc-shapiro-discussing-his-books-rav-mazuz-rabbi-dr-yitzchak-isadore-twersky-and-more,redirected,200,https://seforimchatter.buzzsprout.com/1218638/episodes/4566857-with-prof-marc-shapiro-discussing-his-books-rav-mazuz-rabbi-dr-yitzchak-isadore-twersky-and-more,2026-10-09T13:08:43.089841+00:00,
https://seforimchatter.buzzsprout.com/1218638/4566965-with-rabbi-dr-jacob-j-schacter-discussing-rav-yaakov-emden-the-yaavetz,redirected,200,https://seforimchatter.buzzsprout.com/1218638/episodes/4566965-with-rabbi-dr-jacob-j-schacter-discussing-rav-yaakov-emden-the-yaavetz,2026-10-09T13:08:43.155368+00:00,
https://seforimchatter.buzzsprout.com/1218638/4587641-introduction-show,redirected,200,https://seforimchatter.buzzsprout.com/1218638/episodes/4587641-introduction-show,2026-10-09T13:08:43.557439+00:00,
https://segment.dicta.org.il/,reachable,200,https://segment.dicta.org.il/,2026-10-09T13:08:43.747964+00:00,
https://segulamag.com/,reachable,200,https://segulamag.com/,2026-10-09T13:08:43.766845+00:00,
https://sfardata.nli.org.il/,blocked_or_restricted,403,https://sfardata.nli.org.il/,2026-10-09T13:08:43.815882+00:00,
https://sofermahir.hypotheses.org/59,reachable,200,https://sofermahir.hypotheses.org/59,2026-10-09T13:08:43.831749+00:00,
https://synoptic.dicta.org.il/,reachable,200,https://synoptic.dicta.org.il/,2026-10-09T13:08:44.122747+00:00,
https://t.me/s/NLITorani,redirected,200,https://t.me/NLITorani,2026-10-09T13:08:44.234199+00:00,
https://talmud.biu.ac.il/sites/talmud/files/shared/%D7%AA%D7%9C%D7%9E%D7%95%D7%93%20%D7%A1%D7%99%D7%9C%D7%91%D7%95%D7%A1%D7%99%D7%9D%20%D7%AA%D7%A9%D7%A4%D7%91/%D7%90%D7%A8%D7%A0%D7%9309101%D7%94%D7%93%D7%A8%D7%9B%D7%94.pdf,reachable,200,https://talmud.biu.ac.il/sites/talmud/files/shared/%D7%AA%D7%9C%D7%9E%D7%95%D7%93%20%D7%A1%D7%99%D7%9C%D7%91%D7%95%D7%A1%D7%99%D7%9D%20%D7%AA%D7%A9%D7%A4%D7%91/%D7%90%D7%A8%D7%A0%D7%9309101%D7%94%D7%93%D7%A8%D7%9B%D7%94.pdf,2026-10-09T13:08:44.245067+00:00,
https://talmud.page/,reachable,200,https://talmud.page/,2026-10-09T13:13:38.177627+00:00,
https://talmudsearch.dicta.org.il/,reachable,200,https://talmudsearch.dicta.org.il/,2026-10-09T13:08:44.464988+00:00,
https://tashma.jewishoffice.co.il/,network_error,,https://tashma.jewishoffice.co.il/,2026-10-09T13:08:44.546881+00:00,"curl: (6) Could not resolve host: tashma.jewishoffice.co.il
"
https://thegemara.com/,reachable,200,https://thegemara.com/,2026-10-09T13:08:44.639021+00:00,
https://thegemara.com/about,redirected,200,https://thegemara.com/about/,2026-10-09T13:08:44.702631+00:00,
https://thelehrhaus.com/,reachable,200,https://thelehrhaus.com/,2026-10-09T13:08:44.924036+00:00,
https://thelehrhaus.com/commentary/torah-study-and-the-digital-revolution-a-glimpse-of-the-future/,reachable,200,https://thelehrhaus.com/commentary/torah-study-and-the-digital-revolution-a-glimpse-of-the-future/,2026-10-09T13:08:45.022683+00:00,
https://thelehrhaus.com/talmud-and-halakhah/,reachable,200,https://thelehrhaus.com/talmud-and-halakhah/,2026-10-09T13:08:45.033835+00:00,
https://thepeoplestalmud.com/#!,reachable,200,https://thepeoplestalmud.com/#!,2026-10-09T13:08:45.062080+00:00,
https://thetalmud.blog/,reachable,200,https://thetalmud.blog/,2026-10-09T13:08:45.402825+00:00,
https://thetalmud.blog/2016/06/19/we-read-thus-on-hachi-garsinan-and-learning-talmud-in-the-21st-century/,reachable,200,https://thetalmud.blog/2016/06/19/we-read-thus-on-hachi-garsinan-and-learning-talmud-in-the-21st-century/,2026-10-09T13:08:45.447687+00:00,
https://thetalmud.blog/toolbox/search-engines-and-other-web-resources/,reachable,200,https://thetalmud.blog/toolbox/search-engines-and-other-web-resources/,2026-10-09T13:08:45.488202+00:00,
https://thetalmud.blog/toolbox/textual-witnesses-pictures-transcriptions-descriptions-and-synopsi/,reachable,200,https://thetalmud.blog/toolbox/textual-witnesses-pictures-transcriptions-descriptions-and-synopsi/,2026-10-09T13:08:45.500293+00:00,
https://tiresias.haifa.ac.il/?subj=burial,http_error,500,https://tiresias.haifa.ac.il/?subj=burial,2026-10-09T13:08:45.909253+00:00,
https://tiresias.haifa.ac.il/?subj=ezezez:1778,http_error,500,https://tiresias.haifa.ac.il/?subj=ezezez:1778,2026-10-09T13:08:46.132392+00:00,
https://tiresias.haifa.ac.il/?subj=synagogue,http_error,500,https://tiresias.haifa.ac.il/?subj=synagogue,2026-10-09T13:08:46.140020+00:00,
https://tiresias.haifa.ac.il/texts,http_error,500,https://tiresias.haifa.ac.il/texts,2026-10-09T13:08:46.143410+00:00,
https://torah-research.yaakovbeckerman.com/,reachable,200,https://torah-research.yaakovbeckerman.com/,2026-10-09T13:13:38.184334+00:00,
https://traditiononline.org/archives/,reachable,200,https://traditiononline.org/archives/,2026-10-09T13:08:46.162252+00:00,
https://traditiononline.org/traditionpodcast/,reachable,200,https://traditiononline.org/traditionpodcast/,2026-10-09T13:08:46.518234+00:00,
https://twitter.com/SeforimChatter,redirected,200,https://x.com/SeforimChatter,2026-10-09T13:08:46.752938+00:00,
https://twitter.com/genizalab,redirected,200,https://x.com/genizalab,2026-10-09T13:08:47.091958+00:00,
https://twitter.com/mrustow,redirected,200,https://x.com/mrustow,2026-10-09T13:08:47.248115+00:00,
https://twitter.com/nlisrael,redirected,200,https://x.com/nlisrael,2026-10-09T13:08:47.281669+00:00,
https://twitter.com/nlitorani,not_found,404,https://x.com/nlitorani,2026-10-09T13:08:47.345635+00:00,
https://ucsb.academia.edu/ElliotWolfson,blocked_or_restricted,403,https://ucsb.academia.edu/ElliotWolfson,2026-10-09T13:08:47.835647+00:00,
https://web.archive.org/web/20050209182706/http://www.virtualgeula.com/archival/eng/cat-ti-e.htm#BB,reachable,200,https://web.archive.org/web/20050209182706/http://www.virtualgeula.com/archival/eng/cat-ti-e.htm#BB,2026-10-09T13:08:47.892512+00:00,
https://web.archive.org/web/20070311031116/http://www.digento.de/zusatz/101413_01,reachable,200,https://web.archive.org/web/20070311031116/http://www.digento.de/zusatz/101413_01,2026-10-09T13:08:47.957177+00:00,
https://web.nli.org.il/sites/NLI/Hebrew/digitallibrary/moreshet_bareshet/Pages/default.aspx,not_found,410,https://web.nli.org.il/sites/NLI/Hebrew/digitallibrary/moreshet_bareshet/Pages/default.aspx,2026-10-09T13:08:48.125377+00:00,
https://web.nli.org.il/sites/NLI/Hebrew/library/services/interlibrary%20loan/Pages/photos_loan.aspx,not_found,410,https://web.nli.org.il/sites/NLI/Hebrew/library/services/interlibrary%20loan/Pages/photos_loan.aspx,2026-10-09T13:08:48.158318+00:00,
https://web.nli.org.il/sites/nli/hebrew/collections/jewish-collection/talmud/pages/default.aspx,not_found,410,https://web.nli.org.il/sites/nli/hebrew/collections/jewish-collection/talmud/pages/default.aspx,2026-10-09T13:08:49.276457+00:00,
https://web.nli.org.il/sites/nlis/en/manuscript,not_found,410,https://web.nli.org.il/sites/nlis/en/manuscript,2026-10-09T13:08:49.791353+00:00,
https://whitmanarchive.org/about/articles/anc.00267.html,blocked_or_restricted,403,https://whitmanarchive.org/about/articles/anc.00267.html,2026-10-09T13:08:49.820306+00:00,
https://wordplay.dicta.org.il/,reachable,200,https://wordplay.dicta.org.il/,2026-10-09T13:08:49.830327+00:00,
https://www.929.org.il/p/home,reachable,200,https://www.929.org.il/p/home,2026-10-09T13:08:49.908635+00:00,
https://www.929.org.il/page/528/post/12882,reachable,200,https://www.929.org.il/page/528/post/12882,2026-10-09T13:08:49.966793+00:00,
https://www.academia.edu/,blocked_or_restricted,403,https://www.academia.edu/,2026-10-09T13:08:50.010928+00:00,
https://www.academia.edu/103620375/Presentation_slides_A_Selective_Overview_of_Digital_Resources_for_the_Scholarly_Study_of_Rabbinic_Texts,blocked_or_restricted,403,https://www.academia.edu/103620375/Presentation_slides_A_Selective_Overview_of_Digital_Resources_for_the_Scholarly_Study_of_Rabbinic_Texts,2026-10-09T13:08:50.080511+00:00,
https://www.academia.edu/106385574/Words_of_Wisdom_Word_Counts_of_Classical_Jewish_Works,blocked_or_restricted,403,https://www.academia.edu/106385574/Words_of_Wisdom_Word_Counts_of_Classical_Jewish_Works,2026-10-09T13:08:50.155848+00:00,
https://www.academia.edu/11120558/%D7%9E%D7%97%D7%91%D7%A8%D7%95%D7%AA_%D7%9E%D7%A0%D7%97%D7%9E%D7%99%D7%95%D7%AA_%D7%AA%D7%9C%D7%9E%D7%95%D7%93_%D7%91%D7%91%D7%9C%D7%99_%D7%A7%D7%99%D7%93%D7%95%D7%A9%D7%99%D7%9F_%D7%A4%D7%A8%D7%A7_%D7%90_%D7%9E%D7%A9%D7%A0%D7%94_%D7%90_%D7%91_%D7%A2_%D7%90_%D7%99%D7%93_%D7%A2_%D7%91_,blocked_or_restricted,403,https://www.academia.edu/11120558/%D7%9E%D7%97%D7%91%D7%A8%D7%95%D7%AA_%D7%9E%D7%A0%D7%97%D7%9E%D7%99%D7%95%D7%AA_%D7%AA%D7%9C%D7%9E%D7%95%D7%93_%D7%91%D7%91%D7%9C%D7%99_%D7%A7%D7%99%D7%93%D7%95%D7%A9%D7%99%D7%9F_%D7%A4%D7%A8%D7%A7_%D7%90_%D7%9E%D7%A9%D7%A0%D7%94_%D7%90_%D7%91_%D7%A2_%D7%90_%D7%99%D7%93_%D7%A2_%D7%91_,2026-10-09T13:08:50.196313+00:00,
https://www.academia.edu/13224118/%D7%9E%D7%97%D7%91%D7%A8%D7%95%D7%AA_%D7%9E%D7%A0%D7%97%D7%9E%D7%99%D7%95%D7%AA_%D7%AA%D7%9C%D7%9E%D7%95%D7%93_%D7%91%D7%91%D7%9C%D7%99_%D7%A7%D7%99%D7%93%D7%95%D7%A9%D7%99%D7%9F_%D7%A4%D7%A8%D7%A7_%D7%90_%D7%9E%D7%A9%D7%A0%D7%99%D7%95%D7%AA_%D7%91_%D7%92_%D7%9E%D7%A1%D7%9B%D7%AA_%D7%A2%D7%91%D7%93%D7%99%D7%9D_%D7%99%D7%93_%D7%A2_%D7%91_%D7%9B%D7%94_%D7%A2_%D7%91_Qiddushin,blocked_or_restricted,403,https://www.academia.edu/13224118/%D7%9E%D7%97%D7%91%D7%A8%D7%95%D7%AA_%D7%9E%D7%A0%D7%97%D7%9E%D7%99%D7%95%D7%AA_%D7%AA%D7%9C%D7%9E%D7%95%D7%93_%D7%91%D7%91%D7%9C%D7%99_%D7%A7%D7%99%D7%93%D7%95%D7%A9%D7%99%D7%9F_%D7%A4%D7%A8%D7%A7_%D7%90_%D7%9E%D7%A9%D7%A0%D7%99%D7%95%D7%AA_%D7%91_%D7%92_%D7%9E%D7%A1%D7%9B%D7%AA_%D7%A2%D7%91%D7%93%D7%99%D7%9D_%D7%99%D7%93_%D7%A2_%D7%91_%D7%9B%D7%94_%D7%A2_%D7%91_Qiddushin,2026-10-09T13:08:50.242349+00:00,
https://www.academia.edu/18819286/Qiddushin_%D7%9E%D7%97%D7%91%D7%A8%D7%95%D7%AA_%D7%9E%D7%A0%D7%97%D7%9E%D7%99%D7%95%D7%AA_%D7%AA%D7%9C%D7%9E%D7%95%D7%93_%D7%91%D7%91%D7%9C%D7%99_%D7%A7%D7%99%D7%93%D7%95%D7%A9%D7%99%D7%9F_%D7%A4%D7%A8%D7%A7_%D7%90_%D7%9E%D7%A9%D7%A0%D7%99%D7%95%D7%AA_%D7%93_%D7%95_%D7%A7%D7%A0%D7%99%D7%99%D7%A0%D7%99_%D7%91%D7%94%D7%9E%D7%94_%D7%95%D7%A0%D7%9B%D7%A1%D7%99%D7%9D_%D7%9B%D7%94_%D7%A2_%D7%91_%D7%9B%D7%98_%D7%A2_%D7%90_,blocked_or_restricted,403,https://www.academia.edu/18819286/Qiddushin_%D7%9E%D7%97%D7%91%D7%A8%D7%95%D7%AA_%D7%9E%D7%A0%D7%97%D7%9E%D7%99%D7%95%D7%AA_%D7%AA%D7%9C%D7%9E%D7%95%D7%93_%D7%91%D7%91%D7%9C%D7%99_%D7%A7%D7%99%D7%93%D7%95%D7%A9%D7%99%D7%9F_%D7%A4%D7%A8%D7%A7_%D7%90_%D7%9E%D7%A9%D7%A0%D7%99%D7%95%D7%AA_%D7%93_%D7%95_%D7%A7%D7%A0%D7%99%D7%99%D7%A0%D7%99_%D7%91%D7%94%D7%9E%D7%94_%D7%95%D7%A0%D7%9B%D7%A1%D7%99%D7%9D_%D7%9B%D7%94_%D7%A2_%D7%91_%D7%9B%D7%98_%D7%A2_%D7%90_,2026-10-09T13:08:50.292537+00:00,
https://www.academia.edu/21126241/%D7%9E%D7%97%D7%91%D7%A8%D7%95%D7%AA_%D7%9E%D7%A0%D7%97%D7%9E%D7%99%D7%95%D7%AA_%D7%AA%D7%9C%D7%9E%D7%95%D7%93_%D7%91%D7%91%D7%9C%D7%99_%D7%9E%D7%A1%D7%9B%D7%AA_%D7%A7%D7%99%D7%93%D7%95%D7%A9%D7%99%D7%9F_%D7%A4%D7%A8%D7%A7_%D7%90_%D7%9E%D7%A9%D7%A0%D7%99%D7%95%D7%AA_%D7%96_%D7%99_%D7%9E%D7%A1%D7%9B%D7%AA_%D7%9E%D7%A6%D7%95%D7%95%D7%AA_%D7%9B%D7%98_%D7%A2_%D7%90_%D7%9E%D7%90_%D7%A2_%D7%90_,blocked_or_restricted,403,https://www.academia.edu/21126241/%D7%9E%D7%97%D7%91%D7%A8%D7%95%D7%AA_%D7%9E%D7%A0%D7%97%D7%9E%D7%99%D7%95%D7%AA_%D7%AA%D7%9C%D7%9E%D7%95%D7%93_%D7%91%D7%91%D7%9C%D7%99_%D7%9E%D7%A1%D7%9B%D7%AA_%D7%A7%D7%99%D7%93%D7%95%D7%A9%D7%99%D7%9F_%D7%A4%D7%A8%D7%A7_%D7%90_%D7%9E%D7%A9%D7%A0%D7%99%D7%95%D7%AA_%D7%96_%D7%99_%D7%9E%D7%A1%D7%9B%D7%AA_%D7%9E%D7%A6%D7%95%D7%95%D7%AA_%D7%9B%D7%98_%D7%A2_%D7%90_%D7%9E%D7%90_%D7%A2_%D7%90_,2026-10-09T13:08:50.330465+00:00,
https://www.academia.edu/24587460/%D7%9E%D7%97%D7%91%D7%A8%D7%95%D7%AA_%D7%9E%D7%A0%D7%97%D7%9E%D7%99%D7%95%D7%AA_%D7%A7%D7%99%D7%93%D7%95%D7%A9%D7%99%D7%9F_%D7%A4%D7%A8%D7%A7_%D7%91_Qiddushin,blocked_or_restricted,403,https://www.academia.edu/24587460/%D7%9E%D7%97%D7%91%D7%A8%D7%95%D7%AA_%D7%9E%D7%A0%D7%97%D7%9E%D7%99%D7%95%D7%AA_%D7%A7%D7%99%D7%93%D7%95%D7%A9%D7%99%D7%9F_%D7%A4%D7%A8%D7%A7_%D7%91_Qiddushin,2026-10-09T13:08:50.344718+00:00,
https://www.academia.edu/25088401/%D7%9E%D7%97%D7%91%D7%A8%D7%95%D7%AA_%D7%9E%D7%A0%D7%97%D7%9E%D7%99%D7%95%D7%AA_%D7%A7%D7%99%D7%93%D7%95%D7%A9%D7%99%D7%9F_%D7%A4%D7%A8%D7%A7_%D7%92_%D7%A0%D7%97_%D7%A2_%D7%91_%D7%A1%D7%98_%D7%A2_%D7%90_Qiddushin,blocked_or_restricted,403,https://www.academia.edu/25088401/%D7%9E%D7%97%D7%91%D7%A8%D7%95%D7%AA_%D7%9E%D7%A0%D7%97%D7%9E%D7%99%D7%95%D7%AA_%D7%A7%D7%99%D7%93%D7%95%D7%A9%D7%99%D7%9F_%D7%A4%D7%A8%D7%A7_%D7%92_%D7%A0%D7%97_%D7%A2_%D7%91_%D7%A1%D7%98_%D7%A2_%D7%90_Qiddushin,2026-10-09T13:08:50.381544+00:00,
https://www.academia.edu/25445026/%D7%9E%D7%97%D7%91%D7%A8%D7%95%D7%AA_%D7%9E%D7%A0%D7%97%D7%9E%D7%99%D7%95%D7%AA_%D7%A7%D7%99%D7%93%D7%95%D7%A9%D7%99%D7%9F_%D7%A4%D7%A8%D7%A7_%D7%93_Qiddushin,blocked_or_restricted,403,https://www.academia.edu/25445026/%D7%9E%D7%97%D7%91%D7%A8%D7%95%D7%AA_%D7%9E%D7%A0%D7%97%D7%9E%D7%99%D7%95%D7%AA_%D7%A7%D7%99%D7%93%D7%95%D7%A9%D7%99%D7%9F_%D7%A4%D7%A8%D7%A7_%D7%93_Qiddushin,2026-10-09T13:08:50.396656+00:00,
https://www.academia.edu/30989122/A_Database_for_the_Research_of_Talmud_Yerushalmi_Hebrew_,blocked_or_restricted,403,https://www.academia.edu/30989122/A_Database_for_the_Research_of_Talmud_Yerushalmi_Hebrew_,2026-10-09T13:08:50.440358+00:00,
https://www.academia.edu/38628191/Best_of_the_Web_for_the_Zohar_lectures_interviews_conferences_and_courses_rev_5_11_20_,blocked_or_restricted,403,https://www.academia.edu/38628191/Best_of_the_Web_for_the_Zohar_lectures_interviews_conferences_and_courses_rev_5_11_20_,2026-10-09T13:08:50.444662+00:00,
https://www.academia.edu/39895312/%D7%9E%D7%95%D7%A8%D7%94_%D7%94%D7%A0%D7%91%D7%95%D7%9B%D7%99%D7%9D_%D7%A8%D7%A9%D7%99%D7%9E%D7%AA_%D7%9E%D7%95%D7%A0%D7%97%D7%99_%D7%AA%D7%A8%D7%92%D7%95%D7%9D_%D7%95%D7%91%D7%99%D7%91%D7%9C%D7%99%D7%95%D7%92%D7%A8%D7%A4%D7%99%D7%94_Guide_for_the_Perplexed_Glossary_and_bibliography,blocked_or_restricted,403,https://www.academia.edu/39895312/%D7%9E%D7%95%D7%A8%D7%94_%D7%94%D7%A0%D7%91%D7%95%D7%9B%D7%99%D7%9D_%D7%A8%D7%A9%D7%99%D7%9E%D7%AA_%D7%9E%D7%95%D7%A0%D7%97%D7%99_%D7%AA%D7%A8%D7%92%D7%95%D7%9D_%D7%95%D7%91%D7%99%D7%91%D7%9C%D7%99%D7%95%D7%92%D7%A8%D7%A4%D7%99%D7%94_Guide_for_the_Perplexed_Glossary_and_bibliography,2026-10-09T13:08:50.496498+00:00,
https://www.academia.edu/59622961/_Three_Lectures_on_Habad_Hasidism_Schocken_Institute_Jerusalem_November_8_15_22_2021_Poser_Video_,blocked_or_restricted,403,https://www.academia.edu/59622961/_Three_Lectures_on_Habad_Hasidism_Schocken_Institute_Jerusalem_November_8_15_22_2021_Poser_Video_,2026-10-09T13:08:50.502320+00:00,
https://www.academia.edu/62424008/Malachi_Beit_Ari%C3%A9_Hebrew_Codicology_Historical_and_Comparative_Typology_of_Medieval_Hebrew_Codices_based_on_the_Documentation_of_the_Extant_Dated_Manuscripts_until_1540_using_a_Quantitative_Approach_Jerusalem_The_Israel_Academy_of_Sciences_and_Humanities_2022_,blocked_or_restricted,403,https://www.academia.edu/62424008/Malachi_Beit_Ari%C3%A9_Hebrew_Codicology_Historical_and_Comparative_Typology_of_Medieval_Hebrew_Codices_based_on_the_Documentation_of_the_Extant_Dated_Manuscripts_until_1540_using_a_Quantitative_Approach_Jerusalem_The_Israel_Academy_of_Sciences_and_Humanities_2022_,2026-10-09T13:08:50.537329+00:00,
https://www.academia.edu/72403082/Talmud_Yerushalmi_Digital_Critical_Edition_IRCDL_2022,blocked_or_restricted,403,https://www.academia.edu/72403082/Talmud_Yerushalmi_Digital_Critical_Edition_IRCDL_2022,2026-10-09T13:08:50.553698+00:00,
https://www.academia.edu/72820895/Mahbarot_Menachamyiot_%D7%90%D7%A7%D7%93%D7%9E%D7%95%D7%AA_%D7%9C%D7%9E%D7%94%D7%93%D7%95%D7%A8%D7%94_%D7%A9%D7%9C_%D7%94%D7%AA%D7%9C%D7%9E%D7%95%D7%93_%D7%94%D7%91%D7%91%D7%9C%D7%99_%D7%9E%D7%A1%D7%9B%D7%AA_%D7%A7%D7%99%D7%93%D7%95%D7%A9%D7%99%D7%9F_%D7%9E%D7%97%D7%91%D7%A8%D7%95%D7%AA_%D7%9E%D7%A0%D7%97%D7%9E%D7%99%D7%95%D7%AA,blocked_or_restricted,403,https://www.academia.edu/72820895/Mahbarot_Menachamyiot_%D7%90%D7%A7%D7%93%D7%9E%D7%95%D7%AA_%D7%9C%D7%9E%D7%94%D7%93%D7%95%D7%A8%D7%94_%D7%A9%D7%9C_%D7%94%D7%AA%D7%9C%D7%9E%D7%95%D7%93_%D7%94%D7%91%D7%91%D7%9C%D7%99_%D7%9E%D7%A1%D7%9B%D7%AA_%D7%A7%D7%99%D7%93%D7%95%D7%A9%D7%99%D7%9F_%D7%9E%D7%97%D7%91%D7%A8%D7%95%D7%AA_%D7%9E%D7%A0%D7%97%D7%9E%D7%99%D7%95%D7%AA,2026-10-09T13:08:50.585711+00:00,
https://www.academia.edu/83275646/Resources_for_the_Critical_Study_of_Rabbinic_Literature_in_the_Twenty_First_Century_in_Compendia_Rerum_Iudaicarum_ad_Novum_Testamentum_CRINT_16_Christine_Hayes_ed_Leiden_The_Netherlands_Brill_2022_pp_621_632,blocked_or_restricted,403,https://www.academia.edu/83275646/Resources_for_the_Critical_Study_of_Rabbinic_Literature_in_the_Twenty_First_Century_in_Compendia_Rerum_Iudaicarum_ad_Novum_Testamentum_CRINT_16_Christine_Hayes_ed_Leiden_The_Netherlands_Brill_2022_pp_621_632,2026-10-09T13:08:50.646571+00:00,
https://www.academia.edu/93648655/Meta_index_of_Halacha_Bruras_index_of_scanned_Jewish_books,blocked_or_restricted,403,https://www.academia.edu/93648655/Meta_index_of_Halacha_Bruras_index_of_scanned_Jewish_books,2026-10-09T13:08:50.647103+00:00,
https://www.academia.edu/94100918/Index_by_century_discussed_of_interviews_of_historians_on_Seforim_Chatter_podcast,blocked_or_restricted,403,https://www.academia.edu/94100918/Index_by_century_discussed_of_interviews_of_historians_on_Seforim_Chatter_podcast,2026-10-09T13:08:50.657402+00:00,
https://www.academia.edu/94396791/List_of_some_Greek_loan_words_in_Hazalic_writings,blocked_or_restricted,403,https://www.academia.edu/94396791/List_of_some_Greek_loan_words_in_Hazalic_writings,2026-10-09T13:08:50.712700+00:00,
https://www.amazon.com/Cambridge-Companion-Rabbinic-Literature-Companions-ebook/dp/B00AA8JWQ0/,reachable,200,https://www.amazon.com/Cambridge-Companion-Rabbinic-Literature-Companions-ebook/dp/B00AA8JWQ0/,2026-10-09T13:08:50.729182+00:00,
https://www.amazon.com/dp/B00B4FJ9BQ,reachable,200,https://www.amazon.com/dp/B00B4FJ9BQ,2026-10-09T13:08:50.734555+00:00,
https://www.amazon.com/dp/B00DY57D6C,reachable,200,https://www.amazon.com/dp/B00DY57D6C,2026-10-09T13:08:50.769214+00:00,
https://www.amazon.com/dp/B00SVSGVSI/,reachable,200,https://www.amazon.com/dp/B00SVSGVSI/,2026-10-09T13:08:50.782286+00:00,
https://www.amazon.com/dp/B084YWP1C8,reachable,200,https://www.amazon.com/dp/B084YWP1C8,2026-10-09T13:08:50.805884+00:00,
https://www.ariel.ac.il/wp/moreshet-israel-jurnal/,reachable,247,https://www.ariel.ac.il/wp/moreshet-israel-jurnal/,2026-10-09T13:08:50.833860+00:00,
https://www.associationforjewishstudies.org/professional-development/professional-development/digital-jewish-studies/perspectives-on-technology/online-resources-for-talmud-research-study-and-teaching,not_found,404,https://www.associationforjewishstudies.org/professional-development/professional-development/digital-jewish-studies/perspectives-on-technology/online-resources-for-talmud-research-study-and-teaching,2026-10-09T13:08:51.002397+00:00,
https://www.balashon.com/,reachable,200,https://www.balashon.com/,2026-10-09T13:08:51.465360+00:00,
https://www.bhol.co.il/forums/forum.asp?cat_id=38&forum_id=19616,blocked_or_restricted,403,https://www.bhol.co.il/forums/forum.asp?cat_id=38&forum_id=19616,2026-10-09T13:08:51.509573+00:00,
https://www.biu.ac.il/en/article/11914,redirected,200,https://validate.perfdrive.com/?ssa=ec74caf3-9620-4ed7-8502-9fb6d21ff347&ssb=04595216146&ssc=https%3A%2F%2Fwww.biu.ac.il%2Fen%2Farticle%2F11914&ssi=65db5f1c-d06e-4307-80dd-b18275e758f7&ssk=botmanager_support@radware.com&ssm=47043409043738608101572723169843&ssn=a0162e4a180688de1a9c6922d695b2067219b56d2b8a-e3b9-4855-ab6dd6&sso=81bb9ae0-c5ec2dff8d291a3cda7359e447f443cbb53a8ccf4e338c27&ssp=37134137401791598236179156673601747&ssq=14205095161863735951751618319727762628361&ssr=MzQuOTMuODkuNzE=&sst=JewishResearchGuideLinkAudit/2026+(link+availability+check)&ssu=&ssv=&ssw=&ssx=eyJfX3V6bWYiOiI3ZjkwMDBiNTZkMmI4YS1lM2I5LTQ4NTUtYWFlMC1jNWVjMmRmZjhkMjkxLTE3OTE1NTE2MTg1NTcwLTAwNWVkOWM5Yzg3YmMzNmQzNDUxMCIsInV6bXgiOiI3ZmMwMDAxMGEyMWUwNy0xYzM3LTQ4MWEtYTA1Zi1iMGI1MTBjODY2ZTMxLTE3OTE1NTE2MTg1NTcwLTAwODc3YmRlMWE3MmYxYjMxNjUxMCIsInJkIjoiYml1LmFjLmlsIn0=,2026-10-09T13:13:38.199416+00:00,
https://www.bonayich.com/project/otzar-hadmuyot/,reachable,200,https://www.bonayich.com/project/otzar-hadmuyot/,2026-10-09T13:08:51.521616+00:00,
https://www.cambridge.org/core/books/book-in-the-jewish-world-17001900/558158449B2B59B5694979AE0DB6746C,reachable,200,https://www.cambridge.org/core/books/book-in-the-jewish-world-17001900/558158449B2B59B5694979AE0DB6746C,2026-10-09T13:08:51.582917+00:00,
https://www.cantors.org/journal-of-synagogue-music/,reachable,200,https://www.cantors.org/journal-of-synagogue-music/,2026-10-09T13:08:52.521073+00:00,
https://www.chronicle.com/article/metrics-mania/,blocked_or_restricted,403,https://www.chronicle.com/article/metrics-mania/,2026-10-09T13:08:52.607981+00:00,
https://www.cotar-online.co.il/default.aspx?action=showKitveiEt,reachable,200,https://www.cotar-online.co.il/default.aspx?action=showKitveiEt,2026-10-09T13:08:52.687443+00:00,
https://www.daat.ac.il/,network_error,,https://www.daat.ac.il/,2026-10-09T13:08:52.782097+00:00,"curl: (28) Operation timed out after 22001 milliseconds with 0 bytes received
"
https://www.degruyter.com/document/doi/10.1515/9783110709834/html,redirected,202,https://www.degruyterbrill.com:443/document/doi/10.1515/9783110709834/html,2026-10-09T13:08:53.001304+00:00,
https://www.degruyter.com/search?query=licenseType%3A%22open-access%22&startItem=0&pageSize=10&sortBy=relevance&subjectFacet=JS&documentTypeFacet=book&languageFacet=en,redirected,202,https://www.degruyterbrill.com:443/search?query=licenseType%3A%22open-access%22&startItem=0&pageSize=10&sortBy=relevance&subjectFacet=JS&documentTypeFacet=book&languageFacet=en,2026-10-09T13:08:53.008520+00:00,
https://www.degruyter.com/serial/jertal-b/html,redirected,200,https://www.degruyterbrill.com:443/serial/jertal-b/html,2026-10-09T13:08:53.009240+00:00,
https://www.digitalhumanities.org/dhq/vol/17/1/000651/000651.html,redirected,200,https://dhq.digitalhumanities.org/vol/17/1/000651/000651.html,2026-10-09T13:08:53.022124+00:00,
https://www.eurojewishstudies.org/digital-forum-showcase-reports/epidat/,reachable,200,https://www.eurojewishstudies.org/digital-forum-showcase-reports/epidat/,2026-10-09T13:08:53.251652+00:00,
https://www.eurojewishstudies.org/digital-forum-showcase-reports/escriptorium/,reachable,200,https://www.eurojewishstudies.org/digital-forum-showcase-reports/escriptorium/,2026-10-09T13:08:53.266096+00:00,
https://www.eurojewishstudies.org/wp-content/uploads/2018/06/eajs-resources-17-09-07.pdf,reachable,200,https://www.eurojewishstudies.org/wp-content/uploads/2018/06/eajs-resources-17-09-07.pdf,2026-10-09T13:08:54.030589+00:00,
https://www.ezrabrand.com/,reachable,200,https://www.ezrabrand.com/,2026-10-09T13:08:54.321054+00:00,
https://www.ezrabrand.com/p/cataloguing-my-blogposts-an-organized-78d,reachable,200,https://www.ezrabrand.com/p/cataloguing-my-blogposts-an-organized-78d,2026-10-09T13:08:54.347195+00:00,
https://www.ezrabrand.com/p/evaluating-al-hatorahs-digital-repository,reachable,200,https://www.ezrabrand.com/p/evaluating-al-hatorahs-digital-repository,2026-10-09T13:08:54.394474+00:00,
https://www.facebook.com/NEAlibrary/?ref=aymt_homepage_panel,reachable,200,https://www.facebook.com/NEAlibrary/?ref=aymt_homepage_panel,2026-10-09T13:08:54.750136+00:00,
https://www.facebook.com/groups/2213868834/,redirected,200,https://www.facebook.com/login/?next=https%3A%2F%2Fwww.facebook.com%2Fgroups%2F2213868834%2F,2026-10-09T13:08:54.851166+00:00,
https://www.facebook.com/nathan.hirsch1,reachable,200,https://www.facebook.com/nathan.hirsch1,2026-10-09T13:08:55.134395+00:00,
https://www.fdr.uni-hamburg.de/record/9349#.YkQDuihBxPZ,reachable,200,https://www.fdr.uni-hamburg.de/record/9349#.YkQDuihBxPZ,2026-10-09T13:08:55.195127+00:00,
https://www.forbes.com/sites/drsarahbond/2017/01/23/dear-scholars-delete-your-account-at-academia-edu/?sh=17bc56872d62,blocked_or_restricted,403,https://www.forbes.com/sites/drsarahbond/2017/01/23/dear-scholars-delete-your-account-at-academia-edu/?sh=17bc56872d62,2026-10-09T13:08:55.211818+00:00,
https://www.gemaraberura.com/app/,reachable,200,https://www.gemaraberura.com/app/,2026-10-09T13:08:55.328995+00:00,
https://www.google.com/search?q=Encyclopaedia+Judaica+site%3Ahttps%3A%2F%2Fwww.encyclopedia.com%2F&lr=&safe=images&as_qdr=all&sxsrf=AOaemvKXF14_YwN1km1VZc1A5Ydsgo3PZg%3A1643176582404&ei=huLwYeb2F_2p9u8PwNiUwAk&ved=0ahUKEwjm0fzj3c71AhX9lP0HHUAsBZgQ4dUDCA4&uact=5&oq=Encyclopaedia+Judaica+site%3Ahttps%3A%2F%2Fwww.encyclopedia.com%2F&gs_lcp=Cgdnd3Mtd2l6EAM6BwgAEEcQsANKBAhBGABKBAhGGABQ7ANYtDBg-zNoAXACeACAAWuIAdYBkgEDMC4ymAEAoAECoAEByAEDwAEB&sclient=gws-wiz,reachable,200,https://www.google.com/search?q=Encyclopaedia+Judaica+site%3Ahttps%3A%2F%2Fwww.encyclopedia.com%2F&lr=&safe=images&as_qdr=all&sxsrf=AOaemvKXF14_YwN1km1VZc1A5Ydsgo3PZg%3A1643176582404&ei=huLwYeb2F_2p9u8PwNiUwAk&ved=0ahUKEwjm0fzj3c71AhX9lP0HHUAsBZgQ4dUDCA4&uact=5&oq=Encyclopaedia+Judaica+site%3Ahttps%3A%2F%2Fwww.encyclopedia.com%2F&gs_lcp=Cgdnd3Mtd2l6EAM6BwgAEEcQsANKBAhBGABKBAhGGABQ7ANYtDBg-zNoAXACeACAAWuIAdYBkgEDMC4ymAEAoAECoAEByAEDwAEB&sclient=gws-wiz,2026-10-09T13:08:55.343939+00:00,
https://www.haaretz.co.il/magazine/the-edge/mehasafa/.premium-1.2853618,redirected,200,https://www.haaretz.co.il/magazine/the-edge/mehasafa/2016-02-17/ty-article/.premium/0000017f-db69-df62-a9ff-dfff7bfc0000,2026-10-09T13:08:55.513592+00:00,
https://www.hamichlol.org.il/%D7%A7%D7%98%D7%92%D7%95%D7%A8%D7%99%D7%94:%D7%94%D7%9E%D7%9B%D7%9C%D7%95%D7%9C:_%D7%A2%D7%A8%D7%9B%D7%99%D7%9D_%D7%A9%D7%A0%D7%95%D7%A6%D7%A8%D7%95_%D7%91%D7%9E%D7%9B%D7%9C%D7%95%D7%9C,blocked_or_restricted,403,https://www.hamichlol.org.il/%D7%A7%D7%98%D7%92%D7%95%D7%A8%D7%99%D7%94:%D7%94%D7%9E%D7%9B%D7%9C%D7%95%D7%9C:_%D7%A2%D7%A8%D7%9B%D7%99%D7%9D_%D7%A9%D7%A0%D7%95%D7%A6%D7%A8%D7%95_%D7%91%D7%9E%D7%9B%D7%9C%D7%95%D7%9C,2026-10-09T13:08:55.585409+00:00,
https://www.hassidout.org/hassidout/Textes_Kodech/Kabbalah/index.php-rootid=103.htm,blocked_or_restricted,403,https://www.hassidout.org/hassidout/Textes_Kodech/Kabbalah/index.php-rootid=103.htm,2026-10-09T13:08:55.660044+00:00,
https://www.hebrewbooks.org/journals,reachable,200,https://www.hebrewbooks.org/journals,2026-10-09T13:08:55.720956+00:00,"curl: (63) Exceeded the maximum allowed file size (2000000) with 2000000 bytes
"
https://www.heichal.co.il/departments/%D7%A1%D7%A4%D7%A8%D7%99%D7%9D/1,reachable,200,https://www.heichal.co.il/departments/%D7%A1%D7%A4%D7%A8%D7%99%D7%9D/1,2026-10-09T13:08:55.763521+00:00,
https://www.herzog.ac.il/library-page/%d7%9e%d7%90%d7%92%d7%a8%d7%99%d7%9d-%d7%91%d7%97%d7%95%d7%92-%d7%9c%d7%9c%d7%a9%d7%95%d7%9f-%d7%a2%d7%91%d7%a8%d7%99%d7%aa/,not_found,404,https://www.herzog.ac.il/library-page/%d7%9e%d7%90%d7%92%d7%a8%d7%99%d7%9d-%d7%91%d7%97%d7%95%d7%92-%d7%9c%d7%9c%d7%a9%d7%95%d7%9f-%d7%a2%d7%91%d7%a8%d7%99%d7%aa/,2026-10-09T13:08:55.777122+00:00,
https://www.herzog.ac.il/library-page/%d7%9e%d7%90%d7%92%d7%a8%d7%99%d7%9d-%d7%91%d7%97%d7%95%d7%92-%d7%9c%d7%9e%d7%97%d7%a9%d7%91%d7%aa-%d7%99%d7%a9%d7%a8%d7%90%d7%9c/,not_found,404,https://www.herzog.ac.il/library-page/%d7%9e%d7%90%d7%92%d7%a8%d7%99%d7%9d-%d7%91%d7%97%d7%95%d7%92-%d7%9c%d7%9e%d7%97%d7%a9%d7%91%d7%aa-%d7%99%d7%a9%d7%a8%d7%90%d7%9c/,2026-10-09T13:08:56.053028+00:00,
https://www.herzog.ac.il/library-page/%d7%9e%d7%90%d7%92%d7%a8%d7%99%d7%9d-%d7%91%d7%97%d7%95%d7%92-%d7%9c%d7%a1%d7%a4%d7%a8%d7%95%d7%aa-%d7%a2%d7%91%d7%a8%d7%99%d7%aa/,not_found,404,https://www.herzog.ac.il/library-page/%d7%9e%d7%90%d7%92%d7%a8%d7%99%d7%9d-%d7%91%d7%97%d7%95%d7%92-%d7%9c%d7%a1%d7%a4%d7%a8%d7%95%d7%aa-%d7%a2%d7%91%d7%a8%d7%99%d7%aa/,2026-10-09T13:08:56.104891+00:00,
https://www.jewishencyclopedia.com/,reachable,200,https://www.jewishencyclopedia.com/,2026-10-09T13:08:56.158571+00:00,
https://www.jewishinternetguide.com/,reachable,200,https://www.jewishinternetguide.com/,2026-10-09T13:08:56.168342+00:00,
https://www.jewishinternetguide.com/JewishWebsiteCategories/Books,reachable,200,https://www.jewishinternetguide.com/JewishWebsiteCategories/Books,2026-10-09T13:08:56.412458+00:00,
https://www.jmberlin.de/en/digitized-historical-magazines-and-present-day-academic-journals,reachable,200,https://www.jmberlin.de/en/digitized-historical-magazines-and-present-day-academic-journals,2026-10-09T13:08:56.513306+00:00,
https://www.jmberlin.de/en/links-other-libraries-and-archives,reachable,200,https://www.jmberlin.de/en/links-other-libraries-and-archives,2026-10-09T13:08:56.564738+00:00,
https://www.jstor.org/publisher/bjs,reachable,200,https://www.jstor.org/publisher/bjs,2026-10-09T13:08:56.810835+00:00,
https://www.jstor.org/subject/jewishstudies,reachable,200,https://www.jstor.org/subject/jewishstudies,2026-10-09T13:08:56.890480+00:00,
https://www.lieberman-institute.com/,reachable,200,https://www.lieberman-institute.com/,2026-10-09T13:08:56.932639+00:00,
https://www.maanelashon.org/links,not_found,404,https://www.maanelashon.org/links,2026-10-09T13:08:57.001502+00:00,
https://www.magnespress.co.il/category/%D7%9E%D7%93%D7%A2%D7%99_%D7%94%D7%99%D7%94%D7%93%D7%95%D7%AA-76?format=ebook,reachable,200,https://www.magnespress.co.il/category/%D7%9E%D7%93%D7%A2%D7%99_%D7%94%D7%99%D7%94%D7%93%D7%95%D7%AA-76?format=ebook,2026-10-09T13:08:57.378186+00:00,
https://www.makorrishon.co.il/,blocked_or_restricted,403,https://www.makorrishon.co.il/,2026-10-09T13:08:57.568622+00:00,
https://www.makorrishon.co.il/tag/%D7%9E%D7%95%D7%A1%D7%A3-%D7%A9%D7%91%D7%AA/,blocked_or_restricted,403,https://www.makorrishon.co.il/tag/%D7%9E%D7%95%D7%A1%D7%A3-%D7%A9%D7%91%D7%AA/,2026-10-09T13:08:57.579460+00:00,
https://www.mayim.org.il/publications/#gsc.tab=0,reachable,200,https://www.mayim.org.il/publications/#gsc.tab=0,2026-10-09T13:08:57.666722+00:00,
https://www.mgketer.org/,network_error,,https://www.mgketer.org/,2026-10-09T13:08:57.799574+00:00,"curl: (60) SSL certificate OpenSSL verify result: certificate has expired (10)
More details here: https://curl.se/docs/sslcerts.html

curl failed to verify the legitimacy of the server and therefore could not
establish a secure connection to it. To learn more about this situation and
how to fix it, please visit the webpage mentioned above.
"
https://www.myjewishlearning.com/category/study/jewish-history/ancient-medieval-jewish-history/,reachable,200,https://www.myjewishlearning.com/category/study/jewish-history/ancient-medieval-jewish-history/,2026-10-09T13:08:57.861533+00:00,
https://www.nevo.co.il/Books.aspx?Type=1,redirected,200,https://www.nevo.co.il/FilesFolderPermalink.aspx?b=books&r=%D7%9B%D7%AA%D7%91%D7%99+%D7%A2%D7%AA,2026-10-09T13:08:58.356669+00:00,
https://www.nli.org.il/en/discover/judaism/jewish-bookshelf/zohar/scholem-card-catalog,blocked_or_restricted,403,https://www.nli.org.il/en/discover/judaism/jewish-bookshelf/zohar/scholem-card-catalog,2026-10-09T13:08:58.566083+00:00,
https://www.nli.org.il/en/newspapers/haretz/,blocked_or_restricted,403,https://www.nli.org.il/en/newspapers/haretz/,2026-10-09T13:08:58.667770+00:00,
https://www.nli.org.il/en/research-and-teach/catalogs/bibliographic-databases,blocked_or_restricted,403,https://www.nli.org.il/en/research-and-teach/catalogs/bibliographic-databases,2026-10-09T13:08:58.853477+00:00,
https://www.nli.org.il/he/at-your-service/document-delivery-service/scans-within-library,blocked_or_restricted,403,https://www.nli.org.il/he/at-your-service/document-delivery-service/scans-within-library,2026-10-09T13:08:58.858827+00:00,
https://www.nli.org.il/he/at-your-service/who-we-are/depositing/statistics/2020-book-week-report,blocked_or_restricted,403,https://www.nli.org.il/he/at-your-service/who-we-are/depositing/statistics/2020-book-week-report,2026-10-09T13:08:58.971503+00:00,
https://www.nli.org.il/he/books/NNL_ALEPH001091556/NLI,blocked_or_restricted,403,https://www.nli.org.il/he/books/NNL_ALEPH001091556/NLI,2026-10-09T13:08:58.972301+00:00,
https://www.nli.org.il/he/research-and-teach/catalogs,blocked_or_restricted,403,https://www.nli.org.il/he/research-and-teach/catalogs,2026-10-09T13:08:59.146126+00:00,
https://www.nli.org.il/he/research-and-teach/catalogs/bibliographic-databases/rambi,blocked_or_restricted,403,https://www.nli.org.il/he/research-and-teach/catalogs/bibliographic-databases/rambi,2026-10-09T13:08:59.147349+00:00,
https://www.nli.org.il/he/research-and-teach/catalogs/bibliographic-databases/rambi/kiryat-sefer,blocked_or_restricted,403,https://www.nli.org.il/he/research-and-teach/catalogs/bibliographic-databases/rambi/kiryat-sefer,2026-10-09T13:08:59.217955+00:00,
https://www.otzar.org/,reachable,200,https://www.otzar.org/,2026-10-09T13:13:38.247090+00:00,
https://www.otzar.org/mekuvan-mosdot.asp,reachable,200,https://www.otzar.org/mekuvan-mosdot.asp,2026-10-09T13:08:59.227920+00:00,
https://www.otzar.org/otzaren/indexeng.asp,reachable,200,https://www.otzar.org/otzaren/indexeng.asp,2026-10-09T13:08:59.261388+00:00,
https://www.oxfordbibliographies.com/obo/page/jewish-studies,blocked_or_restricted,403,https://academic.oup.com/oxford-bibliographies,2026-10-09T13:08:59.267649+00:00,
https://www.qerovot18.com/,network_error,,https://www.qerovot18.com/,2026-10-09T13:08:59.274491+00:00,"curl: (35) Recv failure: Connection reset by peer
"
https://www.rabbinics.org/,reachable,200,https://www.rabbinics.org/,2026-10-09T13:08:59.600574+00:00,
https://www.researchgate.net/publication/264205341_A_Catalogue_of_Digital_Editions,blocked_or_restricted,403,https://www.researchgate.net/publication/264205341_A_Catalogue_of_Digital_Editions,2026-10-09T13:09:00.349606+00:00,
https://www.responsa.co.il/home.en-US.aspx,reachable,200,https://www.responsa.co.il/home.en-US.aspx,2026-10-09T13:09:00.419695+00:00,
https://www.ruvik.co.il/%D7%A1%D7%99%D7%A4%D7%95%D7%A8%D7%99-%D7%9E%D7%99%D7%9C%D7%99%D7%9D.aspx,reachable,200,https://www.ruvik.co.il/%D7%A1%D7%99%D7%A4%D7%95%D7%A8%D7%99-%D7%9E%D7%99%D7%9C%D7%99%D7%9D.aspx,2026-10-09T13:09:00.992998+00:00,
https://www.safa-ivrit.org/links.php,reachable,200,https://www.safa-ivrit.org/links.php,2026-10-09T13:09:00.994276+00:00,
https://www.safa-ivrit.org/site_map.php,reachable,200,https://www.safa-ivrit.org/site_map.php,2026-10-09T13:09:01.000660+00:00,
https://www.sefaria.org/Hafla'ah_ShebaArakhin_on_Sefer_HeArukh,reachable,200,https://www.sefaria.org/Hafla'ah_ShebaArakhin_on_Sefer_HeArukh,2026-10-09T13:09:01.024587+00:00,
https://www.sefaria.org/Jastrow,reachable,200,https://www.sefaria.org/Jastrow,2026-10-09T13:09:01.072033+00:00,
https://www.sefaria.org/Sefer_HeArukh,reachable,200,https://www.sefaria.org/Sefer_HeArukh,2026-10-09T13:09:01.099688+00:00,
https://www.sefaria.org/ai,reachable,200,https://www.sefaria.org/ai,2026-10-09T13:13:38.273734+00:00,
https://www.sefaria.org/texts,reachable,200,https://www.sefaria.org/texts,2026-10-09T13:09:01.136984+00:00,
https://www.sefaria.org/texts/Mishnah/Modern%20Commentary%20on%20Mishnah/Mishnat%20Eretz%20Yisrael,reachable,200,https://www.sefaria.org/texts/Mishnah/Modern%20Commentary%20on%20Mishnah/Mishnat%20Eretz%20Yisrael,2026-10-09T13:09:01.157779+00:00,
https://www.sefaria.org/texts/Talmud,reachable,200,https://www.sefaria.org/texts/Talmud,2026-10-09T13:09:01.218365+00:00,
https://www.sefaria.org/texts/Talmud/Yerushalmi,reachable,200,https://www.sefaria.org/texts/Talmud/Yerushalmi,2026-10-09T13:09:01.766291+00:00,
https://www.sefarim.fr/hamore/ref-Sifria_Magazines_Revue%20des%20%E9tudes%20juives_65_145.aspx,reachable,200,https://www.sefarim.fr/hamore/ref-Sifria_Magazines_Revue%20des%20%E9tudes%20juives_65_145.aspx,2026-10-09T13:09:01.774635+00:00,
https://www.seforimchatter.com/2021/10/10/with-dr-ezra-chwat-discussing-the-rif-rav-yitzchak-alfasi-1013-1103-and-his-new-critical-edition/,redirected,200,https://seforimchatter.com/2021/10/10/with-dr-ezra-chwat-discussing-the-rif-rav-yitzchak-alfasi-1013-1103-and-his-new-critical-edition/,2026-10-09T13:09:02.031067+00:00,
https://www.seforimchatter.com/podcasts/,redirected,200,https://seforimchatter.com/podcasts/,2026-10-09T13:09:02.285178+00:00,
https://www.seforimchatter.com/tweets/,redirected,200,https://seforimchatter.com/tweets/,2026-10-09T13:09:02.288900+00:00,
https://www.seforimonline.org/seforim-database/,blocked_or_restricted,403,https://www.gbo303-ac.com/,2026-10-09T13:09:02.395970+00:00,
https://www.sup.org/zohar/aramaic/,blocked_or_restricted,429,https://www.sup.org/zohar/aramaic/,2026-10-09T13:09:02.419072+00:00,
https://www.tabletmag.com/,reachable,200,https://www.tabletmag.com/,2026-10-09T13:09:02.449560+00:00,
https://www.talmudyerushalmi.com/,reachable,200,https://www.talmudyerushalmi.com/,2026-10-09T13:09:02.480117+00:00,
https://www.tau.ac.il/sites/tau.ac.il.en/files/media_server/imported/508/files/2014/10/elior-25.11.2013.pdf,reachable,200,https://www.tau.ac.il/sites/tau.ac.il.en/files/media_server/imported/508/files/2014/10/elior-25.11.2013.pdf,2026-10-09T13:09:02.532757+00:00,
https://www.tekhelet.com/library/,reachable,200,https://www.tekhelet.com/library/,2026-10-09T13:09:02.558836+00:00,
https://www.themercava.com/app/books/metanav/1695,reachable,200,https://www.themercava.com/app/books/metanav/1695,2026-10-09T13:09:02.711114+00:00,
https://www.ub.uni-frankfurt.de/judaica3/en/corona_en.html,redirected,200,https://www.jewishstudies.de/de/,2026-10-09T13:09:02.727357+00:00,
https://www.ybz.org.il/?CategoryID=287&SearchParam=,redirected,200,https://ybz.org.il/product-category/%D7%9B%D7%AA%D7%91-%D7%A2%D7%AA/?search_key=228,2026-10-09T13:09:02.757943+00:00,
https://www.ybz.org.il/?CategoryID=790,redirected,200,https://ybz.org.il/?CategoryID=790,2026-10-09T13:09:02.905003+00:00,
https://www.ybz.org.il/cathedra/gilyonot,not_found,404,https://ybz.org.il/cathedra/gilyonot,2026-10-09T13:09:03.002732+00:00,
https://www.yeshiva.org.il/wiki/index.php/%D7%95%D7%99%D7%A7%D7%99%D7%A9%D7%99%D7%91%D7%94:%D7%90%D7%A0%D7%A6%D7%99%D7%A7%D7%9C%D7%95%D7%A4%D7%93%D7%99%D7%94_%D7%AA%D7%9C%D7%9E%D7%95%D7%93%D7%99%D7%AA,blocked_or_restricted,403,https://www.yeshiva.org.il/wiki/index.php/%D7%95%D7%99%D7%A7%D7%99%D7%A9%D7%99%D7%91%D7%94:%D7%90%D7%A0%D7%A6%D7%99%D7%A7%D7%9C%D7%95%D7%A4%D7%93%D7%99%D7%94_%D7%AA%D7%9C%D7%9E%D7%95%D7%93%D7%99%D7%AA,2026-10-09T13:09:03.057903+00:00,
https://www.youtube.com/c/AllDaf/videos,reachable,200,https://www.youtube.com/c/AllDaf/videos,2026-10-09T13:09:03.428123+00:00,
https://www.youtube.com/c/TorahinMotion/videos,reachable,200,https://www.youtube.com/c/TorahinMotion/videos,2026-10-09T13:09:03.469469+00:00,
https://www.youtube.com/c/barilanuniversity/videos,reachable,200,https://www.youtube.com/c/barilanuniversity/videos,2026-10-09T13:09:03.583707+00:00,
https://www.youtube.com/c/yadybenzvi/videos,reachable,200,https://www.youtube.com/c/yadybenzvi/videos,2026-10-09T13:09:03.608323+00:00,
https://www.youtube.com/channel/UCR6pKCe9d3jczqrMnOls4Pw/videos,reachable,200,https://www.youtube.com/channel/UCR6pKCe9d3jczqrMnOls4Pw/videos,2026-10-09T13:09:04.176408+00:00,
https://www.youtube.com/channel/UCZ04ugbTVoUm5W0b6j-YKGA/videos,reachable,200,https://www.youtube.com/channel/UCZ04ugbTVoUm5W0b6j-YKGA/videos,2026-10-09T13:09:04.181878+00:00,
https://www.youtube.com/channel/UCwLJ3A3MauDGLxLMIKuaqEQ/videos,reachable,200,https://www.youtube.com/channel/UCwLJ3A3MauDGLxLMIKuaqEQ/videos,2026-10-09T13:09:04.204373+00:00,
https://www.youtube.com/user/HebrewUniversity/videos,reachable,200,https://www.youtube.com/user/HebrewUniversity/videos,2026-10-09T13:09:04.238709+00:00,
https://www.youtube.com/user/NLI2010/videos,reachable,200,https://www.youtube.com/user/NLI2010/videos,2026-10-09T13:09:04.298614+00:00,
https://www.youtube.com/user/TheIsraelAcademy/featured,reachable,200,https://www.youtube.com/user/TheIsraelAcademy/featured,2026-10-09T13:09:04.306842+00:00,
https://www.youtube.com/user/TheIsraelAcademy/videos,reachable,200,https://www.youtube.com/user/TheIsraelAcademy/videos,2026-10-09T13:09:04.337576+00:00,
https://www.zemirotdatabase.org/song_index.php,reachable,200,https://www.zemirotdatabase.org/song_index.php,2026-10-09T13:09:04.351341+00:00,
https://www2.biu.ac.il/Academics/phd_heb/index-JSn.html,network_error,,https://www2.biu.ac.il/Academics/phd_heb/index-JSn.html,2026-10-09T13:09:04.456121+00:00,"curl: (28) Connection timed out after 8001 milliseconds
"
https://www2.biu.ac.il/jh/parasha/,network_error,,https://www2.biu.ac.il/jh/parasha/,2026-10-09T13:09:04.913329+00:00,"curl: (28) Connection timed out after 8001 milliseconds
"
https://www2.biu.ac.il/js/tl/yerushalmi/index.html,network_error,,https://www2.biu.ac.il/js/tl/yerushalmi/index.html,2026-10-09T13:09:04.945434+00:00,"curl: (28) Connection timed out after 8001 milliseconds
"
https://yerushalmidb.com/,reachable,200,https://yerushalmidb.com/,2026-10-09T13:09:04.961397+00:00,
https://youtu.be/8ey_9QBvv2w,redirected,200,https://www.youtube.com/watch?v=8ey_9QBvv2w&feature=youtu.be,2026-10-09T13:09:04.965599+00:00,
https://youtu.be/bCwfzfU4AJI,redirected,200,https://www.youtube.com/watch?v=bCwfzfU4AJI&feature=youtu.be,2026-10-09T13:09:05.039703+00:00,
https://youtu.be/rsRBlTIdPxA,redirected,200,https://www.youtube.com/watch?v=rsRBlTIdPxA&feature=youtu.be,2026-10-09T13:09:05.071625+00:00,
https://youtu.be/tut007D6w3o,redirected,200,https://www.youtube.com/watch?v=tut007D6w3o&feature=youtu.be,2026-10-09T13:09:05.075113+00:00,
https://youtu.be/v561mI90BLg,redirected,200,https://www.youtube.com/watch?v=v561mI90BLg&feature=youtu.be,2026-10-09T13:09:05.324042+00:00,
https://youtube.com/playlist?list=PLGQrWlI7O--7uHNeabUKagPJ5vcjOVoUm,redirected,200,https://www.youtube.com/playlist?list=PLGQrWlI7O--7uHNeabUKagPJ5vcjOVoUm,2026-10-09T13:09:05.442665+00:00,
