title,url,category,description,access,origin,sourceUrl,sourcePages,caution,status,checkedAt,featured
A Canary in the AI Coal Mine,https://arxiv.org/pdf/2403.13073,AI scholarship & methods,A research preprint listed in JewishAI concerning AI and Jewish textual knowledge.,Open preprint,JewishAI directory,https://jewishai.me/table.html,[],"Check the full paper, revision date and evaluation scope before citing conclusions.",reachable,2026-10-09T13:13:37.536564+00:00,True
Academia.edu,https://www.academia.edu/,Secondary literature,"Author-shared research copies and profiles. Check version, publication details and lawful reuse; not a substitute for bibliographic verification.",Account and access terms vary,2023 guide,https://www.academia.edu/83334340/Guide_to_Online_Resources_for_Scholarly_Jewish_Study_and_Research_2023,[35],"Imported automatically. Anchor labels may be partial, especially across lines or in Hebrew. A successful HTTP response does not verify content, access terms or scholarly quality.",blocked_or_restricted,2026-10-09T13:08:50.010928+00:00,True
AI and Hebrew manuscripts,https://www.biu.ac.il/en/article/11914,AI scholarship & methods,A university overview of AI-related Hebrew manuscript research.,Public article,JewishAI directory,https://jewishai.me/table.html,[],"An institutional overview, not a substitute for the underlying methods and data.",redirected,2026-10-09T13:13:38.199416+00:00,True
AJS Perspectives: AI issue,https://associationforjewishstudies.org/docs/default-source/ajs-perspectives/ajs_perspectives-ai-issue-web.pdf,AI scholarship & methods,"A collection of disciplinary reflections on AI and Jewish studies, listed in JewishAI.",PDF,JewishAI directory,https://jewishai.me/table.html,[],Magazine essays are distinct from peer-reviewed experimental evaluations.,reachable,2026-10-09T13:13:37.536829+00:00,True
AlephBERT,https://aclanthology.org/2022.acl-long.4/,AI scholarship & methods,Research paper on a Hebrew language model; relevant to computational work on Hebrew text.,Open paper,JewishAI directory,https://jewishai.me/table.html,[],A research model is not automatically validated for rabbinic Hebrew or Aramaic.,reachable,2026-10-09T13:13:37.535914+00:00,True
AlephBertGimmel,https://github.com/Dicta-Israel-Center-for-Text-Analysis/alephbertgimmel,Developer resources,"Hebrew NLP model repository from DICTA, useful for computational language research.",Repository; inspect license,JewishAI directory,https://jewishai.me/table.html,[],"Check the model card, training corpus and task suitability.",reachable,2026-10-09T13:13:37.539951+00:00,True
AlHaTorah,https://alhatorah.org/,Primary texts,"Texts, commentaries and edition-specific research tools. Use the individual edition’s introduction to establish its textual basis.",Consult site,2023 guide,https://www.academia.edu/83334340/Guide_to_Online_Resources_for_Scholarly_Jewish_Study_and_Research_2023,[9],"Imported automatically. Anchor labels may be partial, especially across lines or in Hebrew. A successful HTTP response does not verify content, access terms or scholarly quality.",reachable,2026-10-09T13:08:11.757535+00:00,True
Artificial Intelligence and Jewish Thought,https://davidzvi.com/wp-content/uploads/2025/02/Artificial-Intellige-and-Jewish-Thought.pdf,AI scholarship & methods,"David Zvi Kalman’s discussion of artificial intelligence and Jewish thought, listed in JewishAI.",PDF,JewishAI directory,https://jewishai.me/table.html,[],Broader conceptual reading; not a technical benchmark or halakhic ruling.,reachable,2026-10-09T13:13:37.537873+00:00,True
Awesome Hebrew NLP,https://github.com/iddoberger/awesome-hebrew-nlp,Developer resources,"A curated starting list for Hebrew NLP tools, datasets and research.",Repository,JewishAI directory,https://jewishai.me/table.html,[],"List inclusion does not establish quality, maintenance or data-use permission.",reachable,2026-10-09T13:13:37.548147+00:00,True
Bar-Ilan Responsa Project,https://www.responsa.co.il/home.en-US.aspx,Search & bibliographies,Searchable rabbinic literature. Useful for locating passages; cite the underlying work and edition.,Subscription; confirm current terms,2023 guide,https://www.academia.edu/83334340/Guide_to_Online_Resources_for_Scholarly_Jewish_Study_and_Research_2023,[12],"Imported automatically. Anchor labels may be partial, especially across lines or in Hebrew. A successful HTTP response does not verify content, access terms or scholarly quality.",reachable,2026-10-09T13:09:00.419695+00:00,True
Bekiut,https://bekiut.com/,Primary texts,A Jewish-text reader and study project listed in Powered by Sefaria.,Confirm current terms,Sefaria directory,https://developers.sefaria.org/docs/powered-by-sefaria,[],Disclosure: this is guide author Ezra Brand’s project. Listing is not an independent review.,reachable,2026-10-09T13:13:37.537107+00:00,True
Ben-Yehuda Project,https://benyehuda.org/,Primary texts,"Hebrew literary texts, including medieval poetry relevant to the guide’s historical scope.",Free,2023 guide,https://www.academia.edu/83334340/Guide_to_Online_Resources_for_Scholarly_Jewish_Study_and_Research_2023,[11],"Imported automatically. Anchor labels may be partial, especially across lines or in Hebrew. A successful HTTP response does not verify content, access terms or scholarly quality.",reachable,2026-10-09T13:08:13.991989+00:00,True
DICTA,https://dicta.org.il/,Search & bibliographies,"Hebrew text-analysis tools, including search, citation discovery and abbreviation expansion. Assess each tool against its corpus and task.",Consult individual tool,2023 guide,https://www.academia.edu/83334340/Guide_to_Online_Resources_for_Scholarly_Jewish_Study_and_Research_2023,[23],"Imported automatically. Anchor labels may be partial, especially across lines or in Hebrew. A successful HTTP response does not verify content, access terms or scholarly quality.",reachable,2026-10-09T13:08:17.370171+00:00,True
DICTA citation finder,https://citation.dicta.org.il/,Search & bibliographies,Locate possible sources and quotations in Hebrew texts. Candidate matches need contextual verification.,Consult site,2023 guide,https://www.academia.edu/83334340/Guide_to_Online_Resources_for_Scholarly_Jewish_Study_and_Research_2023,[23],"Imported automatically. Anchor labels may be partial, especially across lines or in Hebrew. A successful HTTP response does not verify content, access terms or scholarly quality.",reachable,2026-10-09T13:08:16.940539+00:00,True
DICTA tools,https://dicta.org.il/tools,AI tools & text processing,"Hebrew tools including vocalization, citation discovery, translation and library search. The official tools page describes the available services.",Varies by tool,JewishAI directory,https://jewishai.me/table.html,[],Language-model output and automatic text correction can silently alter meaning.,reachable,2026-10-09T13:13:37.538386+00:00,True
Digital Mishnah,https://editions.erabbinica.org/,Manuscripts,A digital edition project for comparing Mishnah textual witnesses. Consult project coverage and encoding documentation.,Consult site,2023 guide,https://www.academia.edu/83334340/Guide_to_Online_Resources_for_Scholarly_Jewish_Study_and_Research_2023,[21],"Imported automatically. Anchor labels may be partial, especially across lines or in Hebrew. A successful HTTP response does not verify content, access terms or scholarly quality.",network_error,2026-10-09T13:08:18.815705+00:00,True
eScriptorium,https://gitlab.com/scripta/escriptorium,AI tools & text processing,An open-source environment for transcription and handwritten-text recognition. Results depend on training data and require human correction.,Open-source software; hosting and setup required,2023 guide,https://www.academia.edu/83334340/Guide_to_Online_Resources_for_Scholarly_Jewish_Study_and_Research_2023,[24],"Imported automatically. Anchor labels may be partial, especially across lines or in Hebrew. A successful HTTP response does not verify content, access terms or scholarly quality.",reachable,2026-10-09T13:08:22.949445+00:00,True
Friedberg Genizah Project,https://fjms.genizah.org/,Manuscripts,"Manuscript images, metadata and tools for Genizah research. Record shelfmarks and image permissions.",Consult site,2023 guide,https://www.academia.edu/83334340/Guide_to_Online_Resources_for_Scholarly_Jewish_Study_and_Research_2023,[26],"Imported automatically. Anchor labels may be partial, especially across lines or in Hebrew. A successful HTTP response does not verify content, access terms or scholarly quality.",reachable,2026-10-09T13:08:22.499970+00:00,True
Google Scholar,https://scholar.google.com/,Secondary literature,Search scholarly literature and citation trails. Check publication metadata against publisher or repository records.,Search access; full text varies,2023 guide,https://www.academia.edu/83334340/Guide_to_Online_Resources_for_Scholarly_Jewish_Study_and_Research_2023,[37],"Imported automatically. Anchor labels may be partial, especially across lines or in Hebrew. A successful HTTP response does not verify content, access terms or scholarly quality.",reachable,2026-10-09T13:08:41.925029+00:00,True
Hachi Garsinan,https://bavli.genizah.org/,Manuscripts,Textual witnesses and synopsis tools for Talmud Bavli research; distinguish manuscript from transcription.,Consult site,2023 guide,https://www.academia.edu/83334340/Guide_to_Online_Resources_for_Scholarly_Jewish_Study_and_Research_2023,"[18, 26]","Imported automatically. Anchor labels may be partial, especially across lines or in Hebrew. A successful HTTP response does not verify content, access terms or scholarly quality.",redirected,2026-10-09T13:08:13.799766+00:00,True
HaMapah,https://blog.hamapah.org/,AI scholarship & methods,Quantitative analysis of rabbinic responsa; a methodological example of digital Jewish studies.,Public research blog,JewishAI directory,https://jewishai.me/table.html,[],Digital humanities is broader than generative AI; inspect data and analytical assumptions.,reachable,2026-10-09T13:13:37.537584+00:00,True
Hebrew and Arabic NLP resources,https://resources.nnlp-il.mafat.ai/,Developer resources,Language-resource discovery portal listed by JewishAI for Hebrew and Arabic NLP.,Varies by dataset,JewishAI directory,https://jewishai.me/table.html,[],Check each dataset’s license and historical-language coverage.,reachable,2026-10-09T13:13:38.158715+00:00,True
Hebrew Wikisource,https://he.wikisource.org/wiki/%D7%A2%D7%9E%D7%95%D7%93_%D7%A8%D7%90%D7%A9%D7%99,Primary texts,Collaboratively transcribed Hebrew texts. Check revision history and compare with the cited printed edition.,Free,2023 guide,https://www.academia.edu/83334340/Guide_to_Online_Resources_for_Scholarly_Jewish_Study_and_Research_2023,[10],"Imported automatically. Anchor labels may be partial, especially across lines or in Hebrew. A successful HTTP response does not verify content, access terms or scholarly quality.",reachable,2026-10-09T13:08:29.423237+00:00,True
HebrewBooks,https://hebrewbooks.org/,Scanned books,"Scanned Hebrew books and journals; cite the scan’s printed title page, pagination and edition.",Consult item,2023 guide,https://www.academia.edu/83334340/Guide_to_Online_Resources_for_Scholarly_Jewish_Study_and_Research_2023,[13],"Imported automatically. Anchor labels may be partial, especially across lines or in Hebrew. A successful HTTP response does not verify content, access terms or scholarly quality.",reachable,2026-10-09T13:08:29.736983+00:00,True
Ituria,https://github.com/Sivan22/ituria,AI tools & text processing,Open-source AI assistant integrating text and commentary retrieval from Sefaria; useful for studying retrieval workflows.,Repository; setup and model costs may apply,Sefaria directory,https://developers.sefaria.org/docs/powered-by-sefaria,[],"Review current maintenance, dependencies and licenses before running.",reachable,2026-10-09T13:13:37.542383+00:00,True
Jastrow App,https://jastrow.app/,Dictionaries & language,A dedicated digital dictionary interface listed in the Sefaria ecosystem.,Confirm current terms,Sefaria directory,https://developers.sefaria.org/docs/powered-by-sefaria,[],Check entry coverage and source edition.,reachable,2026-10-09T13:13:37.565506+00:00,True
Jastrow on Sefaria,https://www.sefaria.org/Jastrow,Dictionaries & language,"A searchable entry point to Jastrow’s dictionary. Verify headwords, abbreviations and citations against the original edition when needed.",Free,2023 guide,https://www.academia.edu/83334340/Guide_to_Online_Resources_for_Scholarly_Jewish_Study_and_Research_2023,"[9, 40]","Imported automatically. Anchor labels may be partial, especially across lines or in Hebrew. A successful HTTP response does not verify content, access terms or scholarly quality.",reachable,2026-10-09T13:09:01.072033+00:00,True
Jastrow Search,https://onegkg.github.io/Jastrow-Search/,Dictionaries & language,"A focused search interface for Jastrow, listed in Powered by Sefaria.",Confirm current terms,Sefaria directory,https://developers.sefaria.org/docs/powered-by-sefaria,[],Check displayed entries against the dictionary; not a new lexicographic edition.,reachable,2026-10-09T13:13:37.964807+00:00,True
Jewish Encyclopedia,https://www.jewishencyclopedia.com/,Dictionaries & language,Historical reference work useful as a starting point; its scholarship and terminology require comparison with current research.,Free,2023 guide,https://www.academia.edu/83334340/Guide_to_Online_Resources_for_Scholarly_Jewish_Study_and_Research_2023,[38],"Imported automatically. Anchor labels may be partial, especially across lines or in Hebrew. A successful HTTP response does not verify content, access terms or scholarly quality.",reachable,2026-10-09T13:08:56.158571+00:00,True
Kitfei Anaqim,http://kitfei.org/,Primary texts,A Jewish-text project listed among Sefaria-powered study tools.,Not independently verified,Sefaria directory,https://developers.sefaria.org/docs/powered-by-sefaria,[],Coverage and current functionality require direct review.,redirected,2026-10-09T13:13:37.535603+00:00,True
Ma’agarim,https://maagarim.hebrew-academy.org.il/Pages/PMain.aspx,Dictionaries & language,Historical Hebrew corpus and lexicographic research from the Academy of the Hebrew Language.,Consult site,2023 guide,https://www.academia.edu/83334340/Guide_to_Online_Resources_for_Scholarly_Jewish_Study_and_Research_2023,[12],"Imported automatically. Anchor labels may be partial, especially across lines or in Hebrew. A successful HTTP response does not verify content, access terms or scholarly quality.",blocked_or_restricted,2026-10-09T13:08:35.525817+00:00,True
Mechon Mamre,https://mechon-mamre.org/,Primary texts,Hebrew biblical and rabbinic texts for reading and reference; consult the project’s edition notes.,Free,2023 guide,https://www.academia.edu/83334340/Guide_to_Online_Resources_for_Scholarly_Jewish_Study_and_Research_2023,[11],"Imported automatically. Anchor labels may be partial, especially across lines or in Hebrew. A successful HTTP response does not verify content, access terms or scholarly quality.",reachable,2026-10-09T13:08:35.576613+00:00,True
Mekoros,https://mekoros.com/,AI tools & text processing,Source discovery and source-sheet compilation across Jewish texts. Its site advertises source verification.,Not independently verified,Sefaria directory,https://developers.sefaria.org/docs/powered-by-sefaria,[],Provider claims of “no hallucinations” are not an independent finding; inspect every cited source.,redirected,2026-10-09T13:13:37.572870+00:00,True
Mishneh AI,https://mishneh.ai/,AI tools & text processing,AI-assisted Jewish-text research and learning tool listed by Sefaria.,Not independently verified,Sefaria directory,https://developers.sefaria.org/docs/powered-by-sefaria,[],Inspect source links and text versions; functionality not independently benchmarked.,network_error,2026-10-09T13:13:37.932727+00:00,True
Open Siddur,https://opensiddur.org/,Primary texts,"Liturgical texts, transcriptions and facsimiles with source and licensing information.",Consult individual item,2023 guide,https://www.academia.edu/83334340/Guide_to_Online_Resources_for_Scholarly_Jewish_Study_and_Research_2023,[12],"Imported automatically. Anchor labels may be partial, especially across lines or in Hebrew. A successful HTTP response does not verify content, access terms or scholarly quality.",blocked_or_restricted,2026-10-09T13:08:39.057602+00:00,True
Otzar HaHochma,https://www.otzar.org/,Scanned books,Large scanned-book database with search tools. Availability depends on subscription and collection.,Subscription; confirm current terms,2026 addition,https://www.academia.edu/83334340/Guide_to_Online_Resources_for_Scholarly_Jewish_Study_and_Research_2023,[],"Check current coverage, editions and access terms.",reachable,2026-10-09T13:13:38.247090+00:00,True
Princeton Geniza Project,https://geniza.princeton.edu/en/documents/,Manuscripts,"Documents, transcriptions and bibliographic connections for the Cairo Genizah. Record stable document identifiers.",Consult item,2023 guide,https://www.academia.edu/83334340/Guide_to_Online_Resources_for_Scholarly_Jewish_Study_and_Research_2023,[21],"Imported automatically. Anchor labels may be partial, especially across lines or in Hebrew. A successful HTTP response does not verify content, access terms or scholarly quality.",reachable,2026-10-09T13:08:22.874624+00:00,True
PshatGPT,https://pshatgpt.com/,AI tools & text processing,"Page-contextual Gemara and commentary assistance, according to the Sefaria directory.",Not independently verified,Sefaria directory,https://developers.sefaria.org/docs/powered-by-sefaria,[],Explanations are not critical editions or authoritative rulings.,reachable,2026-10-09T13:13:38.026099+00:00,True
RAMBI,https://www.nli.org.il/he/research-and-teach/catalogs/bibliographic-databases/rambi,Search & bibliographies,Index of articles on Jewish studies. A catalogue record does not guarantee free full-text access.,Index access; full text varies,2023 guide,https://www.academia.edu/83334340/Guide_to_Online_Resources_for_Scholarly_Jewish_Study_and_Research_2023,[36],"Imported automatically. Anchor labels may be partial, especially across lines or in Hebrew. A successful HTTP response does not verify content, access terms or scholarly quality.",blocked_or_restricted,2026-10-09T13:08:59.147349+00:00,True
Sefaria,https://www.sefaria.org/texts,Primary texts,"Searchable Jewish texts, translations and linked commentaries. Check the version and translator before citing.",Free library; some features require an account,2023 guide,https://www.academia.edu/83334340/Guide_to_Online_Resources_for_Scholarly_Jewish_Study_and_Research_2023,[8],"Imported automatically. Anchor labels may be partial, especially across lines or in Hebrew. A successful HTTP response does not verify content, access terms or scholarly quality.",reachable,2026-10-09T13:09:01.136984+00:00,True
Sefaria Library Assistant,https://www.sefaria.org/ai,AI tools & text processing,"Sefaria’s own AI information and Library Assistant entry point, with discussion of generative-AI limitations.",Login offered on reviewed page,JewishAI directory,https://jewishai.me/table.html,[],Retrieved sources and generated synthesis must be checked separately.,reachable,2026-10-09T13:13:38.273734+00:00,True
Sefaria models,https://huggingface.co/Sefaria,Developer resources,"Sefaria’s model and dataset organization on Hugging Face, a starting point for reproducible experiments.",Varies by model,JewishAI directory,https://jewishai.me/table.html,[],"Read model cards, licenses and intended-use limitations.",reachable,2026-10-09T13:13:37.556696+00:00,True
Talmud Yerushalmi critical edition,https://www.talmudyerushalmi.com/,Primary texts,Digital critical-edition project for the Jerusalem Talmud; inspect tractate coverage and editorial method.,Consult site,2023 guide,https://www.academia.edu/83334340/Guide_to_Online_Resources_for_Scholarly_Jewish_Study_and_Research_2023,[13],"Imported automatically. Anchor labels may be partial, especially across lines or in Hebrew. A successful HTTP response does not verify content, access terms or scholarly quality.",reachable,2026-10-09T13:09:02.480117+00:00,True
Talmud.page,https://talmud.page/,Primary texts,A Talmud reading interface listed in Powered by Sefaria.,Confirm current terms,Sefaria directory,https://developers.sefaria.org/docs/powered-by-sefaria,[],Check translations and editions before scholarly citation.,reachable,2026-10-09T13:13:38.177627+00:00,True
The Ilanot Project,https://ilanot.org/,Manuscripts,Research on kabbalistic diagrams and diagrammatic manuscripts. Consult catalogue records and image rights.,Consult item,2023 guide,https://www.academia.edu/83334340/Guide_to_Online_Resources_for_Scholarly_Jewish_Study_and_Research_2023,[22],"Imported automatically. Anchor labels may be partial, especially across lines or in Hebrew. A successful HTTP response does not verify content, access terms or scholarly quality.",reachable,2026-10-09T13:08:30.052300+00:00,True
Tiresias,http://tiresias.haifa.ac.il/,Search & bibliographies,"Ancient Mediterranean religions source database, useful for finding thematic parallels and references.",Consult site,2023 guide,https://www.academia.edu/83334340/Guide_to_Online_Resources_for_Scholarly_Jewish_Study_and_Research_2023,[37],"Imported automatically. Anchor labels may be partial, especially across lines or in Hebrew. A successful HTTP response does not verify content, access terms or scholarly quality.",http_error,2026-10-09T13:08:09.612251+00:00,True
Torah Research Board,https://torah-research.yaakovbeckerman.com/,AI tools & text processing,"Research-board interface combining Jewish texts, commentaries and AI assistance, as described in Sefaria’s directory.",Not independently verified,Sefaria directory,https://developers.sefaria.org/docs/powered-by-sefaria,[],Directory-listed; AI output and citation accuracy not benchmarked.,reachable,2026-10-09T13:13:38.184334+00:00,True
Torah Scholar MCP,https://github.com/abeperl/torah-scholar,Developer resources,A repository connecting AI research workflows to Jewish-text tools and sources.,Repository; setup required,Sefaria directory,https://developers.sefaria.org/docs/powered-by-sefaria,[],"A developer integration, not a scholarly authority. Review software and source licenses.",reachable,2026-10-09T13:13:37.543449+00:00,True
Transkribus Hebrew-script models,https://readcoop.eu/model/hebrew-script-languages/,AI tools & text processing,A starting point for Hebrew-script handwritten-text recognition models. Test on representative pages before batch transcription.,Confirm current model and platform terms,2023 guide,https://www.academia.edu/83334340/Guide_to_Online_Resources_for_Scholarly_Jewish_Study_and_Research_2023,[24],"Imported automatically. Anchor labels may be partial, especially across lines or in Hebrew. A successful HTTP response does not verify content, access terms or scholarly quality.",redirected,2026-10-09T13:08:40.526594+00:00,True
What’s Wrong with Hebrew NLP?,https://aclanthology.org/D19-3044/,AI scholarship & methods,A methods paper on Hebrew NLP challenges; useful background for evaluating language-processing tools.,Open paper,JewishAI directory,https://jewishai.me/table.html,[],Match the paper’s tasks and language variety to your own corpus.,reachable,2026-10-09T13:13:37.536197+00:00,True
"""Electronic Scholarly Editions",https://whitmanarchive.org/about/articles/anc.00267.html,Primary texts,"Historical link from the 2023 guide, page 8. Includes supporting references as well as resource homepages; see the original text for context.",Not re-evaluated,2023 guide,https://www.academia.edu/83334340/Guide_to_Online_Resources_for_Scholarly_Jewish_Study_and_Research_2023,[8],"Imported automatically. Anchor labels may be partial, especially across lines or in Hebrew. A successful HTTP response does not verify content, access terms or scholarly quality.",blocked_or_restricted,2026-10-09T13:08:49.820306+00:00,False
"""Text Encoding Initiative",https://en.wikipedia.org/wiki/Text_Encoding_Initiative,Manuscripts,"Historical link from the 2023 guide, page 21. Includes supporting references as well as resource homepages; see the original text for context.",Not re-evaluated,2023 guide,https://www.academia.edu/83334340/Guide_to_Online_Resources_for_Scholarly_Jewish_Study_and_Research_2023,[21],"Imported automatically. Anchor labels may be partial, especially across lines or in Hebrew. A successful HTTP response does not verify content, access terms or scholarly quality.",reachable,2026-10-09T13:08:21.944771+00:00,False
"""walled gardens",https://en.wikipedia.org/wiki/Closed_platfor,Media & communities,"Historical link from the 2023 guide, page 42. Includes supporting references as well as resource homepages; see the original text for context.",Not re-evaluated,2023 guide,https://www.academia.edu/83334340/Guide_to_Online_Resources_for_Scholarly_Jewish_Study_and_Research_2023,[42],"Imported automatically. Anchor labels may be partial, especially across lines or in Hebrew. A successful HTTP response does not verify content, access terms or scholarly quality.",not_found,2026-10-09T13:08:20.248932+00:00,False
#dhjewish - Twitter Search / Twitter,https://mobile.twitter.com/hashtag/dhjewish?src=hashtag_click,Media & communities,"Historical link from the 2023 guide, page 46. Includes supporting references as well as resource homepages; see the original text for context.",Not re-evaluated,2023 guide,https://www.academia.edu/83334340/Guide_to_Online_Resources_for_Scholarly_Jewish_Study_and_Research_2023,[46],"Imported automatically. Anchor labels may be partial, especially across lines or in Hebrew. A successful HTTP response does not verify content, access terms or scholarly quality.",redirected,2026-10-09T13:08:37.345324+00:00,False
#DHJewish Jewish Studies & Digital Humanities Projects,https://dhjewish.org/projects,Guides & context,"Historical link from the 2023 guide, page 6. Includes supporting references as well as resource homepages; see the original text for context.",Not re-evaluated,2023 guide,https://www.academia.edu/83334340/Guide_to_Online_Resources_for_Scholarly_Jewish_Study_and_Research_2023,[6],"Imported automatically. Anchor labels may be partial, especially across lines or in Hebrew. A successful HTTP response does not verify content, access terms or scholarly quality.",reachable,2026-10-09T13:08:17.316335+00:00,False
"(PDF) 'Three Lectures on Habad Hasidism', Schocken Institute, Jerusalem, November 8, 15, 22, 2021",https://www.academia.edu/59622961/_Three_Lectures_on_Habad_Hasidism_Schocken_Institute_Jerusalem_November_8_15_22_2021_Poser_Video_,Media & communities,"Historical link from the 2023 guide, page 45. Includes supporting references as well as resource homepages; see the original text for context.",Not re-evaluated,2023 guide,https://www.academia.edu/83334340/Guide_to_Online_Resources_for_Scholarly_Jewish_Study_and_Research_2023,[45],"Imported automatically. Anchor labels may be partial, especially across lines or in Hebrew. A successful HTTP response does not verify content, access terms or scholarly quality.",blocked_or_restricted,2026-10-09T13:08:50.502320+00:00,False
12 Digital Resources of the Rabbinic Literature: Radical Change with a Click of the Mouse,https://brill.com/view/book/edcoll/9789004325234/B9789004325234_013.xml,Guides & context,"Historical link from the 2023 guide, page 3. Includes supporting references as well as resource homepages; see the original text for context.",Not re-evaluated,2023 guide,https://www.academia.edu/83334340/Guide_to_Online_Resources_for_Scholarly_Jewish_Study_and_Research_2023,[3],"Imported automatically. Anchor labels may be partial, especially across lines or in Hebrew. A successful HTTP response does not verify content, access terms or scholarly quality.",http_error,2026-10-09T13:08:16.094583+00:00,False
7minim,https://7minim.wordpress.com/tag/%d7%a7%d7%91%d7%9c%d7%94/,Media & communities,"Historical link from the 2023 guide, page 44. Includes supporting references as well as resource homepages; see the original text for context.",Not re-evaluated,2023 guide,https://www.academia.edu/83334340/Guide_to_Online_Resources_for_Scholarly_Jewish_Study_and_Research_2023,[44],"Imported automatically. Anchor labels may be partial, especially across lines or in Hebrew. A successful HTTP response does not verify content, access terms or scholarly quality.",reachable,2026-10-09T13:08:11.629233+00:00,False
929- Tanach B’yachad,https://www.929.org.il/p/home,Media & communities,"Historical link from the 2023 guide, page 41. Includes supporting references as well as resource homepages; see the original text for context.",Not re-evaluated,2023 guide,https://www.academia.edu/83334340/Guide_to_Online_Resources_for_Scholarly_Jewish_Study_and_Research_2023,[41],"Imported automatically. Anchor labels may be partial, especially across lines or in Hebrew. A successful HTTP response does not verify content, access terms or scholarly quality.",reachable,2026-10-09T13:08:49.908635+00:00,False
:קטגוריה:ישראל כתבי עת תורניים – ויקיפדיה,https://he.wikipedia.org/wiki/%D7%A7%D7%98%D7%92%D7%95%D7%A8%D7%99%D7%94:%D7%99%D7%A9%D7%A8%D7%90%D7%9C:_%D7%9B%D7%AA%D7%91%D7%99_%D7%A2%D7%AA_%D7%AA%D7%95%D7%A8%D7%A0%D7%99%D7%99%D7%9D,Secondary literature,"Historical link from the 2023 guide, page 34. Includes supporting references as well as resource homepages; see the original text for context.",Not re-evaluated,2023 guide,https://www.academia.edu/83334340/Guide_to_Online_Resources_for_Scholarly_Jewish_Study_and_Research_2023,[34],"Imported automatically. Anchor labels may be partial, especially across lines or in Hebrew. A successful HTTP response does not verify content, access terms or scholarly quality.",reachable,2026-10-09T13:08:28.352655+00:00,False
[C]ontainer for facsimile editions and digital,https://opensiddur.org/compilations/liturgical/siddurim/kol-bo/maimonides-seder-tefillot/,Primary texts,"Historical link from the 2023 guide, page 12. Includes supporting references as well as resource homepages; see the original text for context.",Not re-evaluated,2023 guide,https://www.academia.edu/83334340/Guide_to_Online_Resources_for_Scholarly_Jewish_Study_and_Research_2023,[12],"Imported automatically. Anchor labels may be partial, especially across lines or in Hebrew. A successful HTTP response does not verify content, access terms or scholarly quality.",blocked_or_restricted,2026-10-09T13:08:39.122947+00:00,False
About,https://etc.princeton.edu/sefer_hasidim/index.php?a=about,Manuscripts,"Historical link from the 2023 guide, page 21. Includes supporting references as well as resource homepages; see the original text for context.",Not re-evaluated,2023 guide,https://www.academia.edu/83334340/Guide_to_Online_Resources_for_Scholarly_Jewish_Study_and_Research_2023,[21],"Imported automatically. Anchor labels may be partial, especially across lines or in Hebrew. A successful HTTP response does not verify content, access terms or scholarly quality.",network_error,2026-10-09T13:08:22.342138+00:00,False
About Us,https://thegemara.com/about,Media & communities,"Historical link from the 2023 guide, page 41. Includes supporting references as well as resource homepages; see the original text for context.",Not re-evaluated,2023 guide,https://www.academia.edu/83334340/Guide_to_Online_Resources_for_Scholarly_Jewish_Study_and_Research_2023,[41],"Imported automatically. Anchor labels may be partial, especially across lines or in Hebrew. A successful HTTP response does not verify content, access terms or scholarly quality.",redirected,2026-10-09T13:08:44.702631+00:00,False
Abuelafia.blogspot,http://abuelafia.blogspot.com/,Scanned books,"Historical link from the 2023 guide, page 14. Includes supporting references as well as resource homepages; see the original text for context.",Not re-evaluated,2023 guide,https://www.academia.edu/83334340/Guide_to_Online_Resources_for_Scholarly_Jewish_Study_and_Research_2023,[14],"Imported automatically. Anchor labels may be partial, especially across lines or in Hebrew. A successful HTTP response does not verify content, access terms or scholarly quality.",reachable,2026-10-09T13:08:07.569514+00:00,False
Academy of Hebrew Language,https://hebrew-academy.org.il/topic/maamarim/,Secondary literature,"Historical link from the 2023 guide, page 35. Includes supporting references as well as resource homepages; see the original text for context.",Not re-evaluated,2023 guide,https://www.academia.edu/83334340/Guide_to_Online_Resources_for_Scholarly_Jewish_Study_and_Research_2023,[35],"Imported automatically. Anchor labels may be partial, especially across lines or in Hebrew. A successful HTTP response does not verify content, access terms or scholarly quality.",blocked_or_restricted,2026-10-09T13:08:29.732297+00:00,False
Academy of Hebrew Language,https://hebrew-academy.org.il/,Dictionaries & language,"Historical link from the 2023 guide, page 40. Includes supporting references as well as resource homepages; see the original text for context.",Not re-evaluated,2023 guide,https://www.academia.edu/83334340/Guide_to_Online_Resources_for_Scholarly_Jewish_Study_and_Research_2023,[40],"Imported automatically. Anchor labels may be partial, especially across lines or in Hebrew. A successful HTTP response does not verify content, access terms or scholarly quality.",blocked_or_restricted,2026-10-09T13:08:29.593388+00:00,False
Academy of Hebrew language’s online dictionary,https://hebrew-academy.org.il/%d7%94%d7%9e%d7%99%d7%9c%d7%95%d7%9f-2/,Dictionaries & language,"Historical link from the 2023 guide, page 40. Includes supporting references as well as resource homepages; see the original text for context.",Not re-evaluated,2023 guide,https://www.academia.edu/83334340/Guide_to_Online_Resources_for_Scholarly_Jewish_Study_and_Research_2023,[40],"Imported automatically. Anchor labels may be partial, especially across lines or in Hebrew. A successful HTTP response does not verify content, access terms or scholarly quality.",blocked_or_restricted,2026-10-09T13:08:29.662424+00:00,False
Ad Henah,http://jgbherzog.jgaliciabukovina.net/index.php/he/article,Secondary literature,"Historical link from the 2023 guide, page 35. Includes supporting references as well as resource homepages; see the original text for context.",Not re-evaluated,2023 guide,https://www.academia.edu/83334340/Guide_to_Online_Resources_for_Scholarly_Jewish_Study_and_Research_2023,[35],"Imported automatically. Anchor labels may be partial, especially across lines or in Hebrew. A successful HTTP response does not verify content, access terms or scholarly quality.",blocked_or_restricted,2026-10-09T13:08:08.924089+00:00,False
Add-ons include books from the following publishers,https://www.otzar.org/mekuvan-mosdot.asp,Manuscripts,"Historical link from the 2023 guide, page 16. Includes supporting references as well as resource homepages; see the original text for context.",Not re-evaluated,2023 guide,https://www.academia.edu/83334340/Guide_to_Online_Resources_for_Scholarly_Jewish_Study_and_Research_2023,[16],"Imported automatically. Anchor labels may be partial, especially across lines or in Hebrew. A successful HTTP response does not verify content, access terms or scholarly quality.",reachable,2026-10-09T13:08:59.227920+00:00,False
Adiel Breuer’s 2015 footnote). There he,https://forum.otzar.org/viewtopic.php?f=7&t=22946#p229554,Manuscripts,"Historical link from the 2023 guide, page 17. Includes supporting references as well as resource homepages; see the original text for context.",Not re-evaluated,2023 guide,https://www.academia.edu/83334340/Guide_to_Online_Resources_for_Scholarly_Jewish_Study_and_Research_2023,"[17, 33]","Imported automatically. Anchor labels may be partial, especially across lines or in Hebrew. A successful HTTP response does not verify content, access terms or scholarly quality.",blocked_or_restricted,2026-10-09T13:08:22.753791+00:00,False
AJS Adventure in Jewish Studies Podcast series,https://associationforjewishstudies.org/publications-research/adventures-in-jewish-studies-podcast,Media & communities,"Historical link from the 2023 guide, page 45. Includes supporting references as well as resource homepages; see the original text for context.",Not re-evaluated,2023 guide,https://www.academia.edu/83334340/Guide_to_Online_Resources_for_Scholarly_Jewish_Study_and_Research_2023,[45],"Imported automatically. Anchor labels may be partial, especially across lines or in Hebrew. A successful HTTP response does not verify content, access terms or scholarly quality.",not_found,2026-10-09T13:08:13.749844+00:00,False
Al Atar,http://herzogpress.herzog.ac.il/ktav.asp?id=3,Secondary literature,"Historical link from the 2023 guide, page 33. Includes supporting references as well as resource homepages; see the original text for context.",Not re-evaluated,2023 guide,https://www.academia.edu/83334340/Guide_to_Online_Resources_for_Scholarly_Jewish_Study_and_Research_2023,[33],"Imported automatically. Anchor labels may be partial, especially across lines or in Hebrew. A successful HTTP response does not verify content, access terms or scholarly quality.",http_error,2026-10-09T13:08:08.739982+00:00,False
alhatorah.org/About:Who_We_Are/en,https://alhatorah.org/About:Who_We_Are/en,Primary texts,"Historical link from the 2023 guide, page 9. Includes supporting references as well as resource homepages; see the original text for context.",Not re-evaluated,2023 guide,https://www.academia.edu/83334340/Guide_to_Online_Resources_for_Scholarly_Jewish_Study_and_Research_2023,[9],"Imported automatically. Anchor labels may be partial, especially across lines or in Hebrew. A successful HTTP response does not verify content, access terms or scholarly quality.",reachable,2026-10-09T13:08:11.889906+00:00,False
alhatorah.org/Commentators:Home/TopicList,https://alhatorah.org/Commentators:Home/TopicList,Primary texts,"Historical link from the 2023 guide, page 10. Includes supporting references as well as resource homepages; see the original text for context.",Not re-evaluated,2023 guide,https://www.academia.edu/83334340/Guide_to_Online_Resources_for_Scholarly_Jewish_Study_and_Research_2023,[10],"Imported automatically. Anchor labels may be partial, especially across lines or in Hebrew. A successful HTTP response does not verify content, access terms or scholarly quality.",reachable,2026-10-09T13:08:12.215573+00:00,False
alhatorah.org/Commentators:Ibn_Ezra's_Torah_Commentary,https://alhatorah.org/Commentators:Ibn_Ezra's_Torah_Commentary,Primary texts,"Historical link from the 2023 guide, page 10. Includes supporting references as well as resource homepages; see the original text for context.",Not re-evaluated,2023 guide,https://www.academia.edu/83334340/Guide_to_Online_Resources_for_Scholarly_Jewish_Study_and_Research_2023,[10],"Imported automatically. Anchor labels may be partial, especially across lines or in Hebrew. A successful HTTP response does not verify content, access terms or scholarly quality.",redirected,2026-10-09T13:08:12.296460+00:00,False
AllDaf,https://www.youtube.com/c/AllDaf/videos,Media & communities,"Historical link from the 2023 guide, page 45. Includes supporting references as well as resource homepages; see the original text for context.",Not re-evaluated,2023 guide,https://www.academia.edu/83334340/Guide_to_Online_Resources_for_Scholarly_Jewish_Study_and_Research_2023,[45],"Imported automatically. Anchor labels may be partial, especially across lines or in Hebrew. A successful HTTP response does not verify content, access terms or scholarly quality.",reachable,2026-10-09T13:09:03.428123+00:00,False
Am Hasefer,https://amhasefer.wordpress.com/,Media & communities,"Historical link from the 2023 guide, page 43. Includes supporting references as well as resource homepages; see the original text for context.",Not re-evaluated,2023 guide,https://www.academia.edu/83334340/Guide_to_Online_Resources_for_Scholarly_Jewish_Study_and_Research_2023,[43],"Imported automatically. Anchor labels may be partial, especially across lines or in Hebrew. A successful HTTP response does not verify content, access terms or scholarly quality.",reachable,2026-10-09T13:08:13.171483+00:00,False
Am HaSefer - Rambam Library - Beit Ariela,https://castbox.fm/channel/%D7%A2%D7%9D-%D7%94%D7%A1%D7%A4%D7%A8---%D7%A1%D7%A4%D7%A8%D7%99%D7%99%D7%AA-%D7%94%D7%A8%D7%9E%D7%91%22%D7%9D-%D7%91%D7%99%D7%AA-%D7%90%D7%A8%D7%99%D7%90%D7%9C%D7%94-id1922735,Media & communities,"Historical link from the 2023 guide, page 45. Includes supporting references as well as resource homepages; see the original text for context.",Not re-evaluated,2023 guide,https://www.academia.edu/83334340/Guide_to_Online_Resources_for_Scholarly_Jewish_Study_and_Research_2023,[45],"Imported automatically. Anchor labels may be partial, especially across lines or in Hebrew. A successful HTTP response does not verify content, access terms or scholarly quality.",reachable,2026-10-09T13:08:16.625838+00:00,False
Amidah,https://en.wikipedia.org/wiki/Amidah,Manuscripts,"Historical link from the 2023 guide, page 21. Includes supporting references as well as resource homepages; see the original text for context.",Not re-evaluated,2023 guide,https://www.academia.edu/83334340/Guide_to_Online_Resources_for_Scholarly_Jewish_Study_and_Research_2023,[21],"Imported automatically. Anchor labels may be partial, especially across lines or in Hebrew. A successful HTTP response does not verify content, access terms or scholarly quality.",reachable,2026-10-09T13:08:19.863657+00:00,False
an interview with Prof. Eric Lawee on a new book of his,https://youtu.be/8ey_9QBvv2w,Media & communities,"Historical link from the 2023 guide, page 45. Includes supporting references as well as resource homepages; see the original text for context.",Not re-evaluated,2023 guide,https://www.academia.edu/83334340/Guide_to_Online_Resources_for_Scholarly_Jewish_Study_and_Research_2023,[45],"Imported automatically. Anchor labels may be partial, especially across lines or in Hebrew. A successful HTTP response does not verify content, access terms or scholarly quality.",redirected,2026-10-09T13:09:04.965599+00:00,False
An Invitation to Piyut,http://old.piyut.org.il/search/,Primary texts,"Historical link from the 2023 guide, page 11. Includes supporting references as well as resource homepages; see the original text for context.",Not re-evaluated,2023 guide,https://www.academia.edu/83334340/Guide_to_Online_Resources_for_Scholarly_Jewish_Study_and_Research_2023,[11],"Imported automatically. Anchor labels may be partial, especially across lines or in Hebrew. A successful HTTP response does not verify content, access terms or scholarly quality.",network_error,2026-10-09T13:08:09.069827+00:00,False
Aramaic Texts of The Zohar.,https://www.sup.org/zohar/aramaic/,Primary texts,"Historical link from the 2023 guide, page 13. Includes supporting references as well as resource homepages; see the original text for context.",Not re-evaluated,2023 guide,https://www.academia.edu/83334340/Guide_to_Online_Resources_for_Scholarly_Jewish_Study_and_Research_2023,[13],"Imported automatically. Anchor labels may be partial, especially across lines or in Hebrew. A successful HTTP response does not verify content, access terms or scholarly quality.",blocked_or_restricted,2026-10-09T13:09:02.419072+00:00,False
Archived list of primary works,https://web.archive.org/web/20070311031116/http://www.digento.de/zusatz/101413_01,Search & bibliographies,"Historical link from the 2023 guide, page 28. Includes supporting references as well as resource homepages; see the original text for context.",Not re-evaluated,2023 guide,https://www.academia.edu/83334340/Guide_to_Online_Resources_for_Scholarly_Jewish_Study_and_Research_2023,[28],"Imported automatically. Anchor labels may be partial, especially across lines or in Hebrew. A successful HTTP response does not verify content, access terms or scholarly quality.",reachable,2026-10-09T13:08:47.957177+00:00,False
"are a here,",https://www.academia.edu/94396791/List_of_some_Greek_loan_words_in_Hazalic_writings,Media & communities,"Historical link from the 2023 guide, page 44. Includes supporting references as well as resource homepages; see the original text for context.",Not re-evaluated,2023 guide,https://www.academia.edu/83334340/Guide_to_Online_Resources_for_Scholarly_Jewish_Study_and_Research_2023,[44],"Imported automatically. Anchor labels may be partial, especially across lines or in Hebrew. A successful HTTP response does not verify content, access terms or scholarly quality.",blocked_or_restricted,2026-10-09T13:08:50.712700+00:00,False
around 100 open-access books in English categorized as on,https://www.degruyter.com/search?query=licenseType%3A%22open-access%22&startItem=0&pageSize=10&sortBy=relevance&subjectFacet=JS&documentTypeFacet=book&languageFacet=en,Secondary literature,"Historical link from the 2023 guide, page 30. Includes supporting references as well as resource homepages; see the original text for context.",Not re-evaluated,2023 guide,https://www.academia.edu/83334340/Guide_to_Online_Resources_for_Scholarly_Jewish_Study_and_Research_2023,[30],"Imported automatically. Anchor labels may be partial, especially across lines or in Hebrew. A successful HTTP response does not verify content, access terms or scholarly quality.",redirected,2026-10-09T13:08:53.008520+00:00,False
Artscroll,https://appstore.artscroll.com/,Media & communities,"Historical link from the 2023 guide, page 47. Includes supporting references as well as resource homepages; see the original text for context.",Not re-evaluated,2023 guide,https://www.academia.edu/83334340/Guide_to_Online_Resources_for_Scholarly_Jewish_Study_and_Research_2023,[47],"Imported automatically. Anchor labels may be partial, especially across lines or in Hebrew. A successful HTTP response does not verify content, access terms or scholarly quality.",blocked_or_restricted,2026-10-09T13:08:13.188296+00:00,False
Asif - Sifriyat Asif (אסיף-ספריית אסיף ),https://asif.co.il/%d7%a1%d7%a4%d7%a8%d7%99%d7%99%d7%aa-%d7%99%d7%95%d7%9e%d7%90/%d7%a2%d7%91%d7%95%d7%93%d7%95%d7%aa-%d7%97%d7%a7%d7%a8/,Secondary literature,"Historical link from the 2023 guide, page 29. Includes supporting references as well as resource homepages; see the original text for context.",Not re-evaluated,2023 guide,https://www.academia.edu/83334340/Guide_to_Online_Resources_for_Scholarly_Jewish_Study_and_Research_2023,[29],"Imported automatically. Anchor labels may be partial, especially across lines or in Hebrew. A successful HTTP response does not verify content, access terms or scholarly quality.",reachable,2026-10-09T13:08:13.691570+00:00,False
at Otzar,https://forum.otzar.org/viewtopic.php?f=7&t=22946#p229838,Scanned books,"Historical link from the 2023 guide, page 15. Includes supporting references as well as resource homepages; see the original text for context.",Not re-evaluated,2023 guide,https://www.academia.edu/83334340/Guide_to_Online_Resources_for_Scholarly_Jewish_Study_and_Research_2023,[15],"Imported automatically. Anchor labels may be partial, especially across lines or in Hebrew. A successful HTTP response does not verify content, access terms or scholarly quality.",blocked_or_restricted,2026-10-09T13:08:22.817727+00:00,False
Avraham Abulafia,https://en.wikipedia.org/wiki/Abraham_Abulafia,Scanned books,"Historical link from the 2023 guide, page 14. Includes supporting references as well as resource homepages; see the original text for context.",Not re-evaluated,2023 guide,https://www.academia.edu/83334340/Guide_to_Online_Resources_for_Scholarly_Jewish_Study_and_Research_2023,[14],"Imported automatically. Anchor labels may be partial, especially across lines or in Hebrew. A successful HTTP response does not verify content, access terms or scholarly quality.",reachable,2026-10-09T13:08:19.277658+00:00,False
Balashon,https://www.balashon.com/,Media & communities,"Historical link from the 2023 guide, page 44. Includes supporting references as well as resource homepages; see the original text for context.",Not re-evaluated,2023 guide,https://www.academia.edu/83334340/Guide_to_Online_Resources_for_Scholarly_Jewish_Study_and_Research_2023,[44],"Imported automatically. Anchor labels may be partial, especially across lines or in Hebrew. A successful HTTP response does not verify content, access terms or scholarly quality.",reachable,2026-10-09T13:08:51.465360+00:00,False
Bar-Ilan Catalog,https://biu.primo.exlibrisgroup.com/,Search & bibliographies,"Historical link from the 2023 guide, page 25. Includes supporting references as well as resource homepages; see the original text for context.",Not re-evaluated,2023 guide,https://www.academia.edu/83334340/Guide_to_Online_Resources_for_Scholarly_Jewish_Study_and_Research_2023,[25],"Imported automatically. Anchor labels may be partial, especially across lines or in Hebrew. A successful HTTP response does not verify content, access terms or scholarly quality.",redirected,2026-10-09T13:08:15.738715+00:00,False
Bar-Ilan University,https://www.youtube.com/c/barilanuniversity/videos,Media & communities,"Historical link from the 2023 guide, page 45. Includes supporting references as well as resource homepages; see the original text for context.",Not re-evaluated,2023 guide,https://www.academia.edu/83334340/Guide_to_Online_Resources_for_Scholarly_Jewish_Study_and_Research_2023,[45],"Imported automatically. Anchor labels may be partial, especially across lines or in Hebrew. A successful HTTP response does not verify content, access terms or scholarly quality.",reachable,2026-10-09T13:09:03.583707+00:00,False
"Bar-Ilan University, Jewish Studies Department",https://www2.biu.ac.il/Academics/phd_heb/index-JSn.html,Search & bibliographies,"Historical link from the 2023 guide, page 37. Includes supporting references as well as resource homepages; see the original text for context.",Not re-evaluated,2023 guide,https://www.academia.edu/83334340/Guide_to_Online_Resources_for_Scholarly_Jewish_Study_and_Research_2023,[37],"Imported automatically. Anchor labels may be partial, especially across lines or in Hebrew. A successful HTTP response does not verify content, access terms or scholarly quality.",network_error,2026-10-09T13:09:04.456121+00:00,False
Bar-Ilan University’s,https://lib.biu.ac.il/en/node/264,Dictionaries & language,"Historical link from the 2023 guide, page 39. Includes supporting references as well as resource homepages; see the original text for context.",Not re-evaluated,2023 guide,https://www.academia.edu/83334340/Guide_to_Online_Resources_for_Scholarly_Jewish_Study_and_Research_2023,[39],"Imported automatically. Anchor labels may be partial, especially across lines or in Hebrew. A successful HTTP response does not verify content, access terms or scholarly quality.",reachable,2026-10-09T13:08:32.877402+00:00,False
Bar-Ilan University’s library guide,https://lib.biu.ac.il/en/Ebooks%20%20Full%20,Secondary literature,"Historical link from the 2023 guide, page 29. Includes supporting references as well as resource homepages; see the original text for context.",Not re-evaluated,2023 guide,https://www.academia.edu/83334340/Guide_to_Online_Resources_for_Scholarly_Jewish_Study_and_Research_2023,[29],"Imported automatically. Anchor labels may be partial, especially across lines or in Hebrew. A successful HTTP response does not verify content, access terms or scholarly quality.",redirected,2026-10-09T13:08:32.715720+00:00,False
Bar-Ilan University’s library guide,https://lib.biu.ac.il/en/node/1702,Search & bibliographies,"Historical link from the 2023 guide, page 37. Includes supporting references as well as resource homepages; see the original text for context.",Not re-evaluated,2023 guide,https://www.academia.edu/83334340/Guide_to_Online_Resources_for_Scholarly_Jewish_Study_and_Research_2023,[37],"Imported automatically. Anchor labels may be partial, especially across lines or in Hebrew. A successful HTTP response does not verify content, access terms or scholarly quality.",reachable,2026-10-09T13:08:32.868577+00:00,False
Behadrei Haredim - Forum: Seforim and Sofrim,https://www.bhol.co.il/forums/forum.asp?cat_id=38&forum_id=19616,Media & communities,"Historical link from the 2023 guide, page 47. Includes supporting references as well as resource homepages; see the original text for context.",Not re-evaluated,2023 guide,https://www.academia.edu/83334340/Guide_to_Online_Resources_for_Scholarly_Jewish_Study_and_Research_2023,[47],"Imported automatically. Anchor labels may be partial, especially across lines or in Hebrew. A successful HTTP response does not verify content, access terms or scholarly quality.",blocked_or_restricted,2026-10-09T13:08:51.509573+00:00,False
Ben-Yehuda Dictionary,https://benyehuda.org/dict/24412,Dictionaries & language,"Historical link from the 2023 guide, page 40. Includes supporting references as well as resource homepages; see the original text for context.",Not re-evaluated,2023 guide,https://www.academia.edu/83334340/Guide_to_Online_Resources_for_Scholarly_Jewish_Study_and_Research_2023,[40],"Imported automatically. Anchor labels may be partial, especially across lines or in Hebrew. A successful HTTP response does not verify content, access terms or scholarly quality.",reachable,2026-10-09T13:08:15.265917+00:00,False
Bereshit_Rabbah,https://alhatorah.org/Commentators:Bereshit_Rabbah,Primary texts,"Historical link from the 2023 guide, page 10. Includes supporting references as well as resource homepages; see the original text for context.",Not re-evaluated,2023 guide,https://www.academia.edu/83334340/Guide_to_Online_Resources_for_Scholarly_Jewish_Study_and_Research_2023,[10],"Imported automatically. Anchor labels may be partial, especially across lines or in Hebrew. A successful HTTP response does not verify content, access terms or scholarly quality.",reachable,2026-10-09T13:08:11.901448+00:00,False
Bibliography of works in Judeo-Arabic,http://bibja.genizah.org/,Search & bibliographies,"Historical link from the 2023 guide, page 27. Includes supporting references as well as resource homepages; see the original text for context.",Not re-evaluated,2023 guide,https://www.academia.edu/83334340/Guide_to_Online_Resources_for_Scholarly_Jewish_Study_and_Research_2023,[27],"Imported automatically. Anchor labels may be partial, especially across lines or in Hebrew. A successful HTTP response does not verify content, access terms or scholarly quality.",redirected,2026-10-09T13:08:07.570560+00:00,False
british-library. German-language Wikisource page main German-language printed boo,https://de.wikisource.org/wiki/Digitale_Sammlungen,Manuscripts,"Historical link from the 2023 guide, page 17. Includes supporting references as well as resource homepages; see the original text for context.",Not re-evaluated,2023 guide,https://www.academia.edu/83334340/Guide_to_Online_Resources_for_Scholarly_Jewish_Study_and_Research_2023,[17],"Imported automatically. Anchor labels may be partial, especially across lines or in Hebrew. A successful HTTP response does not verify content, access terms or scholarly quality.",reachable,2026-10-09T13:08:17.174856+00:00,False
Cataloging My Blogposts: An Organized Breakdown by Theme,https://www.ezrabrand.com/p/cataloguing-my-blogposts-an-organized-78d,Primary texts,"Historical link from the 2023 guide, page 8. Includes supporting references as well as resource homepages; see the original text for context.",Not re-evaluated,2023 guide,https://www.academia.edu/83334340/Guide_to_Online_Resources_for_Scholarly_Jewish_Study_and_Research_2023,[8],"Imported automatically. Anchor labels may be partial, especially across lines or in Hebrew. A successful HTTP response does not verify content, access terms or scholarly quality.",reachable,2026-10-09T13:08:54.347195+00:00,False
Cathedra,https://www.ybz.org.il/cathedra/gilyonot,Secondary literature,"Historical link from the 2023 guide, page 32. Includes supporting references as well as resource homepages; see the original text for context.",Not re-evaluated,2023 guide,https://www.academia.edu/83334340/Guide_to_Online_Resources_for_Scholarly_Jewish_Study_and_Research_2023,[32],"Imported automatically. Anchor labels may be partial, especially across lines or in Hebrew. A successful HTTP response does not verify content, access terms or scholarly quality.",not_found,2026-10-09T13:09:03.002732+00:00,False
Center for Jewish History,https://archives.cjh.org/,Scanned books,"Historical link from the 2023 guide, page 14. Includes supporting references as well as resource homepages; see the original text for context.",Not re-evaluated,2023 guide,https://www.academia.edu/83334340/Guide_to_Online_Resources_for_Scholarly_Jewish_Study_and_Research_2023,[14],"Imported automatically. Anchor labels may be partial, especially across lines or in Hebrew. A successful HTTP response does not verify content, access terms or scholarly quality.",reachable,2026-10-09T13:08:13.344728+00:00,False
Center for Jewish History > LibGuides > A-Z Databases,https://libguides.cjh.org/az.php,Guides & context,"Historical link from the 2023 guide, page 5. Includes supporting references as well as resource homepages; see the original text for context.",Not re-evaluated,2023 guide,https://www.academia.edu/83334340/Guide_to_Online_Resources_for_Scholarly_Jewish_Study_and_Research_2023,[5],"Imported automatically. Anchor labels may be partial, especially across lines or in Hebrew. A successful HTTP response does not verify content, access terms or scholarly quality.",reachable,2026-10-09T13:08:33.913775+00:00,False
Chabad Library,https://chabadlibrary.org/books/,Primary texts,"Historical link from the 2023 guide, page 12. Includes supporting references as well as resource homepages; see the original text for context.",Not re-evaluated,2023 guide,https://www.academia.edu/83334340/Guide_to_Online_Resources_for_Scholarly_Jewish_Study_and_Research_2023,[12],"Imported automatically. Anchor labels may be partial, especially across lines or in Hebrew. A successful HTTP response does not verify content, access terms or scholarly quality.",reachable,2026-10-09T13:08:16.868459+00:00,False
Channeling Jewish History,https://www.youtube.com/channel/UCZ04ugbTVoUm5W0b6j-YKGA/videos,Media & communities,"Historical link from the 2023 guide, page 45. Includes supporting references as well as resource homepages; see the original text for context.",Not re-evaluated,2023 guide,https://www.academia.edu/83334340/Guide_to_Online_Resources_for_Scholarly_Jewish_Study_and_Research_2023,[45],"Imported automatically. Anchor labels may be partial, especially across lines or in Hebrew. A successful HTTP response does not verify content, access terms or scholarly quality.",reachable,2026-10-09T13:09:04.181878+00:00,False
Charuzit,https://wordplay.dicta.org.il/,Search & bibliographies,"Historical link from the 2023 guide, page 23. Includes supporting references as well as resource homepages; see the original text for context.",Not re-evaluated,2023 guide,https://www.academia.edu/83334340/Guide_to_Online_Resources_for_Scholarly_Jewish_Study_and_Research_2023,[23],"Imported automatically. Anchor labels may be partial, especially across lines or in Hebrew. A successful HTTP response does not verify content, access terms or scholarly quality.",reachable,2026-10-09T13:08:49.830327+00:00,False
Cotar Project - Collection of Torah Articles,https://www.cotar-online.co.il/default.aspx?action=showKitveiEt,Search & bibliographies,"Historical link from the 2023 guide, page 36. Includes supporting references as well as resource homepages; see the original text for context.",Not re-evaluated,2023 guide,https://www.academia.edu/83334340/Guide_to_Online_Resources_for_Scholarly_Jewish_Study_and_Research_2023,[36],"Imported automatically. Anchor labels may be partial, especially across lines or in Hebrew. A successful HTTP response does not verify content, access terms or scholarly quality.",reachable,2026-10-09T13:08:52.687443+00:00,False
Daat,https://www.daat.ac.il/,Secondary literature,"Historical link from the 2023 guide, page 29. Includes supporting references as well as resource homepages; see the original text for context.",Not re-evaluated,2023 guide,https://www.academia.edu/83334340/Guide_to_Online_Resources_for_Scholarly_Jewish_Study_and_Research_2023,[29],"Imported automatically. Anchor labels may be partial, especially across lines or in Hebrew. A successful HTTP response does not verify content, access terms or scholarly quality.",network_error,2026-10-09T13:08:52.782097+00:00,False
Daat,https://daat.ac.il/he-il/kitveyet/hamayan/gilyonot,Secondary literature,"Historical link from the 2023 guide, page 33. Includes supporting references as well as resource homepages; see the original text for context.",Not re-evaluated,2023 guide,https://www.academia.edu/83334340/Guide_to_Online_Resources_for_Scholarly_Jewish_Study_and_Research_2023,[33],"Imported automatically. Anchor labels may be partial, especially across lines or in Hebrew. A successful HTTP response does not verify content, access terms or scholarly quality.",network_error,2026-10-09T13:08:17.070889+00:00,False
Daat,https://daat.ac.il/he-il/kitveyet/taleley_orot,Secondary literature,"Historical link from the 2023 guide, page 33. Includes supporting references as well as resource homepages; see the original text for context.",Not re-evaluated,2023 guide,https://www.academia.edu/83334340/Guide_to_Online_Resources_for_Scholarly_Jewish_Study_and_Research_2023,[33],"Imported automatically. Anchor labels may be partial, especially across lines or in Hebrew. A successful HTTP response does not verify content, access terms or scholarly quality.",network_error,2026-10-09T13:08:17.123754+00:00,False
Daat,https://daat.ac.il/he-il/kitveyet/,Secondary literature,"Historical link from the 2023 guide, page 35. Includes supporting references as well as resource homepages; see the original text for context.",Not re-evaluated,2023 guide,https://www.academia.edu/83334340/Guide_to_Online_Resources_for_Scholarly_Jewish_Study_and_Research_2023,[35],"Imported automatically. Anchor labels may be partial, especially across lines or in Hebrew. A successful HTTP response does not verify content, access terms or scholarly quality.",network_error,2026-10-09T13:08:17.042902+00:00,False
daat.ac.il/daat/bibliogr/allbooks.asp,https://daat.ac.il/daat/bibliogr/allbooks.asp?sub=0,Secondary literature,"Historical link from the 2023 guide, page 29. Includes supporting references as well as resource homepages; see the original text for context.",Not re-evaluated,2023 guide,https://www.academia.edu/83334340/Guide_to_Online_Resources_for_Scholarly_Jewish_Study_and_Research_2023,[29],"Imported automatically. Anchor labels may be partial, especially across lines or in Hebrew. A successful HTTP response does not verify content, access terms or scholarly quality.",network_error,2026-10-09T13:08:16.968201+00:00,False
daat.ac.il/EPUB/home.asp,https://daat.ac.il/EPUB/home.asp,Secondary literature,"Historical link from the 2023 guide, page 29. Includes supporting references as well as resource homepages; see the original text for context.",Not re-evaluated,2023 guide,https://www.academia.edu/83334340/Guide_to_Online_Resources_for_Scholarly_Jewish_Study_and_Research_2023,[29],"Imported automatically. Anchor labels may be partial, especially across lines or in Hebrew. A successful HTTP response does not verify content, access terms or scholarly quality.",network_error,2026-10-09T13:08:16.957599+00:00,False
Daf-yomi.com’s forum,https://daf-yomi.com/forums/forum.aspx?id=1,Media & communities,"Historical link from the 2023 guide, page 46. Includes supporting references as well as resource homepages; see the original text for context.",Not re-evaluated,2023 guide,https://www.academia.edu/83334340/Guide_to_Online_Resources_for_Scholarly_Jewish_Study_and_Research_2023,[46],"Imported automatically. Anchor labels may be partial, especially across lines or in Hebrew. A successful HTTP response does not verify content, access terms or scholarly quality.",reachable,2026-10-09T13:08:17.128306+00:00,False
DayenuPal,https://mobile.twitter.com/dayenupal,Media & communities,"Historical link from the 2023 guide, page 46. Includes supporting references as well as resource homepages; see the original text for context.",Not re-evaluated,2023 guide,https://www.academia.edu/83334340/Guide_to_Online_Resources_for_Scholarly_Jewish_Study_and_Research_2023,[46],"Imported automatically. Anchor labels may be partial, especially across lines or in Hebrew. A successful HTTP response does not verify content, access terms or scholarly quality.",redirected,2026-10-09T13:08:37.248702+00:00,False
Digital Collection Gateways: a Selection - Hebrew and Judaic Studies - Research Guides at New,https://guides.nyu.edu/c.php?g=276652&p=1845363,Guides & context,"Historical link from the 2023 guide, page 5. Includes supporting references as well as resource homepages; see the original text for context.",Not re-evaluated,2023 guide,https://www.academia.edu/83334340/Guide_to_Online_Resources_for_Scholarly_Jewish_Study_and_Research_2023,[5],"Imported automatically. Anchor labels may be partial, especially across lines or in Hebrew. A successful HTTP response does not verify content, access terms or scholarly quality.",reachable,2026-10-09T13:08:23.089780+00:00,False
Digitized Historical Magazines and Present-Day,https://www.jmberlin.de/en/digitized-historical-magazines-and-present-day-academic-journals,Secondary literature,"Historical link from the 2023 guide, page 31. Includes supporting references as well as resource homepages; see the original text for context.",Not re-evaluated,2023 guide,https://www.academia.edu/83334340/Guide_to_Online_Resources_for_Scholarly_Jewish_Study_and_Research_2023,[31],"Imported automatically. Anchor labels may be partial, especially across lines or in Hebrew. A successful HTTP response does not verify content, access terms or scholarly quality.",reachable,2026-10-09T13:08:56.513306+00:00,False
Digitized Items: Hebrew Manuscripts,http://bav.bodleian.ox.ac.uk/digitized-items-hebrew-manuscripts,Manuscripts,"Historical link from the 2023 guide, page 17. Includes supporting references as well as resource homepages; see the original text for context.",Not re-evaluated,2023 guide,https://www.academia.edu/83334340/Guide_to_Online_Resources_for_Scholarly_Jewish_Study_and_Research_2023,[17],"Imported automatically. Anchor labels may be partial, especially across lines or in Hebrew. A successful HTTP response does not verify content, access terms or scholarly quality.",redirected,2026-10-09T13:08:07.570179+00:00,False
Dijest model,https://dijest.net/digitize-your-texts-with-transkribus/,Search & bibliographies,"Historical link from the 2023 guide, page 24. Includes supporting references as well as resource homepages; see the original text for context.",Not re-evaluated,2023 guide,https://www.academia.edu/83334340/Guide_to_Online_Resources_for_Scholarly_Jewish_Study_and_Research_2023,[24],"Imported automatically. Anchor labels may be partial, especially across lines or in Hebrew. A successful HTTP response does not verify content, access terms or scholarly quality.",reachable,2026-10-09T13:08:18.191850+00:00,False
Dikdukei Sofrim,https://bavli.genizah.org/GeneralPages/DKS/DKS_Browse,Manuscripts,"Historical link from the 2023 guide, page 18. Includes supporting references as well as resource homepages; see the original text for context.",Not re-evaluated,2023 guide,https://www.academia.edu/83334340/Guide_to_Online_Resources_for_Scholarly_Jewish_Study_and_Research_2023,[18],"Imported automatically. Anchor labels may be partial, especially across lines or in Hebrew. A successful HTTP response does not verify content, access terms or scholarly quality.",redirected,2026-10-09T13:08:13.990968+00:00,False
Dinei Yisra’el,https://law.tau.ac.il/dine_israel/published,Secondary literature,"Historical link from the 2023 guide, page 33. Includes supporting references as well as resource homepages; see the original text for context.",Not re-evaluated,2023 guide,https://www.academia.edu/83334340/Guide_to_Online_Resources_for_Scholarly_Jewish_Study_and_Research_2023,[33],"Imported automatically. Anchor labels may be partial, especially across lines or in Hebrew. A successful HTTP response does not verify content, access terms or scholarly quality.",reachable,2026-10-09T13:08:32.602724+00:00,False
Dr. Moshe Pinchuk,https://netanya.academia.edu/MoshePinchuk,Search & bibliographies,"Historical link from the 2023 guide, page 27. Includes supporting references as well as resource homepages; see the original text for context.",Not re-evaluated,2023 guide,https://www.academia.edu/83334340/Guide_to_Online_Resources_for_Scholarly_Jewish_Study_and_Research_2023,[27],"Imported automatically. Anchor labels may be partial, especially across lines or in Hebrew. A successful HTTP response does not verify content, access terms or scholarly quality.",blocked_or_restricted,2026-10-09T13:08:38.364858+00:00,False
Eleazar ben Kalir,https://benyehuda.org/author/1457,Primary texts,"Historical link from the 2023 guide, page 11. Includes supporting references as well as resource homepages; see the original text for context.",Not re-evaluated,2023 guide,https://www.academia.edu/83334340/Guide_to_Online_Resources_for_Scholarly_Jewish_Study_and_Research_2023,[11],"Imported automatically. Anchor labels may be partial, especially across lines or in Hebrew. A successful HTTP response does not verify content, access terms or scholarly quality.",reachable,2026-10-09T13:08:13.993080+00:00,False
Electronic,https://en.wikipedia.org/wiki/Electronic_publishing,Guides & context,"Historical link from the 2023 guide, page 3. Includes supporting references as well as resource homepages; see the original text for context.",Not re-evaluated,2023 guide,https://www.academia.edu/83334340/Guide_to_Online_Resources_for_Scholarly_Jewish_Study_and_Research_2023,[3],"Imported automatically. Anchor labels may be partial, especially across lines or in Hebrew. A successful HTTP response does not verify content, access terms or scholarly quality.",reachable,2026-10-09T13:08:20.698871+00:00,False
Elliot Wolfson has 165 articles there,https://ucsb.academia.edu/ElliotWolfson,Secondary literature,"Historical link from the 2023 guide, page 35. Includes supporting references as well as resource homepages; see the original text for context.",Not re-evaluated,2023 guide,https://www.academia.edu/83334340/Guide_to_Online_Resources_for_Scholarly_Jewish_Study_and_Research_2023,[35],"Imported automatically. Anchor labels may be partial, especially across lines or in Hebrew. A successful HTTP response does not verify content, access terms or scholarly quality.",blocked_or_restricted,2026-10-09T13:08:47.835647+00:00,False
Elyonim veTachtonim,https://elyonimvetachtonim.project.uj.edu.pl/en_GB/databases/babylonian-talmud,Search & bibliographies,"Historical link from the 2023 guide, page 27. Includes supporting references as well as resource homepages; see the original text for context.",Not re-evaluated,2023 guide,https://www.academia.edu/83334340/Guide_to_Online_Resources_for_Scholarly_Jewish_Study_and_Research_2023,[27],"Imported automatically. Anchor labels may be partial, especially across lines or in Hebrew. A successful HTTP response does not verify content, access terms or scholarly quality.",reachable,2026-10-09T13:08:19.165376+00:00,False
elyonimvetachtonim.project.uj.edu.pl/en_GB/about/legacy,https://elyonimvetachtonim.project.uj.edu.pl/en_GB/about/legacy,Search & bibliographies,"Historical link from the 2023 guide, page 27. Includes supporting references as well as resource homepages; see the original text for context.",Not re-evaluated,2023 guide,https://www.academia.edu/83334340/Guide_to_Online_Resources_for_Scholarly_Jewish_Study_and_Research_2023,[27],"Imported automatically. Anchor labels may be partial, especially across lines or in Hebrew. A successful HTTP response does not verify content, access terms or scholarly quality.",reachable,2026-10-09T13:08:18.845686+00:00,False
en.wikipedia.org/wiki/Academy_of_the_Hebrew_Language,https://en.wikipedia.org/wiki/Academy_of_the_Hebrew_Language,Media & communities,"Historical link from the 2023 guide, page 41. Includes supporting references as well as resource homepages; see the original text for context.",Not re-evaluated,2023 guide,https://www.academia.edu/83334340/Guide_to_Online_Resources_for_Scholarly_Jewish_Study_and_Research_2023,[41],"Imported automatically. Anchor labels may be partial, especially across lines or in Hebrew. A successful HTTP response does not verify content, access terms or scholarly quality.",reachable,2026-10-09T13:08:19.632674+00:00,False
en.wikipedia.org/wiki/Haaretz,https://en.wikipedia.org/wiki/Haaretz,Media & communities,"Historical link from the 2023 guide, page 42. Includes supporting references as well as resource homepages; see the original text for context.",Not re-evaluated,2023 guide,https://www.academia.edu/83334340/Guide_to_Online_Resources_for_Scholarly_Jewish_Study_and_Research_2023,[42],"Imported automatically. Anchor labels may be partial, especially across lines or in Hebrew. A successful HTTP response does not verify content, access terms or scholarly quality.",reachable,2026-10-09T13:08:21.022812+00:00,False
en.wikipedia.org/wiki/Jewish_Review_of_Books,https://en.wikipedia.org/wiki/Jewish_Review_of_Books,Media & communities,"Historical link from the 2023 guide, page 42. Includes supporting references as well as resource homepages; see the original text for context.",Not re-evaluated,2023 guide,https://www.academia.edu/83334340/Guide_to_Online_Resources_for_Scholarly_Jewish_Study_and_Research_2023,[42],"Imported automatically. Anchor labels may be partial, especially across lines or in Hebrew. A successful HTTP response does not verify content, access terms or scholarly quality.",reachable,2026-10-09T13:08:21.115140+00:00,False
en.wikipedia.org/wiki/Judaica_Archival_Project,https://en.wikipedia.org/wiki/Judaica_Archival_Project,Search & bibliographies,"Historical link from the 2023 guide, page 28. Includes supporting references as well as resource homepages; see the original text for context.",Not re-evaluated,2023 guide,https://www.academia.edu/83334340/Guide_to_Online_Resources_for_Scholarly_Jewish_Study_and_Research_2023,[28],"Imported automatically. Anchor labels may be partial, especially across lines or in Hebrew. A successful HTTP response does not verify content, access terms or scholarly quality.",reachable,2026-10-09T13:08:21.116083+00:00,False
en.wikipedia.org/wiki/Makor_Rishon,https://en.wikipedia.org/wiki/Makor_Rishon,Media & communities,"Historical link from the 2023 guide, page 41. Includes supporting references as well as resource homepages; see the original text for context.",Not re-evaluated,2023 guide,https://www.academia.edu/83334340/Guide_to_Online_Resources_for_Scholarly_Jewish_Study_and_Research_2023,[41],"Imported automatically. Anchor labels may be partial, especially across lines or in Hebrew. A successful HTTP response does not verify content, access terms or scholarly quality.",reachable,2026-10-09T13:08:21.191013+00:00,False
en.wikipedia.org/wiki/Mamre_Institute,https://en.wikipedia.org/wiki/Mamre_Institute,Primary texts,"Historical link from the 2023 guide, page 11. Includes supporting references as well as resource homepages; see the original text for context.",Not re-evaluated,2023 guide,https://www.academia.edu/83334340/Guide_to_Online_Resources_for_Scholarly_Jewish_Study_and_Research_2023,[11],"Imported automatically. Anchor labels may be partial, especially across lines or in Hebrew. A successful HTTP response does not verify content, access terms or scholarly quality.",reachable,2026-10-09T13:08:21.273652+00:00,False
en.wikipedia.org/wiki/Open_Siddur_Project,https://en.wikipedia.org/wiki/Open_Siddur_Project,Primary texts,"Historical link from the 2023 guide, page 12. Includes supporting references as well as resource homepages; see the original text for context.",Not re-evaluated,2023 guide,https://www.academia.edu/83334340/Guide_to_Online_Resources_for_Scholarly_Jewish_Study_and_Research_2023,[12],"Imported automatically. Anchor labels may be partial, especially across lines or in Hebrew. A successful HTTP response does not verify content, access terms or scholarly quality.",reachable,2026-10-09T13:08:21.383648+00:00,False
en.wikipedia.org/wiki/Tablet_(magazine),https://en.wikipedia.org/wiki/Tablet_(magazine),Media & communities,"Historical link from the 2023 guide, page 42. Includes supporting references as well as resource homepages; see the original text for context.",Not re-evaluated,2023 guide,https://www.academia.edu/83334340/Guide_to_Online_Resources_for_Scholarly_Jewish_Study_and_Research_2023,[42],"Imported automatically. Anchor labels may be partial, especially across lines or in Hebrew. A successful HTTP response does not verify content, access terms or scholarly quality.",reachable,2026-10-09T13:08:21.804684+00:00,False
en.wikipedia.org/wiki/Torah_database,https://en.wikipedia.org/wiki/Torah_database#Mikra'ot_Gedolot_Haketer,Guides & context,"Historical link from the 2023 guide, page 6. Includes supporting references as well as resource homepages; see the original text for context.",Not re-evaluated,2023 guide,https://www.academia.edu/83334340/Guide_to_Online_Resources_for_Scholarly_Jewish_Study_and_Research_2023,[6],"Imported automatically. Anchor labels may be partial, especially across lines or in Hebrew. A successful HTTP response does not verify content, access terms or scholarly quality.",reachable,2026-10-09T13:08:22.068748+00:00,False
en.wikipedia.org/wiki/Ḥakirah_(journal),https://en.wikipedia.org/wiki/%E1%B8%A4akirah_(journal),Secondary literature,"Historical link from the 2023 guide, page 33. Includes supporting references as well as resource homepages; see the original text for context.",Not re-evaluated,2023 guide,https://www.academia.edu/83334340/Guide_to_Online_Resources_for_Scholarly_Jewish_Study_and_Research_2023,[33],"Imported automatically. Anchor labels may be partial, especially across lines or in Hebrew. A successful HTTP response does not verify content, access terms or scholarly quality.",reachable,2026-10-09T13:08:19.214126+00:00,False
"en.wikisource.org/wiki/A_Dictionary_of_the_Targumim,_the_Talmud_Babli_and_Yerushalmi,_and_the_Midrashic_Literature","https://en.wikisource.org/wiki/A_Dictionary_of_the_Targumim,_the_Talmud_Babli_and_Yerushalmi,_and_the_Midrashic_Literature",Dictionaries & language,"Historical link from the 2023 guide, page 40. Includes supporting references as well as resource homepages; see the original text for context.",Not re-evaluated,2023 guide,https://www.academia.edu/83334340/Guide_to_Online_Resources_for_Scholarly_Jewish_Study_and_Research_2023,[40],"Imported automatically. Anchor labels may be partial, especially across lines or in Hebrew. A successful HTTP response does not verify content, access terms or scholarly quality.",reachable,2026-10-09T13:08:22.173819+00:00,False
Encyclopaedia of Judaism Online,https://brill.com/view/db/ejo,Dictionaries & language,"Historical link from the 2023 guide, page 39. Includes supporting references as well as resource homepages; see the original text for context.",Not re-evaluated,2023 guide,https://www.academia.edu/83334340/Guide_to_Online_Resources_for_Scholarly_Jewish_Study_and_Research_2023,[39],"Imported automatically. Anchor labels may be partial, especially across lines or in Hebrew. A successful HTTP response does not verify content, access terms or scholarly quality.",http_error,2026-10-09T13:08:16.563946+00:00,False
Encyclopedia of Hebrew Language and Linguistics Online,https://brill.com/view/db/ehhl,Dictionaries & language,"Historical link from the 2023 guide, page 39. Includes supporting references as well as resource homepages; see the original text for context.",Not re-evaluated,2023 guide,https://www.academia.edu/83334340/Guide_to_Online_Resources_for_Scholarly_Jewish_Study_and_Research_2023,[39],"Imported automatically. Anchor labels may be partial, especially across lines or in Hebrew. A successful HTTP response does not verify content, access terms or scholarly quality.",http_error,2026-10-09T13:08:16.107845+00:00,False
Encyclopedia of Jewish History and Culture Online,https://brill.com/view/db/ejhc,Dictionaries & language,"Historical link from the 2023 guide, page 39. Includes supporting references as well as resource homepages; see the original text for context.",Not re-evaluated,2023 guide,https://www.academia.edu/83334340/Guide_to_Online_Resources_for_Scholarly_Jewish_Study_and_Research_2023,[39],"Imported automatically. Anchor labels may be partial, especially across lines or in Hebrew. A successful HTTP response does not verify content, access terms or scholarly quality.",http_error,2026-10-09T13:08:16.111679+00:00,False
Encyclopedia of Jews in the Islamic World Online.,https://brill.com/view/db/ejio,Dictionaries & language,"Historical link from the 2023 guide, page 39. Includes supporting references as well as resource homepages; see the original text for context.",Not re-evaluated,2023 guide,https://www.academia.edu/83334340/Guide_to_Online_Resources_for_Scholarly_Jewish_Study_and_Research_2023,[39],"Imported automatically. Anchor labels may be partial, especially across lines or in Hebrew. A successful HTTP response does not verify content, access terms or scholarly quality.",http_error,2026-10-09T13:08:16.112759+00:00,False
Encyclopedia Talmudit - Micropedia,https://www.yeshiva.org.il/wiki/index.php/%D7%95%D7%99%D7%A7%D7%99%D7%A9%D7%99%D7%91%D7%94:%D7%90%D7%A0%D7%A6%D7%99%D7%A7%D7%9C%D7%95%D7%A4%D7%93%D7%99%D7%94_%D7%AA%D7%9C%D7%9E%D7%95%D7%93%D7%99%D7%AA,Dictionaries & language,"Historical link from the 2023 guide, page 38. Includes supporting references as well as resource homepages; see the original text for context.",Not re-evaluated,2023 guide,https://www.academia.edu/83334340/Guide_to_Online_Resources_for_Scholarly_Jewish_Study_and_Research_2023,[38],"Imported automatically. Anchor labels may be partial, especially across lines or in Hebrew. A successful HTTP response does not verify content, access terms or scholarly quality.",blocked_or_restricted,2026-10-09T13:09:03.057903+00:00,False
English Hebraica,http://englishhebraica.blogspot.com/,Media & communities,"Historical link from the 2023 guide, page 43. Includes supporting references as well as resource homepages; see the original text for context.",Not re-evaluated,2023 guide,https://www.academia.edu/83334340/Guide_to_Online_Resources_for_Scholarly_Jewish_Study_and_Research_2023,[43],"Imported automatically. Anchor labels may be partial, especially across lines or in Hebrew. A successful HTTP response does not verify content, access terms or scholarly quality.",reachable,2026-10-09T13:08:08.680052+00:00,False
Epidat,http://www.steinheim-institut.de/cgi-bin/epidat?lang=en&release=beta&id=&info=&show=&project=,Scanned books,"Historical link from the 2023 guide, page 15. Includes supporting references as well as resource homepages; see the original text for context.",Not re-evaluated,2023 guide,https://www.academia.edu/83334340/Guide_to_Online_Resources_for_Scholarly_Jewish_Study_and_Research_2023,[15],"Imported automatically. Anchor labels may be partial, especially across lines or in Hebrew. A successful HTTP response does not verify content, access terms or scholarly quality.",http_error,2026-10-09T13:08:11.532407+00:00,False
ERC Synergy MiDRASH Awarded to EPHE and partner institutions – eScripta,https://escripta.hypotheses.org/500,Search & bibliographies,"Historical link from the 2023 guide, page 24. Includes supporting references as well as resource homepages; see the original text for context.",Not re-evaluated,2023 guide,https://www.academia.edu/83334340/Guide_to_Online_Resources_for_Scholarly_Jewish_Study_and_Research_2023,[24],"Imported automatically. Anchor labels may be partial, especially across lines or in Hebrew. A successful HTTP response does not verify content, access terms or scholarly quality.",reachable,2026-10-09T13:08:22.256307+00:00,False
eTexts - Directory of Judaica online resources - Guides at Penn Libraries,https://guides.library.upenn.edu/judaica-resources/etexts,Guides & context,"Historical link from the 2023 guide, page 5. Includes supporting references as well as resource homepages; see the original text for context.",Not re-evaluated,2023 guide,https://www.academia.edu/83334340/Guide_to_Online_Resources_for_Scholarly_Jewish_Study_and_Research_2023,[5],"Imported automatically. Anchor labels may be partial, especially across lines or in Hebrew. A successful HTTP response does not verify content, access terms or scholarly quality.",reachable,2026-10-09T13:08:23.005241+00:00,False
Evaluating Al-Hatorah's Digital Repository: Exploring Its Excellent Tanakh,https://www.ezrabrand.com/p/evaluating-al-hatorahs-digital-repository,Primary texts,"Historical link from the 2023 guide, page 9. Includes supporting references as well as resource homepages; see the original text for context.",Not re-evaluated,2023 guide,https://www.academia.edu/83334340/Guide_to_Online_Resources_for_Scholarly_Jewish_Study_and_Research_2023,[9],"Imported automatically. Anchor labels may be partial, especially across lines or in Hebrew. A successful HTTP response does not verify content, access terms or scholarly quality.",reachable,2026-10-09T13:08:54.394474+00:00,False
Footprints Blog – Tracing Jewish Books Through Time and Place,https://edblogs.columbia.edu/footprints/,Media & communities,"Historical link from the 2023 guide, page 43. Includes supporting references as well as resource homepages; see the original text for context.",Not re-evaluated,2023 guide,https://www.academia.edu/83334340/Guide_to_Online_Resources_for_Scholarly_Jewish_Study_and_Research_2023,[43],"Imported automatically. Anchor labels may be partial, especially across lines or in Hebrew. A successful HTTP response does not verify content, access terms or scholarly quality.",reachable,2026-10-09T13:08:18.777148+00:00,False
Footprints Project (@Footprints_Heb) / Twitter,https://mobile.twitter.com/Footprints_Heb,Media & communities,"Historical link from the 2023 guide, page 46. Includes supporting references as well as resource homepages; see the original text for context.",Not re-evaluated,2023 guide,https://www.academia.edu/83334340/Guide_to_Online_Resources_for_Scholarly_Jewish_Study_and_Research_2023,[46],"Imported automatically. Anchor labels may be partial, especially across lines or in Hebrew. A successful HTTP response does not verify content, access terms or scholarly quality.",redirected,2026-10-09T13:08:36.432077+00:00,False
"For a general extensive list of digitized library collections, see t https://publicdomainreview.org/collections/source/british-library There’s an interesting analogue to Breur’s work, a German-lang",https://publicdomainreview.org/collections/source/british-library,Manuscripts,"Historical link from the 2023 guide, page 17. Includes supporting references as well as resource homepages; see the original text for context.",Not re-evaluated,2023 guide,https://www.academia.edu/83334340/Guide_to_Online_Resources_for_Scholarly_Jewish_Study_and_Research_2023,[17],"Imported automatically. Anchor labels may be partial, especially across lines or in Hebrew. A successful HTTP response does not verify content, access terms or scholarly quality.",reachable,2026-10-09T13:08:40.036881+00:00,False
Free Online Resources - HUC,https://huc.edu/libraries/free-online-resources/,Guides & context,"Historical link from the 2023 guide, page 5. Includes supporting references as well as resource homepages; see the original text for context.",Not re-evaluated,2023 guide,https://www.academia.edu/83334340/Guide_to_Online_Resources_for_Scholarly_Jewish_Study_and_Research_2023,[5],"Imported automatically. Anchor labels may be partial, especially across lines or in Hebrew. A successful HTTP response does not verify content, access terms or scholarly quality.",reachable,2026-10-09T13:08:29.783681+00:00,False
freemium,https://en.wikipedia.org/wiki/Freemium,Guides & context,"Historical link from the 2023 guide, page 4. Includes supporting references as well as resource homepages; see the original text for context.",Not re-evaluated,2023 guide,https://www.academia.edu/83334340/Guide_to_Online_Resources_for_Scholarly_Jewish_Study_and_Research_2023,[4],"Imported automatically. Anchor labels may be partial, especially across lines or in Hebrew. A successful HTTP response does not verify content, access terms or scholarly quality.",reachable,2026-10-09T13:08:20.955908+00:00,False
Friedberg Genizah Project,https://fgp.genizah.org/,Manuscripts,"Historical link from the 2023 guide, page 18. Includes supporting references as well as resource homepages; see the original text for context.",Not re-evaluated,2023 guide,https://www.academia.edu/83334340/Guide_to_Online_Resources_for_Scholarly_Jewish_Study_and_Research_2023,[18],"Imported automatically. Anchor labels may be partial, especially across lines or in Hebrew. A successful HTTP response does not verify content, access terms or scholarly quality.",reachable,2026-10-09T13:08:22.357598+00:00,False
From Print to Pixel: Digital Editions of the Talmud,https://seforimblog.com/2023/06/from-print-to-pixel-digital-editions-of-the-talmud-bavli/,Primary texts,"Historical link from the 2023 guide, page 11. Includes supporting references as well as resource homepages; see the original text for context.",Not re-evaluated,2023 guide,https://www.academia.edu/83334340/Guide_to_Online_Resources_for_Scholarly_Jewish_Study_and_Research_2023,[11],"Imported automatically. Anchor labels may be partial, especially across lines or in Hebrew. A successful HTTP response does not verify content, access terms or scholarly quality.",reachable,2026-10-09T13:08:42.997644+00:00,False
From the Maccabees to the Mishnah,https://www.amazon.com/dp/B00SVSGVSI/,Secondary literature,"Historical link from the 2023 guide, page 31. Includes supporting references as well as resource homepages; see the original text for context.",Not re-evaluated,2023 guide,https://www.academia.edu/83334340/Guide_to_Online_Resources_for_Scholarly_Jewish_Study_and_Research_2023,[31],"Imported automatically. Anchor labels may be partial, especially across lines or in Hebrew. A successful HTTP response does not verify content, access terms or scholarly quality.",reachable,2026-10-09T13:08:50.782286+00:00,False
From the Princeton Geniza Lab website,https://genizalab.princeton.edu/projects/handwritten-text-recognition,Search & bibliographies,"Historical link from the 2023 guide, page 24. Includes supporting references as well as resource homepages; see the original text for context.",Not re-evaluated,2023 guide,https://www.academia.edu/83334340/Guide_to_Online_Resources_for_Scholarly_Jewish_Study_and_Research_2023,[24],"Imported automatically. Anchor labels may be partial, especially across lines or in Hebrew. A successful HTTP response does not verify content, access terms or scholarly quality.",blocked_or_restricted,2026-10-09T13:08:22.903535+00:00,False
Gemara Brura,https://www.gemaraberura.com/app/,Guides & context,"Historical link from the 2023 guide, page 7. Includes supporting references as well as resource homepages; see the original text for context.",Not re-evaluated,2023 guide,https://www.academia.edu/83334340/Guide_to_Online_Resources_for_Scholarly_Jewish_Study_and_Research_2023,[7],"Imported automatically. Anchor labels may be partial, especially across lines or in Hebrew. A successful HTTP response does not verify content, access terms or scholarly quality.",reachable,2026-10-09T13:08:55.328995+00:00,False
"Gershom Scholem, Lexicon to Sefer Zohar",https://www.nli.org.il/en/discover/judaism/jewish-bookshelf/zohar/scholem-card-catalog,Dictionaries & language,"Historical link from the 2023 guide, page 40. Includes supporting references as well as resource homepages; see the original text for context.",Not re-evaluated,2023 guide,https://www.academia.edu/83334340/Guide_to_Online_Resources_for_Scholarly_Jewish_Study_and_Research_2023,[40],"Imported automatically. Anchor labels may be partial, especially across lines or in Hebrew. A successful HTTP response does not verify content, access terms or scholarly quality.",blocked_or_restricted,2026-10-09T13:08:58.566083+00:00,False
Giluy Milta B'alma,http://imhm.blogspot.com/,Media & communities,"Historical link from the 2023 guide, page 43. Includes supporting references as well as resource homepages; see the original text for context.",Not re-evaluated,2023 guide,https://www.academia.edu/83334340/Guide_to_Online_Resources_for_Scholarly_Jewish_Study_and_Research_2023,[43],"Imported automatically. Anchor labels may be partial, especially across lines or in Hebrew. A successful HTTP response does not verify content, access terms or scholarly quality.",reachable,2026-10-09T13:08:08.830547+00:00,False
Ginzei Qedem,https://www.ybz.org.il/?CategoryID=790,Secondary literature,"Historical link from the 2023 guide, page 32. Includes supporting references as well as resource homepages; see the original text for context.",Not re-evaluated,2023 guide,https://www.academia.edu/83334340/Guide_to_Online_Resources_for_Scholarly_Jewish_Study_and_Research_2023,[32],"Imported automatically. Anchor labels may be partial, especially across lines or in Hebrew. A successful HTTP response does not verify content, access terms or scholarly quality.",redirected,2026-10-09T13:09:02.905003+00:00,False
Google Books,https://books.google.com/,Scanned books,"Historical link from the 2023 guide, page 14. Includes supporting references as well as resource homepages; see the original text for context.",Not re-evaluated,2023 guide,https://www.academia.edu/83334340/Guide_to_Online_Resources_for_Scholarly_Jewish_Study_and_Research_2023,[14],"Imported automatically. Anchor labels may be partial, especially across lines or in Hebrew. A successful HTTP response does not verify content, access terms or scholarly quality.",reachable,2026-10-09T13:08:15.899701+00:00,False
"google search ""Encyclopaedia Judaica site:https://www.encyclopedia.com/"".",https://www.google.com/search?q=Encyclopaedia+Judaica+site%3Ahttps%3A%2F%2Fwww.encyclopedia.com%2F&lr=&safe=images&as_qdr=all&sxsrf=AOaemvKXF14_YwN1km1VZc1A5Ydsgo3PZg%3A1643176582404&ei=huLwYeb2F_2p9u8PwNiUwAk&ved=0ahUKEwjm0fzj3c71AhX9lP0HHUAsBZgQ4dUDCA4&uact=5&oq=Encyclopaedia+Judaica+site%3Ahttps%3A%2F%2Fwww.encyclopedia.com%2F&gs_lcp=Cgdnd3Mtd2l6EAM6BwgAEEcQsANKBAhBGABKBAhGGABQ7ANYtDBg-zNoAXACeACAAWuIAdYBkgEDMC4ymAEAoAECoAEByAEDwAEB&sclient=gws-wiz,Dictionaries & language,"Historical link from the 2023 guide, page 39. Includes supporting references as well as resource homepages; see the original text for context.",Not re-evaluated,2023 guide,https://www.academia.edu/83334340/Guide_to_Online_Resources_for_Scholarly_Jewish_Study_and_Research_2023,[39],"Imported automatically. Anchor labels may be partial, especially across lines or in Hebrew. A successful HTTP response does not verify content, access terms or scholarly quality.",reachable,2026-10-09T13:08:55.343939+00:00,False
Grimoar,http://hebrew.grimoar.cz/,Primary texts,"Historical link from the 2023 guide, page 11. Includes supporting references as well as resource homepages; see the original text for context.",Not re-evaluated,2023 guide,https://www.academia.edu/83334340/Guide_to_Online_Resources_for_Scholarly_Jewish_Study_and_Research_2023,[11],"Imported automatically. Anchor labels may be partial, especially across lines or in Hebrew. A successful HTTP response does not verify content, access terms or scholarly quality.",reachable,2026-10-09T13:08:08.723198+00:00,False
Guggenheimer translation and commentary of Talmud Yerushalmi,https://www.sefaria.org/texts/Talmud/Yerushalmi,Primary texts,"Historical link from the 2023 guide, page 9. Includes supporting references as well as resource homepages; see the original text for context.",Not re-evaluated,2023 guide,https://www.academia.edu/83334340/Guide_to_Online_Resources_for_Scholarly_Jewish_Study_and_Research_2023,[9],"Imported automatically. Anchor labels may be partial, especially across lines or in Hebrew. A successful HTTP response does not verify content, access terms or scholarly quality.",reachable,2026-10-09T13:09:01.766291+00:00,False
Guide for the Perplexed -,https://www.academia.edu/39895312/%D7%9E%D7%95%D7%A8%D7%94_%D7%94%D7%A0%D7%91%D7%95%D7%9B%D7%99%D7%9D_%D7%A8%D7%A9%D7%99%D7%9E%D7%AA_%D7%9E%D7%95%D7%A0%D7%97%D7%99_%D7%AA%D7%A8%D7%92%D7%95%D7%9D_%D7%95%D7%91%D7%99%D7%91%D7%9C%D7%99%D7%95%D7%92%D7%A8%D7%A4%D7%99%D7%94_Guide_for_the_Perplexed_Glossary_and_bibliography,Primary texts,"Historical link from the 2023 guide, page 13. Includes supporting references as well as resource homepages; see the original text for context.",Not re-evaluated,2023 guide,https://www.academia.edu/83334340/Guide_to_Online_Resources_for_Scholarly_Jewish_Study_and_Research_2023,[13],"Imported automatically. Anchor labels may be partial, especially across lines or in Hebrew. A successful HTTP response does not verify content, access terms or scholarly quality.",blocked_or_restricted,2026-10-09T13:08:50.496498+00:00,False
Hagahot,http://manuscriptboy.blogspot.com/,Media & communities,"Historical link from the 2023 guide, page 43. Includes supporting references as well as resource homepages; see the original text for context.",Not re-evaluated,2023 guide,https://www.academia.edu/83334340/Guide_to_Online_Resources_for_Scholarly_Jewish_Study_and_Research_2023,[43],"Imported automatically. Anchor labels may be partial, especially across lines or in Hebrew. A successful HTTP response does not verify content, access terms or scholarly quality.",reachable,2026-10-09T13:08:08.984487+00:00,False
HaGeniza MiKahir,https://kotar.cet.ac.il/kotarapp/index/Book.aspx?nBookID=108702657,Secondary literature,"Historical link from the 2023 guide, page 31. Includes supporting references as well as resource homepages; see the original text for context.",Not re-evaluated,2023 guide,https://www.academia.edu/83334340/Guide_to_Online_Resources_for_Scholarly_Jewish_Study_and_Research_2023,[31],"Imported automatically. Anchor labels may be partial, especially across lines or in Hebrew. A successful HTTP response does not verify content, access terms or scholarly quality.",reachable,2026-10-09T13:08:32.384022+00:00,False
Hakira,https://hakirah.org/Archieve.htm,Secondary literature,"Historical link from the 2023 guide, page 33. Includes supporting references as well as resource homepages; see the original text for context.",Not re-evaluated,2023 guide,https://www.academia.edu/83334340/Guide_to_Online_Resources_for_Scholarly_Jewish_Study_and_Research_2023,[33],"Imported automatically. Anchor labels may be partial, especially across lines or in Hebrew. A successful HTTP response does not verify content, access terms or scholarly quality.",reachable,2026-10-09T13:08:23.310742+00:00,False
Halacha Brura > Kabbala,http://www.halachabrura.org/library/library6.htm,Scanned books,"Historical link from the 2023 guide, page 15. Includes supporting references as well as resource homepages; see the original text for context.",Not re-evaluated,2023 guide,https://www.academia.edu/83334340/Guide_to_Online_Resources_for_Scholarly_Jewish_Study_and_Research_2023,[15],"Imported automatically. Anchor labels may be partial, especially across lines or in Hebrew. A successful HTTP response does not verify content, access terms or scholarly quality.",reachable,2026-10-09T13:08:10.389024+00:00,False
Halacha Brura >מפרשי תוספתא,http://www.halachabrura.org/library/library8l.htm#%D7%90%D7%91%D7%95%D7%AA,Scanned books,"Historical link from the 2023 guide, page 14. Includes supporting references as well as resource homepages; see the original text for context.",Not re-evaluated,2023 guide,https://www.academia.edu/83334340/Guide_to_Online_Resources_for_Scholarly_Jewish_Study_and_Research_2023,[14],"Imported automatically. Anchor labels may be partial, especially across lines or in Hebrew. A successful HTTP response does not verify content, access terms or scholarly quality.",reachable,2026-10-09T13:08:10.434983+00:00,False
Hamichlol.,https://www.hamichlol.org.il/%D7%A7%D7%98%D7%92%D7%95%D7%A8%D7%99%D7%94:%D7%94%D7%9E%D7%9B%D7%9C%D7%95%D7%9C:_%D7%A2%D7%A8%D7%9B%D7%99%D7%9D_%D7%A9%D7%A0%D7%95%D7%A6%D7%A8%D7%95_%D7%91%D7%9E%D7%9B%D7%9C%D7%95%D7%9C,Dictionaries & language,"Historical link from the 2023 guide, page 38. Includes supporting references as well as resource homepages; see the original text for context.",Not re-evaluated,2023 guide,https://www.academia.edu/83334340/Guide_to_Online_Resources_for_Scholarly_Jewish_Study_and_Research_2023,[38],"Imported automatically. Anchor labels may be partial, especially across lines or in Hebrew. A successful HTTP response does not verify content, access terms or scholarly quality.",blocked_or_restricted,2026-10-09T13:08:55.585409+00:00,False
HaSafranim - Blog of National Library of Israel,https://blog.nli.org.il/,Media & communities,"Historical link from the 2023 guide, page 43. Includes supporting references as well as resource homepages; see the original text for context.",Not re-evaluated,2023 guide,https://www.academia.edu/83334340/Guide_to_Online_Resources_for_Scholarly_Jewish_Study_and_Research_2023,[43],"Imported automatically. Anchor labels may be partial, especially across lines or in Hebrew. A successful HTTP response does not verify content, access terms or scholarly quality.",blocked_or_restricted,2026-10-09T13:08:15.772064+00:00,False
Hassidout.org,https://www.hassidout.org/hassidout/Textes_Kodech/Kabbalah/index.php-rootid=103.htm,Primary texts,"Historical link from the 2023 guide, page 12. Includes supporting references as well as resource homepages; see the original text for context.",Not re-evaluated,2023 guide,https://www.academia.edu/83334340/Guide_to_Online_Resources_for_Scholarly_Jewish_Study_and_Research_2023,[12],"Imported automatically. Anchor labels may be partial, especially across lines or in Hebrew. A successful HTTP response does not verify content, access terms or scholarly quality.",blocked_or_restricted,2026-10-09T13:08:55.660044+00:00,False
HaZirah HaLeshonit - Ruvik Rozental,https://www.ruvik.co.il/%D7%A1%D7%99%D7%A4%D7%95%D7%A8%D7%99-%D7%9E%D7%99%D7%9C%D7%99%D7%9D.aspx,Media & communities,"Historical link from the 2023 guide, page 44. Includes supporting references as well as resource homepages; see the original text for context.",Not re-evaluated,2023 guide,https://www.academia.edu/83334340/Guide_to_Online_Resources_for_Scholarly_Jewish_Study_and_Research_2023,[44],"Imported automatically. Anchor labels may be partial, especially across lines or in Hebrew. A successful HTTP response does not verify content, access terms or scholarly quality.",reachable,2026-10-09T13:09:00.992998+00:00,False
he.wikipedia.org/wiki/מקראות_גדולות_הכתר,https://he.wikipedia.org/wiki/%D7%9E%D7%A7%D7%A8%D7%90%D7%95%D7%AA_%D7%92%D7%93%D7%95%D7%9C%D7%95%D7%AA_%D7%94%D7%9B%D7%AA%D7%A8,Guides & context,"Historical link from the 2023 guide, page 6. Includes supporting references as well as resource homepages; see the original text for context.",Not re-evaluated,2023 guide,https://www.academia.edu/83334340/Guide_to_Online_Resources_for_Scholarly_Jewish_Study_and_Research_2023,[6],"Imported automatically. Anchor labels may be partial, especially across lines or in Hebrew. A successful HTTP response does not verify content, access terms or scholarly quality.",reachable,2026-10-09T13:08:27.131809+00:00,False
Hebrew Manuscripts : Free Texts,https://archive.org/details/culhebrewmss?tab=collection,Manuscripts,"Historical link from the 2023 guide, page 17. Includes supporting references as well as resource homepages; see the original text for context.",Not re-evaluated,2023 guide,https://www.academia.edu/83334340/Guide_to_Online_Resources_for_Scholarly_Jewish_Study_and_Research_2023,[17],"Imported automatically. Anchor labels may be partial, especially across lines or in Hebrew. A successful HTTP response does not verify content, access terms or scholarly quality.",reachable,2026-10-09T13:08:13.284328+00:00,False
Hebrew Manuscripts and Printed Books,https://digital.bodleian.ox.ac.uk/collections/hebrew/,Manuscripts,"Historical link from the 2023 guide, page 17. Includes supporting references as well as resource homepages; see the original text for context.",Not re-evaluated,2023 guide,https://www.academia.edu/83334340/Guide_to_Online_Resources_for_Scholarly_Jewish_Study_and_Research_2023,[17],"Imported automatically. Anchor labels may be partial, especially across lines or in Hebrew. A successful HTTP response does not verify content, access terms or scholarly quality.",reachable,2026-10-09T13:08:17.811510+00:00,False
Hebrew University,http://www.huji.ac.il/htbin/doctors/index.cgi?tofes,Search & bibliographies,"Historical link from the 2023 guide, page 37. Includes supporting references as well as resource homepages; see the original text for context.",Not re-evaluated,2023 guide,https://www.academia.edu/83334340/Guide_to_Online_Resources_for_Scholarly_Jewish_Study_and_Research_2023,[37],"Imported automatically. Anchor labels may be partial, especially across lines or in Hebrew. A successful HTTP response does not verify content, access terms or scholarly quality.",redirected,2026-10-09T13:08:10.596105+00:00,False
Hebrew University,https://www.youtube.com/user/HebrewUniversity/videos,Media & communities,"Historical link from the 2023 guide, page 45. Includes supporting references as well as resource homepages; see the original text for context.",Not re-evaluated,2023 guide,https://www.academia.edu/83334340/Guide_to_Online_Resources_for_Scholarly_Jewish_Study_and_Research_2023,[45],"Imported automatically. Anchor labels may be partial, especially across lines or in Hebrew. A successful HTTP response does not verify content, access terms or scholarly quality.",reachable,2026-10-09T13:09:04.238709+00:00,False
HebrewBooks,https://www.hebrewbooks.org/journals,Secondary literature,"Historical link from the 2023 guide, page 34. Includes supporting references as well as resource homepages; see the original text for context.",Not re-evaluated,2023 guide,https://www.academia.edu/83334340/Guide_to_Online_Resources_for_Scholarly_Jewish_Study_and_Research_2023,[34],"Imported automatically. Anchor labels may be partial, especially across lines or in Hebrew. A successful HTTP response does not verify content, access terms or scholarly quality.",reachable,2026-10-09T13:08:55.720956+00:00,False
Heichal Menahem,https://www.heichal.co.il/departments/%D7%A1%D7%A4%D7%A8%D7%99%D7%9D/1,Search & bibliographies,"Historical link from the 2023 guide, page 28. Includes supporting references as well as resource homepages; see the original text for context.",Not re-evaluated,2023 guide,https://www.academia.edu/83334340/Guide_to_Online_Resources_for_Scholarly_Jewish_Study_and_Research_2023,[28],"Imported automatically. Anchor labels may be partial, especially across lines or in Hebrew. A successful HTTP response does not verify content, access terms or scholarly quality.",reachable,2026-10-09T13:08:55.763521+00:00,False
"here,",https://seforimblog.com/2022/01/daf-yomi-seforim-on-moed-katan-part-one/,Media & communities,"Historical link from the 2023 guide, page 45. Includes supporting references as well as resource homepages; see the original text for context.",Not re-evaluated,2023 guide,https://www.academia.edu/83334340/Guide_to_Online_Resources_for_Scholarly_Jewish_Study_and_Research_2023,[45],"Imported automatically. Anchor labels may be partial, especially across lines or in Hebrew. A successful HTTP response does not verify content, access terms or scholarly quality.",reachable,2026-10-09T13:08:42.112683+00:00,False
Hollander Books Blog,http://hollanderbooks.blogspot.com/,Media & communities,"Historical link from the 2023 guide, page 43. Includes supporting references as well as resource homepages; see the original text for context.",Not re-evaluated,2023 guide,https://www.academia.edu/83334340/Guide_to_Online_Resources_for_Scholarly_Jewish_Study_and_Research_2023,[43],"Imported automatically. Anchor labels may be partial, especially across lines or in Hebrew. A successful HTTP response does not verify content, access terms or scholarly quality.",reachable,2026-10-09T13:08:08.785006+00:00,False
https://beta.hebrewbooks.org/#gsc.tab=0,https://beta.hebrewbooks.org/#gsc.tab=0,Scanned books,"Historical link from the 2023 guide, page 14. Includes supporting references as well as resource homepages; see the original text for context.",Not re-evaluated,2023 guide,https://www.academia.edu/83334340/Guide_to_Online_Resources_for_Scholarly_Jewish_Study_and_Research_2023,[14],"Imported automatically. Anchor labels may be partial, especially across lines or in Hebrew. A successful HTTP response does not verify content, access terms or scholarly quality.",reachable,2026-10-09T13:08:15.645886+00:00,False
https://books.google.com/advanced_book_search,https://books.google.com/advanced_book_search,Scanned books,"Historical link from the 2023 guide, page 15. Includes supporting references as well as resource homepages; see the original text for context.",Not re-evaluated,2023 guide,https://www.academia.edu/83334340/Guide_to_Online_Resources_for_Scholarly_Jewish_Study_and_Research_2023,[15],"Imported automatically. Anchor labels may be partial, especially across lines or in Hebrew. A successful HTTP response does not verify content, access terms or scholarly quality.",reachable,2026-10-09T13:08:15.972626+00:00,False
https://huc.edu/libraries/free-online-resources/?table=Bible/Early%20Resources,https://huc.edu/libraries/free-online-resources/?table=Bible/Early%20Resources,Primary texts,"Historical link from the 2023 guide, page 13. Includes supporting references as well as resource homepages; see the original text for context.",Not re-evaluated,2023 guide,https://www.academia.edu/83334340/Guide_to_Online_Resources_for_Scholarly_Jewish_Study_and_Research_2023,"[13, 33]","Imported automatically. Anchor labels may be partial, especially across lines or in Hebrew. A successful HTTP response does not verify content, access terms or scholarly quality.",reachable,2026-10-09T13:08:29.808399+00:00,False
https://mg.alhatorah.org,https://mg.alhatorah.org,Primary texts,"Historical link from the 2023 guide, page 10. Includes supporting references as well as resource homepages; see the original text for context.",Not re-evaluated,2023 guide,https://www.academia.edu/83334340/Guide_to_Online_Resources_for_Scholarly_Jewish_Study_and_Research_2023,[10],"Imported automatically. Anchor labels may be partial, especially across lines or in Hebrew. A successful HTTP response does not verify content, access terms or scholarly quality.",redirected,2026-10-09T13:08:36.034235+00:00,False
https://sofermahir.hypotheses.org DH Tutorials - Goethe-Universität Katz and Gershuni point out: “Unf,https://eajs-2023.eu/133556336/DH_Tutorials,Search & bibliographies,"Historical link from the 2023 guide, page 24. Includes supporting references as well as resource homepages; see the original text for context.",Not re-evaluated,2023 guide,https://www.academia.edu/83334340/Guide_to_Online_Resources_for_Scholarly_Jewish_Study_and_Research_2023,[24],"Imported automatically. Anchor labels may be partial, especially across lines or in Hebrew. A successful HTTP response does not verify content, access terms or scholarly quality.",reachable,2026-10-09T13:08:18.584970+00:00,False
https://t.me/s/NLITorani,https://t.me/s/NLITorani,Media & communities,"Historical link from the 2023 guide, page 46. Includes supporting references as well as resource homepages; see the original text for context.",Not re-evaluated,2023 guide,https://www.academia.edu/83334340/Guide_to_Online_Resources_for_Scholarly_Jewish_Study_and_Research_2023,[46],"Imported automatically. Anchor labels may be partial, especially across lines or in Hebrew. A successful HTTP response does not verify content, access terms or scholarly quality.",redirected,2026-10-09T13:08:44.234199+00:00,False
https://tiresias.haifa.ac.il/?subj=burial.,https://tiresias.haifa.ac.il/?subj=burial,Search & bibliographies,"Historical link from the 2023 guide, page 37. Includes supporting references as well as resource homepages; see the original text for context.",Not re-evaluated,2023 guide,https://www.academia.edu/83334340/Guide_to_Online_Resources_for_Scholarly_Jewish_Study_and_Research_2023,[37],"Imported automatically. Anchor labels may be partial, especially across lines or in Hebrew. A successful HTTP response does not verify content, access terms or scholarly quality.",http_error,2026-10-09T13:08:45.909253+00:00,False
https://tiresias.haifa.ac.il/?subj=ezezez:1778,https://tiresias.haifa.ac.il/?subj=ezezez:1778,Search & bibliographies,"Historical link from the 2023 guide, page 37. Includes supporting references as well as resource homepages; see the original text for context.",Not re-evaluated,2023 guide,https://www.academia.edu/83334340/Guide_to_Online_Resources_for_Scholarly_Jewish_Study_and_Research_2023,[37],"Imported automatically. Anchor labels may be partial, especially across lines or in Hebrew. A successful HTTP response does not verify content, access terms or scholarly quality.",http_error,2026-10-09T13:08:46.132392+00:00,False
https://tiresias.haifa.ac.il/?subj=synagogue,https://tiresias.haifa.ac.il/?subj=synagogue,Search & bibliographies,"Historical link from the 2023 guide, page 37. Includes supporting references as well as resource homepages; see the original text for context.",Not re-evaluated,2023 guide,https://www.academia.edu/83334340/Guide_to_Online_Resources_for_Scholarly_Jewish_Study_and_Research_2023,[37],"Imported automatically. Anchor labels may be partial, especially across lines or in Hebrew. A successful HTTP response does not verify content, access terms or scholarly quality.",http_error,2026-10-09T13:08:46.140020+00:00,False
https://tiresias.haifa.ac.il/texts,https://tiresias.haifa.ac.il/texts,Search & bibliographies,"Historical link from the 2023 guide, page 37. Includes supporting references as well as resource homepages; see the original text for context.",Not re-evaluated,2023 guide,https://www.academia.edu/83334340/Guide_to_Online_Resources_for_Scholarly_Jewish_Study_and_Research_2023,[37],"Imported automatically. Anchor labels may be partial, especially across lines or in Hebrew. A successful HTTP response does not verify content, access terms or scholarly quality.",http_error,2026-10-09T13:08:46.143410+00:00,False
https://www.digitalhumanities.org/dhq/vol/17/1/000651/000651.html,https://www.digitalhumanities.org/dhq/vol/17/1/000651/000651.html,Search & bibliographies,"Historical link from the 2023 guide, page 37. Includes supporting references as well as resource homepages; see the original text for context.",Not re-evaluated,2023 guide,https://www.academia.edu/83334340/Guide_to_Online_Resources_for_Scholarly_Jewish_Study_and_Research_2023,[37],"Imported automatically. Anchor labels may be partial, especially across lines or in Hebrew. A successful HTTP response does not verify content, access terms or scholarly quality.",redirected,2026-10-09T13:08:53.022124+00:00,False
https://www.nli.org.il/en/research-and-teach/catalogs/bibliographic-databases,https://www.nli.org.il/en/research-and-teach/catalogs/bibliographic-databases,Search & bibliographies,"Historical link from the 2023 guide, page 25. Includes supporting references as well as resource homepages; see the original text for context.",Not re-evaluated,2023 guide,https://www.academia.edu/83334340/Guide_to_Online_Resources_for_Scholarly_Jewish_Study_and_Research_2023,[25],"Imported automatically. Anchor labels may be partial, especially across lines or in Hebrew. A successful HTTP response does not verify content, access terms or scholarly quality.",blocked_or_restricted,2026-10-09T13:08:58.853477+00:00,False
https://www.nli.org.il/he/books/NNL_ALEPH001091556/NLI,https://www.nli.org.il/he/books/NNL_ALEPH001091556/NLI,Scanned books,"Historical link from the 2023 guide, page 14. Includes supporting references as well as resource homepages; see the original text for context.",Not re-evaluated,2023 guide,https://www.academia.edu/83334340/Guide_to_Online_Resources_for_Scholarly_Jewish_Study_and_Research_2023,[14],"Imported automatically. Anchor labels may be partial, especially across lines or in Hebrew. A successful HTTP response does not verify content, access terms or scholarly quality.",blocked_or_restricted,2026-10-09T13:08:58.972301+00:00,False
Humanities Commons,https://hcommons.org/deposits/?tag=hebrew+literature,Search & bibliographies,"Historical link from the 2023 guide, page 36. Includes supporting references as well as resource homepages; see the original text for context.",Not re-evaluated,2023 guide,https://www.academia.edu/83334340/Guide_to_Online_Resources_for_Scholarly_Jewish_Study_and_Research_2023,[36],"Imported automatically. Anchor labels may be partial, especially across lines or in Hebrew. A successful HTTP response does not verify content, access terms or scholarly quality.",reachable,2026-10-09T13:08:23.704949+00:00,False
In Geveb: A Journal of Yiddish Studies,https://ingeveb.org/texts-and-translations,Guides & context,"Historical link from the 2023 guide, page 7. Includes supporting references as well as resource homepages; see the original text for context.",Not re-evaluated,2023 guide,https://www.academia.edu/83334340/Guide_to_Online_Resources_for_Scholarly_Jewish_Study_and_Research_2023,[7],"Imported automatically. Anchor labels may be partial, especially across lines or in Hebrew. A successful HTTP response does not verify content, access terms or scholarly quality.",reachable,2026-10-09T13:08:30.273715+00:00,False
"in scholarly discussion, see Prof. Bezalel Bar-Kochva’s critique of Prof. Rachel Elior: https://www.tau.ac.il/sites/tau.ac.il.en/files/media_server/imported/508/files/2014/10/elior-25.11.2013.pdf However, it must be admitted that that's an unusual case.",https://www.tau.ac.il/sites/tau.ac.il.en/files/media_server/imported/508/files/2014/10/elior-25.11.2013.pdf,Media & communities,"Historical link from the 2023 guide, page 41. Includes supporting references as well as resource homepages; see the original text for context.",Not re-evaluated,2023 guide,https://www.academia.edu/83334340/Guide_to_Online_Resources_for_Scholarly_Jewish_Study_and_Research_2023,[41],"Imported automatically. Anchor labels may be partial, especially across lines or in Hebrew. A successful HTTP response does not verify content, access terms or scholarly quality.",reachable,2026-10-09T13:09:02.532757+00:00,False
Inscriptions of Israel/Palestine,https://library.brown.edu/iip/index/,Primary texts,"Historical link from the 2023 guide, page 13. Includes supporting references as well as resource homepages; see the original text for context.",Not re-evaluated,2023 guide,https://www.academia.edu/83334340/Guide_to_Online_Resources_for_Scholarly_Jewish_Study_and_Research_2023,[13],"Imported automatically. Anchor labels may be partial, especially across lines or in Hebrew. A successful HTTP response does not verify content, access terms or scholarly quality.",redirected,2026-10-09T13:08:35.439317+00:00,False
Introduction - History of the Early Printed Hebrew Book - Guides at Penn Libraries,https://guides.library.upenn.edu/earlyprintedhebrewbook,Search & bibliographies,"Historical link from the 2023 guide, page 27. Includes supporting references as well as resource homepages; see the original text for context.",Not re-evaluated,2023 guide,https://www.academia.edu/83334340/Guide_to_Online_Resources_for_Scholarly_Jewish_Study_and_Research_2023,[27],"Imported automatically. Anchor labels may be partial, especially across lines or in Hebrew. A successful HTTP response does not verify content, access terms or scholarly quality.",reachable,2026-10-09T13:08:22.964747+00:00,False
"Introduction Show, Seforimchatter, https://seforimchatter.buzzsprout.com/1218638/4587641-introduction-show Episode 18. (Accessed 13-Feb-22).",https://seforimchatter.buzzsprout.com/1218638/4587641-introduction-show,Media & communities,"Historical link from the 2023 guide, page 45. Includes supporting references as well as resource homepages; see the original text for context.",Not re-evaluated,2023 guide,https://www.academia.edu/83334340/Guide_to_Online_Resources_for_Scholarly_Jewish_Study_and_Research_2023,[45],"Imported automatically. Anchor labels may be partial, especially across lines or in Hebrew. A successful HTTP response does not verify content, access terms or scholarly quality.",redirected,2026-10-09T13:08:43.557439+00:00,False
Israel613,http://www.israel613.com/,Scanned books,"Historical link from the 2023 guide, page 15. Includes supporting references as well as resource homepages; see the original text for context.",Not re-evaluated,2023 guide,https://www.academia.edu/83334340/Guide_to_Online_Resources_for_Scholarly_Jewish_Study_and_Research_2023,[15],"Imported automatically. Anchor labels may be partial, especially across lines or in Hebrew. A successful HTTP response does not verify content, access terms or scholarly quality.",reachable,2026-10-09T13:08:10.600885+00:00,False
Israeli National Library annual statistics for,https://www.nli.org.il/he/at-your-service/who-we-are/depositing/statistics/2020-book-week-report,Guides & context,"Historical link from the 2023 guide, page 3. Includes supporting references as well as resource homepages; see the original text for context.",Not re-evaluated,2023 guide,https://www.academia.edu/83334340/Guide_to_Online_Resources_for_Scholarly_Jewish_Study_and_Research_2023,[3],"Imported automatically. Anchor labels may be partial, especially across lines or in Hebrew. A successful HTTP response does not verify content, access terms or scholarly quality.",blocked_or_restricted,2026-10-09T13:08:58.971503+00:00,False
"I’d like to thank him for poin מאגרי מידע לתלמוד הירושלמי""",https://www.academia.edu/30989122/A_Database_for_the_Research_of_Talmud_Yerushalmi_Hebrew_,Search & bibliographies,"Historical link from the 2023 guide, page 27. Includes supporting references as well as resource homepages; see the original text for context.",Not re-evaluated,2023 guide,https://www.academia.edu/83334340/Guide_to_Online_Resources_for_Scholarly_Jewish_Study_and_Research_2023,[27],"Imported automatically. Anchor labels may be partial, especially across lines or in Hebrew. A successful HTTP response does not verify content, access terms or scholarly quality.",blocked_or_restricted,2026-10-09T13:08:50.440358+00:00,False
Jacob J. Schacter,https://seforimchatter.buzzsprout.com/1218638/4566965-with-rabbi-dr-jacob-j-schacter-discussing-rav-yaakov-emden-the-yaavetz,Media & communities,"Historical link from the 2023 guide, page 45. Includes supporting references as well as resource homepages; see the original text for context.",Not re-evaluated,2023 guide,https://www.academia.edu/83334340/Guide_to_Online_Resources_for_Scholarly_Jewish_Study_and_Research_2023,[45],"Imported automatically. Anchor labels may be partial, especially across lines or in Hebrew. A successful HTTP response does not verify content, access terms or scholarly quality.",redirected,2026-10-09T13:08:43.155368+00:00,False
Jewish Digital Collections and Jewish Study Guides,http://www.jewishdigitalcollections.com/,Guides & context,"Historical link from the 2023 guide, page 6. Includes supporting references as well as resource homepages; see the original text for context.",Not re-evaluated,2023 guide,https://www.academia.edu/83334340/Guide_to_Online_Resources_for_Scholarly_Jewish_Study_and_Research_2023,[6],"Imported automatically. Anchor labels may be partial, especially across lines or in Hebrew. A successful HTTP response does not verify content, access terms or scholarly quality.",redirected,2026-10-09T13:08:10.601518+00:00,False
Jewish History | Libraries and Information System | Bar-Ilan University,https://lib.biu.ac.il/en/db-subject/198,Guides & context,"Historical link from the 2023 guide, page 5. Includes supporting references as well as resource homepages; see the original text for context.",Not re-evaluated,2023 guide,https://www.academia.edu/83334340/Guide_to_Online_Resources_for_Scholarly_Jewish_Study_and_Research_2023,[5],"Imported automatically. Anchor labels may be partial, especially across lines or in Hebrew. A successful HTTP response does not verify content, access terms or scholarly quality.",reachable,2026-10-09T13:08:32.741736+00:00,False
Jewish Review of Books,https://jewishreviewofbooks.com/,Media & communities,"Historical link from the 2023 guide, page 42. Includes supporting references as well as resource homepages; see the original text for context.",Not re-evaluated,2023 guide,https://www.academia.edu/83334340/Guide_to_Online_Resources_for_Scholarly_Jewish_Study_and_Research_2023,[42],"Imported automatically. Anchor labels may be partial, especially across lines or in Hebrew. A successful HTTP response does not verify content, access terms or scholarly quality.",reachable,2026-10-09T13:08:31.461923+00:00,False
Jewish Studies @ CUL,https://blogs.cul.columbia.edu/jewishstudiesatcul/,Media & communities,"Historical link from the 2023 guide, page 43. Includes supporting references as well as resource homepages; see the original text for context.",Not re-evaluated,2023 guide,https://www.academia.edu/83334340/Guide_to_Online_Resources_for_Scholarly_Jewish_Study_and_Research_2023,[43],"Imported automatically. Anchor labels may be partial, especially across lines or in Hebrew. A successful HTTP response does not verify content, access terms or scholarly quality.",redirected,2026-10-09T13:08:15.823177+00:00,False
"Jewish Studies, an Internet Journal",https://jewish-faculty.biu.ac.il/en/JSIJ,Secondary literature,"Historical link from the 2023 guide, page 32. Includes supporting references as well as resource homepages; see the original text for context.",Not re-evaluated,2023 guide,https://www.academia.edu/83334340/Guide_to_Online_Resources_for_Scholarly_Jewish_Study_and_Research_2023,[32],"Imported automatically. Anchor labels may be partial, especially across lines or in Hebrew. A successful HTTP response does not verify content, access terms or scholarly quality.",reachable,2026-10-09T13:08:30.634937+00:00,False
Jewish Theological Seminary,https://digitalcollections.jtsa.edu/islandora/object/jts%3A617619,Search & bibliographies,"Historical link from the 2023 guide, page 37. Includes supporting references as well as resource homepages; see the original text for context.",Not re-evaluated,2023 guide,https://www.academia.edu/83334340/Guide_to_Online_Resources_for_Scholarly_Jewish_Study_and_Research_2023,[37],"Imported automatically. Anchor labels may be partial, especially across lines or in Hebrew. A successful HTTP response does not verify content, access terms or scholarly quality.",redirected,2026-10-09T13:08:17.883245+00:00,False
jewishoffice.co.il/catalog/,https://jewishoffice.co.il/catalog/,Primary texts,"Historical link from the 2023 guide, page 11. Includes supporting references as well as resource homepages; see the original text for context.",Not re-evaluated,2023 guide,https://www.academia.edu/83334340/Guide_to_Online_Resources_for_Scholarly_Jewish_Study_and_Research_2023,[11],"Imported automatically. Anchor labels may be partial, especially across lines or in Hebrew. A successful HTTP response does not verify content, access terms or scholarly quality.",network_error,2026-10-09T13:08:31.335216+00:00,False
jgbherzog.jgaliciabukovina.net/index.php/he/node/2,http://jgbherzog.jgaliciabukovina.net/index.php/he/node/2,Search & bibliographies,"Historical link from the 2023 guide, page 36. Includes supporting references as well as resource homepages; see the original text for context.",Not re-evaluated,2023 guide,https://www.academia.edu/83334340/Guide_to_Online_Resources_for_Scholarly_Jewish_Study_and_Research_2023,[36],"Imported automatically. Anchor labels may be partial, especially across lines or in Hebrew. A successful HTTP response does not verify content, access terms or scholarly quality.",blocked_or_restricted,2026-10-09T13:08:08.936236+00:00,False
Journal of Synagogue Music Archive - Cantors Assembly,https://www.cantors.org/journal-of-synagogue-music/,Secondary literature,"Historical link from the 2023 guide, page 33. Includes supporting references as well as resource homepages; see the original text for context.",Not re-evaluated,2023 guide,https://www.academia.edu/83334340/Guide_to_Online_Resources_for_Scholarly_Jewish_Study_and_Research_2023,[33],"Imported automatically. Anchor labels may be partial, especially across lines or in Hebrew. A successful HTTP response does not verify content, access terms or scholarly quality.",reachable,2026-10-09T13:08:52.521073+00:00,False
Jpress archive,https://www.nli.org.il/en/newspapers/haretz/,Media & communities,"Historical link from the 2023 guide, page 42. Includes supporting references as well as resource homepages; see the original text for context.",Not re-evaluated,2023 guide,https://www.academia.edu/83334340/Guide_to_Online_Resources_for_Scholarly_Jewish_Study_and_Research_2023,[42],"Imported automatically. Anchor labels may be partial, especially across lines or in Hebrew. A successful HTTP response does not verify content, access terms or scholarly quality.",blocked_or_restricted,2026-10-09T13:08:58.667770+00:00,False
jqr.pennpress.org/home/,https://jqr.pennpress.org/home/,Secondary literature,"Historical link from the 2023 guide, page 35. Includes supporting references as well as resource homepages; see the original text for context.",Not re-evaluated,2023 guide,https://www.academia.edu/83334340/Guide_to_Online_Resources_for_Scholarly_Jewish_Study_and_Research_2023,[35],"Imported automatically. Anchor labels may be partial, especially across lines or in Hebrew. A successful HTTP response does not verify content, access terms or scholarly quality.",blocked_or_restricted,2026-10-09T13:08:31.474248+00:00,False
JSTOR,https://www.jstor.org/subject/jewishstudies,Secondary literature,"Historical link from the 2023 guide, page 30. Includes supporting references as well as resource homepages; see the original text for context.",Not re-evaluated,2023 guide,https://www.academia.edu/83334340/Guide_to_Online_Resources_for_Scholarly_Jewish_Study_and_Research_2023,"[30, 34]","Imported automatically. Anchor labels may be partial, especially across lines or in Hebrew. A successful HTTP response does not verify content, access terms or scholarly quality.",reachable,2026-10-09T13:08:56.890480+00:00,False
"JSTOR, Brown Judaic Studies",https://www.jstor.org/publisher/bjs,Secondary literature,"Historical link from the 2023 guide, page 30. Includes supporting references as well as resource homepages; see the original text for context.",Not re-evaluated,2023 guide,https://www.academia.edu/83334340/Guide_to_Online_Resources_for_Scholarly_Jewish_Study_and_Research_2023,[30],"Imported automatically. Anchor labels may be partial, especially across lines or in Hebrew. A successful HTTP response does not verify content, access terms or scholarly quality.",reachable,2026-10-09T13:08:56.810835+00:00,False
Judaism.stackexchange.com,https://judaism.stackexchange.com/,Media & communities,"Historical link from the 2023 guide, page 47. Includes supporting references as well as resource homepages; see the original text for context.",Not re-evaluated,2023 guide,https://www.academia.edu/83334340/Guide_to_Online_Resources_for_Scholarly_Jewish_Study_and_Research_2023,[47],"Imported automatically. Anchor labels may be partial, especially across lines or in Hebrew. A successful HTTP response does not verify content, access terms or scholarly quality.",blocked_or_restricted,2026-10-09T13:08:31.479000+00:00,False
Kavvanah.blog- The Book of Doctrines and Opinions,https://kavvanah.blog/,Media & communities,"Historical link from the 2023 guide, page 43. Includes supporting references as well as resource homepages; see the original text for context.",Not re-evaluated,2023 guide,https://www.academia.edu/83334340/Guide_to_Online_Resources_for_Scholarly_Jewish_Study_and_Research_2023,[43],"Imported automatically. Anchor labels may be partial, especially across lines or in Hebrew. A successful HTTP response does not verify content, access terms or scholarly quality.",reachable,2026-10-09T13:08:31.537166+00:00,False
Kiryat Sefer,https://www.nli.org.il/he/research-and-teach/catalogs/bibliographic-databases/rambi/kiryat-sefer,Secondary literature,"Historical link from the 2023 guide, page 32. Includes supporting references as well as resource homepages; see the original text for context.",Not re-evaluated,2023 guide,https://www.academia.edu/83334340/Guide_to_Online_Resources_for_Scholarly_Jewish_Study_and_Research_2023,[32],"Imported automatically. Anchor labels may be partial, especially across lines or in Hebrew. A successful HTTP response does not verify content, access terms or scholarly quality.",blocked_or_restricted,2026-10-09T13:08:59.217955+00:00,False
Knowledge in Circulation,https://esknowcirc.hypotheses.org/,Media & communities,"Historical link from the 2023 guide, page 43. Includes supporting references as well as resource homepages; see the original text for context.",Not re-evaluated,2023 guide,https://www.academia.edu/83334340/Guide_to_Online_Resources_for_Scholarly_Jewish_Study_and_Research_2023,[43],"Imported automatically. Anchor labels may be partial, especially across lines or in Hebrew. A successful HTTP response does not verify content, access terms or scholarly quality.",reachable,2026-10-09T13:08:22.309782+00:00,False
Kodesh.Snunit,https://kodesh.snunit.k12.il/i/tr/t0101.htm,Primary texts,"Historical link from the 2023 guide, page 11. Includes supporting references as well as resource homepages; see the original text for context.",Not re-evaluated,2023 guide,https://www.academia.edu/83334340/Guide_to_Online_Resources_for_Scholarly_Jewish_Study_and_Research_2023,[11],"Imported automatically. Anchor labels may be partial, especially across lines or in Hebrew. A successful HTTP response does not verify content, access terms or scholarly quality.",blocked_or_restricted,2026-10-09T13:08:31.595930+00:00,False
Kol Safran,http://kol-safran.blogspot.com/,Media & communities,"Historical link from the 2023 guide, page 43. Includes supporting references as well as resource homepages; see the original text for context.",Not re-evaluated,2023 guide,https://www.academia.edu/83334340/Guide_to_Online_Resources_for_Scholarly_Jewish_Study_and_Research_2023,[43],"Imported automatically. Anchor labels may be partial, especially across lines or in Hebrew. A successful HTTP response does not verify content, access terms or scholarly quality.",reachable,2026-10-09T13:08:08.963542+00:00,False
Kotar,https://kotar.cet.ac.il/,Secondary literature,"Historical link from the 2023 guide, page 30. Includes supporting references as well as resource homepages; see the original text for context.",Not re-evaluated,2023 guide,https://www.academia.edu/83334340/Guide_to_Online_Resources_for_Scholarly_Jewish_Study_and_Research_2023,[30],"Imported automatically. Anchor labels may be partial, especially across lines or in Hebrew. A successful HTTP response does not verify content, access terms or scholarly quality.",reachable,2026-10-09T13:08:31.610912+00:00,False
Ktiv,https://web.nli.org.il/sites/nlis/en/manuscript,Manuscripts,"Historical link from the 2023 guide, page 16. Includes supporting references as well as resource homepages; see the original text for context.",Not re-evaluated,2023 guide,https://www.academia.edu/83334340/Guide_to_Online_Resources_for_Scholarly_Jewish_Study_and_Research_2023,[16],"Imported automatically. Anchor labels may be partial, especially across lines or in Hebrew. A successful HTTP response does not verify content, access terms or scholarly quality.",not_found,2026-10-09T13:08:49.791353+00:00,False
Late Antiquity,https://benyehuda.org/read/35887,Primary texts,"Historical link from the 2023 guide, page 11. Includes supporting references as well as resource homepages; see the original text for context.",Not re-evaluated,2023 guide,https://www.academia.edu/83334340/Guide_to_Online_Resources_for_Scholarly_Jewish_Study_and_Research_2023,[11],"Imported automatically. Anchor labels may be partial, especially across lines or in Hebrew. A successful HTTP response does not verify content, access terms or scholarly quality.",reachable,2026-10-09T13:08:15.589555+00:00,False
"le on Hebrew linguistics, on the word “ :” המילה ׁשַחְצָן: מה הקשר בין אריות לנחשים https://www.haaretz.co.il/magazine/the-edge/mehasafa/.premium-1.2853618",https://www.haaretz.co.il/magazine/the-edge/mehasafa/.premium-1.2853618,Media & communities,"Historical link from the 2023 guide, page 42. Includes supporting references as well as resource homepages; see the original text for context.",Not re-evaluated,2023 guide,https://www.academia.edu/83334340/Guide_to_Online_Resources_for_Scholarly_Jewish_Study_and_Research_2023,[42],"Imported automatically. Anchor labels may be partial, especially across lines or in Hebrew. A successful HTTP response does not verify content, access terms or scholarly quality.",redirected,2026-10-09T13:08:55.513592+00:00,False
Lehrhaus,https://thelehrhaus.com/,Media & communities,"Historical link from the 2023 guide, page 43. Includes supporting references as well as resource homepages; see the original text for context.",Not re-evaluated,2023 guide,https://www.academia.edu/83334340/Guide_to_Online_Resources_for_Scholarly_Jewish_Study_and_Research_2023,[43],"Imported automatically. Anchor labels may be partial, especially across lines or in Hebrew. A successful HTTP response does not verify content, access terms or scholarly quality.",reachable,2026-10-09T13:08:44.924036+00:00,False
Leshoniada,https://leshoniada.co.il/,Media & communities,"Historical link from the 2023 guide, page 44. Includes supporting references as well as resource homepages; see the original text for context.",Not re-evaluated,2023 guide,https://www.academia.edu/83334340/Guide_to_Online_Resources_for_Scholarly_Jewish_Study_and_Research_2023,[44],"Imported automatically. Anchor labels may be partial, especially across lines or in Hebrew. A successful HTTP response does not verify content, access terms or scholarly quality.",blocked_or_restricted,2026-10-09T13:08:32.636909+00:00,False
lib.cet.ac.il/pages/about.asp,https://lib.cet.ac.il/pages/about.asp,Secondary literature,"Historical link from the 2023 guide, page 35. Includes supporting references as well as resource homepages; see the original text for context.",Not re-evaluated,2023 guide,https://www.academia.edu/83334340/Guide_to_Online_Resources_for_Scholarly_Jewish_Study_and_Research_2023,[35],"Imported automatically. Anchor labels may be partial, especially across lines or in Hebrew. A successful HTTP response does not verify content, access terms or scholarly quality.",redirected,2026-10-09T13:08:33.590368+00:00,False
library.alhatorah.org/,https://library.alhatorah.org/,Primary texts,"Historical link from the 2023 guide, page 10. Includes supporting references as well as resource homepages; see the original text for context.",Not re-evaluated,2023 guide,https://www.academia.edu/83334340/Guide_to_Online_Resources_for_Scholarly_Jewish_Study_and_Research_2023,[10],"Imported automatically. Anchor labels may be partial, especially across lines or in Hebrew. A successful HTTP response does not verify content, access terms or scholarly quality.",reachable,2026-10-09T13:08:34.016119+00:00,False
link rot,https://en.wikipedia.org/wiki/Link_rot,Guides & context,"Historical link from the 2023 guide, page 7. Includes supporting references as well as resource homepages; see the original text for context.",Not re-evaluated,2023 guide,https://www.academia.edu/83334340/Guide_to_Online_Resources_for_Scholarly_Jewish_Study_and_Research_2023,[7],"Imported automatically. Anchor labels may be partial, especially across lines or in Hebrew. A successful HTTP response does not verify content, access terms or scholarly quality.",reachable,2026-10-09T13:08:21.118593+00:00,False
Links to Other Libraries and Archives | Jewish Museum Berlin,https://www.jmberlin.de/en/links-other-libraries-and-archives,Guides & context,"Historical link from the 2023 guide, page 5. Includes supporting references as well as resource homepages; see the original text for context.",Not re-evaluated,2023 guide,https://www.academia.edu/83334340/Guide_to_Online_Resources_for_Scholarly_Jewish_Study_and_Research_2023,[5],"Imported automatically. Anchor labels may be partial, especially across lines or in Hebrew. A successful HTTP response does not verify content, access terms or scholarly quality.",reachable,2026-10-09T13:08:56.564738+00:00,False
list,https://lib.cet.ac.il/pages/sub.asp?source=139,Secondary literature,"Historical link from the 2023 guide, page 35. Includes supporting references as well as resource homepages; see the original text for context.",Not re-evaluated,2023 guide,https://www.academia.edu/83334340/Guide_to_Online_Resources_for_Scholarly_Jewish_Study_and_Research_2023,[35],"Imported automatically. Anchor labels may be partial, especially across lines or in Hebrew. A successful HTTP response does not verify content, access terms or scholarly quality.",redirected,2026-10-09T13:08:33.873471+00:00,False
List of digital library projects,https://en.wikipedia.org/wiki/List_of_digital_library_projects,Guides & context,"Historical link from the 2023 guide, page 7. Includes supporting references as well as resource homepages; see the original text for context.",Not re-evaluated,2023 guide,https://www.academia.edu/83334340/Guide_to_Online_Resources_for_Scholarly_Jewish_Study_and_Research_2023,[7],"Imported automatically. Anchor labels may be partial, especially across lines or in Hebrew. A successful HTTP response does not verify content, access terms or scholarly quality.",reachable,2026-10-09T13:08:21.135639+00:00,False
List of translated works into English,https://library.alhatorah.org/Editions#English,Primary texts,"Historical link from the 2023 guide, page 10. Includes supporting references as well as resource homepages; see the original text for context.",Not re-evaluated,2023 guide,https://www.academia.edu/83334340/Guide_to_Online_Resources_for_Scholarly_Jewish_Study_and_Research_2023,[10],"Imported automatically. Anchor labels may be partial, especially across lines or in Hebrew. A successful HTTP response does not verify content, access terms or scholarly quality.",reachable,2026-10-09T13:08:35.358541+00:00,False
m About page,https://genizalab.princeton.edu/pgp-database/about,Manuscripts,"Historical link from the 2023 guide, page 21. Includes supporting references as well as resource homepages; see the original text for context.",Not re-evaluated,2023 guide,https://www.academia.edu/83334340/Guide_to_Online_Resources_for_Scholarly_Jewish_Study_and_Research_2023,[21],"Imported automatically. Anchor labels may be partial, especially across lines or in Hebrew. A successful HTTP response does not verify content, access terms or scholarly quality.",blocked_or_restricted,2026-10-09T13:08:22.880881+00:00,False
Magnes Press,https://www.magnespress.co.il/category/%D7%9E%D7%93%D7%A2%D7%99_%D7%94%D7%99%D7%94%D7%93%D7%95%D7%AA-76?format=ebook,Secondary literature,"Historical link from the 2023 guide, page 31. Includes supporting references as well as resource homepages; see the original text for context.",Not re-evaluated,2023 guide,https://www.academia.edu/83334340/Guide_to_Online_Resources_for_Scholarly_Jewish_Study_and_Research_2023,[31],"Imported automatically. Anchor labels may be partial, especially across lines or in Hebrew. A successful HTTP response does not verify content, access terms or scholarly quality.",reachable,2026-10-09T13:08:57.378186+00:00,False
Mahadura - the Friedberg Site for Transcriptions and Synopsis,https://manuscripts.genizah.org/,Manuscripts,"Historical link from the 2023 guide, page 19. Includes supporting references as well as resource homepages; see the original text for context.",Not re-evaluated,2023 guide,https://www.academia.edu/83334340/Guide_to_Online_Resources_for_Scholarly_Jewish_Study_and_Research_2023,[19],"Imported automatically. Anchor labels may be partial, especially across lines or in Hebrew. A successful HTTP response does not verify content, access terms or scholarly quality.",redirected,2026-10-09T13:08:35.559977+00:00,False
Makor Rishon,https://www.makorrishon.co.il/,Media & communities,"Historical link from the 2023 guide, page 41. Includes supporting references as well as resource homepages; see the original text for context.",Not re-evaluated,2023 guide,https://www.academia.edu/83334340/Guide_to_Online_Resources_for_Scholarly_Jewish_Study_and_Research_2023,[41],"Imported automatically. Anchor labels may be partial, especially across lines or in Hebrew. A successful HTTP response does not verify content, access terms or scholarly quality.",blocked_or_restricted,2026-10-09T13:08:57.568622+00:00,False
Maps of Talmudic Babylonia,http://daf-yomi.com/content.aspx?PageId=93,Secondary literature,"Historical link from the 2023 guide, page 29. Includes supporting references as well as resource homepages; see the original text for context.",Not re-evaluated,2023 guide,https://www.academia.edu/83334340/Guide_to_Online_Resources_for_Scholarly_Jewish_Study_and_Research_2023,[29],"Imported automatically. Anchor labels may be partial, especially across lines or in Hebrew. A successful HTTP response does not verify content, access terms or scholarly quality.",reachable,2026-10-09T13:08:08.529806+00:00,False
Marina Rustow (@mrustow) / Twitter,https://twitter.com/mrustow,Media & communities,"Historical link from the 2023 guide, page 46. Includes supporting references as well as resource homepages; see the original text for context.",Not re-evaluated,2023 guide,https://www.academia.edu/83334340/Guide_to_Online_Resources_for_Scholarly_Jewish_Study_and_Research_2023,[46],"Imported automatically. Anchor labels may be partial, especially across lines or in Hebrew. A successful HTTP response does not verify content, access terms or scholarly quality.",redirected,2026-10-09T13:08:47.248115+00:00,False
Masechet,https://jewish-faculty.biu.ac.il/node/669,Secondary literature,"Historical link from the 2023 guide, page 33. Includes supporting references as well as resource homepages; see the original text for context.",Not re-evaluated,2023 guide,https://www.academia.edu/83334340/Guide_to_Online_Resources_for_Scholarly_Jewish_Study_and_Research_2023,[33],"Imported automatically. Anchor labels may be partial, especially across lines or in Hebrew. A successful HTTP response does not verify content, access terms or scholarly quality.",reachable,2026-10-09T13:08:30.996196+00:00,False
Mavo LeMidrashim,https://kotar.cet.ac.il/kotarapp/index/Book.aspx?nBookID=105755469,Secondary literature,"Historical link from the 2023 guide, page 31. Includes supporting references as well as resource homepages; see the original text for context.",Not re-evaluated,2023 guide,https://www.academia.edu/83334340/Guide_to_Online_Resources_for_Scholarly_Jewish_Study_and_Research_2023,[31],"Imported automatically. Anchor labels may be partial, especially across lines or in Hebrew. A successful HTTP response does not verify content, access terms or scholarly quality.",reachable,2026-10-09T13:08:32.183573+00:00,False
Medieval era,https://benyehuda.org/period/medieval,Primary texts,"Historical link from the 2023 guide, page 11. Includes supporting references as well as resource homepages; see the original text for context.",Not re-evaluated,2023 guide,https://www.academia.edu/83334340/Guide_to_Online_Resources_for_Scholarly_Jewish_Study_and_Research_2023,[11],"Imported automatically. Anchor labels may be partial, especially across lines or in Hebrew. A successful HTTP response does not verify content, access terms or scholarly quality.",reachable,2026-10-09T13:08:15.474758+00:00,False
Mekhilta_DeRabbi_Yishmael,https://alhatorah.org/Commentators:Mekhilta_DeRabbi_Yishmael,Primary texts,"Historical link from the 2023 guide, page 10. Includes supporting references as well as resource homepages; see the original text for context.",Not re-evaluated,2023 guide,https://www.academia.edu/83334340/Guide_to_Online_Resources_for_Scholarly_Jewish_Study_and_Research_2023,[10],"Imported automatically. Anchor labels may be partial, especially across lines or in Hebrew. A successful HTTP response does not verify content, access terms or scholarly quality.",reachable,2026-10-09T13:08:12.347536+00:00,False
Mercava,https://www.themercava.com/app/books/metanav/1695,Primary texts,"Historical link from the 2023 guide, page 11. Includes supporting references as well as resource homepages; see the original text for context.",Not re-evaluated,2023 guide,https://www.academia.edu/83334340/Guide_to_Online_Resources_for_Scholarly_Jewish_Study_and_Research_2023,[11],"Imported automatically. Anchor labels may be partial, especially across lines or in Hebrew. A successful HTTP response does not verify content, access terms or scholarly quality.",reachable,2026-10-09T13:09:02.711114+00:00,False
Merhav - The National Library,"https://merhav.nli.org.il/primo-explore/search?query=any,contains,NNL&sortby=rank&vid=NLI&lang=en_US",Search & bibliographies,"Historical link from the 2023 guide, page 25. Includes supporting references as well as resource homepages; see the original text for context.",Not re-evaluated,2023 guide,https://www.academia.edu/83334340/Guide_to_Online_Resources_for_Scholarly_Jewish_Study_and_Research_2023,[25],"Imported automatically. Anchor labels may be partial, especially across lines or in Hebrew. A successful HTTP response does not verify content, access terms or scholarly quality.",blocked_or_restricted,2026-10-09T13:08:35.663210+00:00,False
Merhav search,"https://nli.userservices.exlibrisgroup.com/view/uresolver/972NNL_INST/openurl?Force_direct=false&ctx_enc=info:ofi/enc:UTF-8&ctx_id=10_1&ctx_tim=2022-01-06T17%3A01%3A41IST&ctx_ver=Z39.88-2004&url_ctx_fmt=info:ofi/fmt:kev:mtx:ctx&url_ver=Z39.88-2004&rfr_id=info:sid/primo.exlibrisgroup.com-NNL_ALEPH&req_id=&rft_dat=ie=972NNL_INST/51440491650005171,ie=972NNL_INST:51440491650005171,language=heb,view=NLI&svc_dat=viewit&u.ignore_date_coverage=true&Force_direct=true&is_new_ui=true",Secondary literature,"Historical link from the 2023 guide, page 30. Includes supporting references as well as resource homepages; see the original text for context.",Not re-evaluated,2023 guide,https://www.academia.edu/83334340/Guide_to_Online_Resources_for_Scholarly_Jewish_Study_and_Research_2023,[30],"Imported automatically. Anchor labels may be partial, especially across lines or in Hebrew. A successful HTTP response does not verify content, access terms or scholarly quality.",reachable,2026-10-09T13:08:38.372327+00:00,False
Metah,https://lib.cet.ac.il/pages/,Secondary literature,"Historical link from the 2023 guide, page 35. Includes supporting references as well as resource homepages; see the original text for context.",Not re-evaluated,2023 guide,https://www.academia.edu/83334340/Guide_to_Online_Resources_for_Scholarly_Jewish_Study_and_Research_2023,[35],"Imported automatically. Anchor labels may be partial, especially across lines or in Hebrew. A successful HTTP response does not verify content, access terms or scholarly quality.",redirected,2026-10-09T13:08:33.455394+00:00,False
mi vami: Some excellent Talmud projects out there,https://blog.mivami.org/2020/03/some-excellent-talmud-projects-out-there.html,Guides & context,"Historical link from the 2023 guide, page 6. Includes supporting references as well as resource homepages; see the original text for context.",Not re-evaluated,2023 guide,https://www.academia.edu/83334340/Guide_to_Online_Resources_for_Scholarly_Jewish_Study_and_Research_2023,"[6, 7]","Imported automatically. Anchor labels may be partial, especially across lines or in Hebrew. A successful HTTP response does not verify content, access terms or scholarly quality.",reachable,2026-10-09T13:08:15.768731+00:00,False
Michelle Margolis (@hchesner) / Twitter,https://mobile.twitter.com/hchesner,Media & communities,"Historical link from the 2023 guide, page 46. Includes supporting references as well as resource homepages; see the original text for context.",Not re-evaluated,2023 guide,https://www.academia.edu/83334340/Guide_to_Online_Resources_for_Scholarly_Jewish_Study_and_Research_2023,[46],"Imported automatically. Anchor labels may be partial, especially across lines or in Hebrew. A successful HTTP response does not verify content, access terms or scholarly quality.",redirected,2026-10-09T13:08:37.636064+00:00,False
Midrash Project,https://schechter.ac.il/research-center/midrash/,Primary texts,"Historical link from the 2023 guide, page 13. Includes supporting references as well as resource homepages; see the original text for context.",Not re-evaluated,2023 guide,https://www.academia.edu/83334340/Guide_to_Online_Resources_for_Scholarly_Jewish_Study_and_Research_2023,[13],"Imported automatically. Anchor labels may be partial, especially across lines or in Hebrew. A successful HTTP response does not verify content, access terms or scholarly quality.",blocked_or_restricted,2026-10-09T13:08:41.918425+00:00,False
Mikra'ot Gedolot,https://www.mgketer.org/,Guides & context,"Historical link from the 2023 guide, page 6. Includes supporting references as well as resource homepages; see the original text for context.",Not re-evaluated,2023 guide,https://www.academia.edu/83334340/Guide_to_Online_Resources_for_Scholarly_Jewish_Study_and_Research_2023,[6],"Imported automatically. Anchor labels may be partial, especially across lines or in Hebrew. A successful HTTP response does not verify content, access terms or scholarly quality.",network_error,2026-10-09T13:08:57.799574+00:00,False
Misfit Torah,https://podcasts.apple.com/us/podcast/misfit-torah/id1399327341,Media & communities,"Historical link from the 2023 guide, page 45. Includes supporting references as well as resource homepages; see the original text for context.",Not re-evaluated,2023 guide,https://www.academia.edu/83334340/Guide_to_Online_Resources_for_Scholarly_Jewish_Study_and_Research_2023,[45],"Imported automatically. Anchor labels may be partial, especially across lines or in Hebrew. A successful HTTP response does not verify content, access terms or scholarly quality.",reachable,2026-10-09T13:08:39.871419+00:00,False
Mishna MS Kaufmann,https://library.alhatorah.org/?r1=Mishna_MS_Kaufmann_Berakhot_1,Primary texts,"Historical link from the 2023 guide, page 10. Includes supporting references as well as resource homepages; see the original text for context.",Not re-evaluated,2023 guide,https://www.academia.edu/83334340/Guide_to_Online_Resources_for_Scholarly_Jewish_Study_and_Research_2023,[10],"Imported automatically. Anchor labels may be partial, especially across lines or in Hebrew. A successful HTTP response does not verify content, access terms or scholarly quality.",reachable,2026-10-09T13:08:34.021663+00:00,False
Mishnat Eretz Yisrael,https://www.sefaria.org/texts/Mishnah/Modern%20Commentary%20on%20Mishnah/Mishnat%20Eretz%20Yisrael,Primary texts,"Historical link from the 2023 guide, page 9. Includes supporting references as well as resource homepages; see the original text for context.",Not re-evaluated,2023 guide,https://www.academia.edu/83334340/Guide_to_Online_Resources_for_Scholarly_Jewish_Study_and_Research_2023,[9],"Imported automatically. Anchor labels may be partial, especially across lines or in Hebrew. A successful HTTP response does not verify content, access terms or scholarly quality.",reachable,2026-10-09T13:09:01.157779+00:00,False
Mishnat Eretz Yisrael,https://library.alhatorah.org/?r1=Mishnat_Eretz_Yisrael_Berakhot_Introduction,Primary texts,"Historical link from the 2023 guide, page 10. Includes supporting references as well as resource homepages; see the original text for context.",Not re-evaluated,2023 guide,https://www.academia.edu/83334340/Guide_to_Online_Resources_for_Scholarly_Jewish_Study_and_Research_2023,[10],"Imported automatically. Anchor labels may be partial, especially across lines or in Hebrew. A successful HTTP response does not verify content, access terms or scholarly quality.",reachable,2026-10-09T13:08:34.273151+00:00,False
Mishnat Tana’im,https://asif.co.il/%d7%a1%d7%a4%d7%a8%d7%99%d7%99%d7%aa-%d7%99%d7%95%d7%9e%d7%90/%d7%a1%d7%a4%d7%a8%d7%99%d7%9d/%d7%9e%d7%a9%d7%a0%d7%aa-%d7%aa%d7%a0%d7%90%d7%99%d7%9d/,Secondary literature,"Historical link from the 2023 guide, page 29. Includes supporting references as well as resource homepages; see the original text for context.",Not re-evaluated,2023 guide,https://www.academia.edu/83334340/Guide_to_Online_Resources_for_Scholarly_Jewish_Study_and_Research_2023,[29],"Imported automatically. Anchor labels may be partial, especially across lines or in Hebrew. A successful HTTP response does not verify content, access terms or scholarly quality.",reachable,2026-10-09T13:08:13.664341+00:00,False
mission statement,https://alhatorah.org/About:Our_Mission/0/en,Primary texts,"Historical link from the 2023 guide, page 9. Includes supporting references as well as resource homepages; see the original text for context.",Not re-evaluated,2023 guide,https://www.academia.edu/83334340/Guide_to_Online_Resources_for_Scholarly_Jewish_Study_and_Research_2023,[9],"Imported automatically. Anchor labels may be partial, especially across lines or in Hebrew. A successful HTTP response does not verify content, access terms or scholarly quality.",reachable,2026-10-09T13:08:11.764518+00:00,False
Moreh Nevuchim,https://hamore.openapp.co.il/index.php/%D7%A2%D7%9E%D7%95%D7%93_%D7%A8%D7%90%D7%A9%D7%99,Primary texts,"Historical link from the 2023 guide, page 13. Includes supporting references as well as resource homepages; see the original text for context.",Not re-evaluated,2023 guide,https://www.academia.edu/83334340/Guide_to_Online_Resources_for_Scholarly_Jewish_Study_and_Research_2023,[13],"Imported automatically. Anchor labels may be partial, especially across lines or in Hebrew. A successful HTTP response does not verify content, access terms or scholarly quality.",reachable,2026-10-09T13:08:23.405915+00:00,False
Moreshet B’reshet,https://web.nli.org.il/sites/NLI/Hebrew/digitallibrary/moreshet_bareshet/Pages/default.aspx,Manuscripts,"Historical link from the 2023 guide, page 17. Includes supporting references as well as resource homepages; see the original text for context.",Not re-evaluated,2023 guide,https://www.academia.edu/83334340/Guide_to_Online_Resources_for_Scholarly_Jewish_Study_and_Research_2023,[17],"Imported automatically. Anchor labels may be partial, especially across lines or in Hebrew. A successful HTTP response does not verify content, access terms or scholarly quality.",not_found,2026-10-09T13:08:48.125377+00:00,False
Moreshet Israel,https://www.ariel.ac.il/wp/moreshet-israel-jurnal/,Secondary literature,"Historical link from the 2023 guide, page 33. Includes supporting references as well as resource homepages; see the original text for context.",Not re-evaluated,2023 guide,https://www.academia.edu/83334340/Guide_to_Online_Resources_for_Scholarly_Jewish_Study_and_Research_2023,[33],"Imported automatically. Anchor labels may be partial, especially across lines or in Hebrew. A successful HTTP response does not verify content, access terms or scholarly quality.",reachable,2026-10-09T13:08:50.833860+00:00,False
Musings of a Jewish Bookseller,http://judaicaused.blogspot.com/,Media & communities,"Historical link from the 2023 guide, page 43. Includes supporting references as well as resource homepages; see the original text for context.",Not re-evaluated,2023 guide,https://www.academia.edu/83334340/Guide_to_Online_Resources_for_Scholarly_Jewish_Study_and_Research_2023,[43],"Imported automatically. Anchor labels may be partial, especially across lines or in Hebrew. A successful HTTP response does not verify content, access terms or scholarly quality.",reachable,2026-10-09T13:08:08.947130+00:00,False
Mussaf Shabbat,https://www.makorrishon.co.il/tag/%D7%9E%D7%95%D7%A1%D7%A3-%D7%A9%D7%91%D7%AA/,Media & communities,"Historical link from the 2023 guide, page 41. Includes supporting references as well as resource homepages; see the original text for context.",Not re-evaluated,2023 guide,https://www.academia.edu/83334340/Guide_to_Online_Resources_for_Scholarly_Jewish_Study_and_Research_2023,[41],"Imported automatically. Anchor labels may be partial, especially across lines or in Hebrew. A successful HTTP response does not verify content, access terms or scholarly quality.",blocked_or_restricted,2026-10-09T13:08:57.579460+00:00,False
My Jewish Learning,https://www.myjewishlearning.com/category/study/jewish-history/ancient-medieval-jewish-history/,Media & communities,"Historical link from the 2023 guide, page 41. Includes supporting references as well as resource homepages; see the original text for context.",Not re-evaluated,2023 guide,https://www.academia.edu/83334340/Guide_to_Online_Resources_for_Scholarly_Jewish_Study_and_Research_2023,[41],"Imported automatically. Anchor labels may be partial, especially across lines or in Hebrew. A successful HTTP response does not verify content, access terms or scholarly quality.",reachable,2026-10-09T13:08:57.861533+00:00,False
Nathan Hirsch | Facebook,https://www.facebook.com/nathan.hirsch1,Media & communities,"Historical link from the 2023 guide, page 46. Includes supporting references as well as resource homepages; see the original text for context.",Not re-evaluated,2023 guide,https://www.academia.edu/83334340/Guide_to_Online_Resources_for_Scholarly_Jewish_Study_and_Research_2023,[46],"Imported automatically. Anchor labels may be partial, especially across lines or in Hebrew. A successful HTTP response does not verify content, access terms or scholarly quality.",reachable,2026-10-09T13:08:55.134395+00:00,False
National Library of Israel,https://merhav.nli.org.il/primo-explore/search?vid=NLI&lang=iw_IL,Scanned books,"Historical link from the 2023 guide, page 14. Includes supporting references as well as resource homepages; see the original text for context.",Not re-evaluated,2023 guide,https://www.academia.edu/83334340/Guide_to_Online_Resources_for_Scholarly_Jewish_Study_and_Research_2023,[14],"Imported automatically. Anchor labels may be partial, especially across lines or in Hebrew. A successful HTTP response does not verify content, access terms or scholarly quality.",blocked_or_restricted,2026-10-09T13:08:35.974822+00:00,False
National Library of Israel,https://www.youtube.com/user/NLI2010/videos,Media & communities,"Historical link from the 2023 guide, page 44. Includes supporting references as well as resource homepages; see the original text for context.",Not re-evaluated,2023 guide,https://www.academia.edu/83334340/Guide_to_Online_Resources_for_Scholarly_Jewish_Study_and_Research_2023,[44],"Imported automatically. Anchor labels may be partial, especially across lines or in Hebrew. A successful HTTP response does not verify content, access terms or scholarly quality.",reachable,2026-10-09T13:09:04.298614+00:00,False
National Library of Israel (@NLIsrael) / Twitter,https://twitter.com/nlisrael,Media & communities,"Historical link from the 2023 guide, page 46. Includes supporting references as well as resource homepages; see the original text for context.",Not re-evaluated,2023 guide,https://www.academia.edu/83334340/Guide_to_Online_Resources_for_Scholarly_Jewish_Study_and_Research_2023,[46],"Imported automatically. Anchor labels may be partial, especially across lines or in Hebrew. A successful HTTP response does not verify content, access terms or scholarly quality.",redirected,2026-10-09T13:08:47.281669+00:00,False
Netu’im,https://herzogpress.herzog.ac.il/ktav.asp?id=2,Secondary literature,"Historical link from the 2023 guide, page 33. Includes supporting references as well as resource homepages; see the original text for context.",Not re-evaluated,2023 guide,https://www.academia.edu/83334340/Guide_to_Online_Resources_for_Scholarly_Jewish_Study_and_Research_2023,[33],"Imported automatically. Anchor labels may be partial, especially across lines or in Hebrew. A successful HTTP response does not verify content, access terms or scholarly quality.",http_error,2026-10-09T13:08:29.782055+00:00,False
"New digital edition of Rashi on Torah, Leipzig manuscript",https://alhatorah.org/Commentators:Rashi_Leipzig_1/1/en,Primary texts,"Historical link from the 2023 guide, page 10. Includes supporting references as well as resource homepages; see the original text for context.",Not re-evaluated,2023 guide,https://www.academia.edu/83334340/Guide_to_Online_Resources_for_Scholarly_Jewish_Study_and_Research_2023,[10],"Imported automatically. Anchor labels may be partial, especially across lines or in Hebrew. A successful HTTP response does not verify content, access terms or scholarly quality.",reachable,2026-10-09T13:08:13.146837+00:00,False
New digital edition of Rif,https://alhatorah.org/Commentators:R._Yitzchak_Alfasi_(Rif)/0/he,Primary texts,"Historical link from the 2023 guide, page 10. Includes supporting references as well as resource homepages; see the original text for context.",Not re-evaluated,2023 guide,https://www.academia.edu/83334340/Guide_to_Online_Resources_for_Scholarly_Jewish_Study_and_Research_2023,[10],"Imported automatically. Anchor labels may be partial, especially across lines or in Hebrew. A successful HTTP response does not verify content, access terms or scholarly quality.",reachable,2026-10-09T13:08:12.437647+00:00,False
New digital edition of R’ Yosef Kara's Torah Commentary.,https://alhatorah.org/Commentators:R._Yosef_Kara's_Torah_Commentary/1/en,Primary texts,"Historical link from the 2023 guide, page 10. Includes supporting references as well as resource homepages; see the original text for context.",Not re-evaluated,2023 guide,https://www.academia.edu/83334340/Guide_to_Online_Resources_for_Scholarly_Jewish_Study_and_Research_2023,[10],"Imported automatically. Anchor labels may be partial, especially across lines or in Hebrew. A successful HTTP response does not verify content, access terms or scholarly quality.",reachable,2026-10-09T13:08:12.623485+00:00,False
Norman E. Alexander Library for Jewish Studies - Home | Facebook,https://www.facebook.com/NEAlibrary/?ref=aymt_homepage_panel,Media & communities,"Historical link from the 2023 guide, page 46. Includes supporting references as well as resource homepages; see the original text for context.",Not re-evaluated,2023 guide,https://www.academia.edu/83334340/Guide_to_Online_Resources_for_Scholarly_Jewish_Study_and_Research_2023,[46],"Imported automatically. Anchor labels may be partial, especially across lines or in Hebrew. A successful HTTP response does not verify content, access terms or scholarly quality.",reachable,2026-10-09T13:08:54.750136+00:00,False
Notrikon,http://notrikon.blogspot.com/,Media & communities,"Historical link from the 2023 guide, page 43. Includes supporting references as well as resource homepages; see the original text for context.",Not re-evaluated,2023 guide,https://www.academia.edu/83334340/Guide_to_Online_Resources_for_Scholarly_Jewish_Study_and_Research_2023,[43],"Imported automatically. Anchor labels may be partial, especially across lines or in Hebrew. A successful HTTP response does not verify content, access terms or scholarly quality.",reachable,2026-10-09T13:08:09.021366+00:00,False
of the Talmud: Scholarship and Politics in Yitzhak Isaac Halevy’s Dorot Harishonim (2021) ; Guggenheimer’s recent translation into English and short commentary of Talmud Yershalmi (Guggenheimer’s translation is also available in Sefaria.),https://www.degruyter.com/serial/jertal-b/html,Secondary literature,"Historical link from the 2023 guide, page 30. Includes supporting references as well as resource homepages; see the original text for context.",Not re-evaluated,2023 guide,https://www.academia.edu/83334340/Guide_to_Online_Resources_for_Scholarly_Jewish_Study_and_Research_2023,[30],"Imported automatically. Anchor labels may be partial, especially across lines or in Hebrew. A successful HTTP response does not verify content, access terms or scholarly quality.",redirected,2026-10-09T13:08:53.009240+00:00,False
On the Main Line,http://onthemainline.blogspot.com/,Media & communities,"Historical link from the 2023 guide, page 43. Includes supporting references as well as resource homepages; see the original text for context.",Not re-evaluated,2023 guide,https://www.academia.edu/83334340/Guide_to_Online_Resources_for_Scholarly_Jewish_Study_and_Research_2023,[43],"Imported automatically. Anchor labels may be partial, especially across lines or in Hebrew. A successful HTTP response does not verify content, access terms or scholarly quality.",reachable,2026-10-09T13:08:09.112935+00:00,False
on the phrase,https://www.929.org.il/page/528/post/12882,Media & communities,"Historical link from the 2023 guide, page 41. Includes supporting references as well as resource homepages; see the original text for context.",Not re-evaluated,2023 guide,https://www.academia.edu/83334340/Guide_to_Online_Resources_for_Scholarly_Jewish_Study_and_Research_2023,[41],"Imported automatically. Anchor labels may be partial, especially across lines or in Hebrew. A successful HTTP response does not verify content, access terms or scholarly quality.",reachable,2026-10-09T13:08:49.966793+00:00,False
One for the Books – Mishpacha chatter podcast”. See there this,https://mishpacha.com/one-for-the-books-3/,Media & communities,"Historical link from the 2023 guide, page 45. Includes supporting references as well as resource homepages; see the original text for context.",Not re-evaluated,2023 guide,https://www.academia.edu/83334340/Guide_to_Online_Resources_for_Scholarly_Jewish_Study_and_Research_2023,[45],"Imported automatically. Anchor labels may be partial, especially across lines or in Hebrew. A successful HTTP response does not verify content, access terms or scholarly quality.",reachable,2026-10-09T13:08:36.300462+00:00,False
Oneg Shabbat,https://onegshabbat.blogspot.com/,Media & communities,"Historical link from the 2023 guide, page 43. Includes supporting references as well as resource homepages; see the original text for context.",Not re-evaluated,2023 guide,https://www.academia.edu/83334340/Guide_to_Online_Resources_for_Scholarly_Jewish_Study_and_Research_2023,[43],"Imported automatically. Anchor labels may be partial, especially across lines or in Hebrew. A successful HTTP response does not verify content, access terms or scholarly quality.",reachable,2026-10-09T13:08:38.390356+00:00,False
"Online Resources for Talmud Research, Study, and Teaching",https://www.associationforjewishstudies.org/professional-development/professional-development/digital-jewish-studies/perspectives-on-technology/online-resources-for-talmud-research-study-and-teaching,Guides & context,"Historical link from the 2023 guide, page 6. Includes supporting references as well as resource homepages; see the original text for context.",Not re-evaluated,2023 guide,https://www.academia.edu/83334340/Guide_to_Online_Resources_for_Scholarly_Jewish_Study_and_Research_2023,[6],"Imported automatically. Anchor labels may be partial, especially across lines or in Hebrew. A successful HTTP response does not verify content, access terms or scholarly quality.",not_found,2026-10-09T13:08:51.002397+00:00,False
Online Resources Jewish Studies „Corona Service,https://www.ub.uni-frankfurt.de/judaica3/en/corona_en.html,Guides & context,"Historical link from the 2023 guide, page 5. Includes supporting references as well as resource homepages; see the original text for context.",Not re-evaluated,2023 guide,https://www.academia.edu/83334340/Guide_to_Online_Resources_for_Scholarly_Jewish_Study_and_Research_2023,[5],"Imported automatically. Anchor labels may be partial, especially across lines or in Hebrew. A successful HTTP response does not verify content, access terms or scholarly quality.",redirected,2026-10-09T13:09:02.727357+00:00,False
open access,https://en.wikipedia.org/wiki/Open_access,Guides & context,"Historical link from the 2023 guide, page 3. Includes supporting references as well as resource homepages; see the original text for context.",Not re-evaluated,2023 guide,https://www.academia.edu/83334340/Guide_to_Online_Resources_for_Scholarly_Jewish_Study_and_Research_2023,[3],"Imported automatically. Anchor labels may be partial, especially across lines or in Hebrew. A successful HTTP response does not verify content, access terms or scholarly quality.",reachable,2026-10-09T13:08:21.475168+00:00,False
Open Library,https://openlibrary.org/search/subjects?q=jewish+&mode=everything,Scanned books,"Historical link from the 2023 guide, page 14. Includes supporting references as well as resource homepages; see the original text for context.",Not re-evaluated,2023 guide,https://www.academia.edu/83334340/Guide_to_Online_Resources_for_Scholarly_Jewish_Study_and_Research_2023,[14],"Imported automatically. Anchor labels may be partial, especially across lines or in Hebrew. A successful HTTP response does not verify content, access terms or scholarly quality.",reachable,2026-10-09T13:08:38.437333+00:00,False
Oqimta,http://www.oqimta.org.il/PrevPublic.aspx,Secondary literature,"Historical link from the 2023 guide, page 33. Includes supporting references as well as resource homepages; see the original text for context.",Not re-evaluated,2023 guide,https://www.academia.edu/83334340/Guide_to_Online_Resources_for_Scholarly_Jewish_Study_and_Research_2023,[33],"Imported automatically. Anchor labels may be partial, especially across lines or in Hebrew. A successful HTTP response does not verify content, access terms or scholarly quality.",redirected,2026-10-09T13:08:11.025745+00:00,False
or the series ץ ישראל Kotar search results,https://kotar.cet.ac.il/KotarApp/Search.aspx?sSearchText=%D7%9E%D7%A9%D7%A0%D7%AA%20%D7%90%D7%A8%D7%A5%20%D7%99%D7%A9%D7%A8%D7%90%D7%9C&lang=#0,Secondary literature,"Historical link from the 2023 guide, page 30. Includes supporting references as well as resource homepages; see the original text for context.",Not re-evaluated,2023 guide,https://www.academia.edu/83334340/Guide_to_Online_Resources_for_Scholarly_Jewish_Study_and_Research_2023,[30],"Imported automatically. Anchor labels may be partial, especially across lines or in Hebrew. A successful HTTP response does not verify content, access terms or scholarly quality.",reachable,2026-10-09T13:08:31.627173+00:00,False
Oreshet,https://orot.ac.il/%D7%90%D7%95%D7%A8%D7%A9%D7%AA,Secondary literature,"Historical link from the 2023 guide, page 33. Includes supporting references as well as resource homepages; see the original text for context.",Not re-evaluated,2023 guide,https://www.academia.edu/83334340/Guide_to_Online_Resources_for_Scholarly_Jewish_Study_and_Research_2023,[33],"Imported automatically. Anchor labels may be partial, especially across lines or in Hebrew. A successful HTTP response does not verify content, access terms or scholarly quality.",blocked_or_restricted,2026-10-09T13:08:39.177716+00:00,False
Otzar Hachochma’s forum,https://forum.otzar.org/viewtopic.php?t=25426,Secondary literature,"Historical link from the 2023 guide, page 34. Includes supporting references as well as resource homepages; see the original text for context.",Not re-evaluated,2023 guide,https://www.academia.edu/83334340/Guide_to_Online_Resources_for_Scholarly_Jewish_Study_and_Research_2023,[34],"Imported automatically. Anchor labels may be partial, especially across lines or in Hebrew. A successful HTTP response does not verify content, access terms or scholarly quality.",blocked_or_restricted,2026-10-09T13:08:22.853982+00:00,False
Otzar HaChochma’s forum,https://forum.otzar.org/index.php,Media & communities,"Historical link from the 2023 guide, page 46. Includes supporting references as well as resource homepages; see the original text for context.",Not re-evaluated,2023 guide,https://www.academia.edu/83334340/Guide_to_Online_Resources_for_Scholarly_Jewish_Study_and_Research_2023,[46],"Imported automatically. Anchor labels may be partial, especially across lines or in Hebrew. A successful HTTP response does not verify content, access terms or scholarly quality.",blocked_or_restricted,2026-10-09T13:08:22.624343+00:00,False
Otzar Hadmuyot,https://www.bonayich.com/project/otzar-hadmuyot/,Search & bibliographies,"Historical link from the 2023 guide, page 28. Includes supporting references as well as resource homepages; see the original text for context.",Not re-evaluated,2023 guide,https://www.academia.edu/83334340/Guide_to_Online_Resources_for_Scholarly_Jewish_Study_and_Research_2023,[28],"Imported automatically. Anchor labels may be partial, especially across lines or in Hebrew. A successful HTTP response does not verify content, access terms or scholarly quality.",reachable,2026-10-09T13:08:51.521616+00:00,False
Otzar HaHochma,https://www.otzar.org/otzaren/indexeng.asp,Scanned books,"Historical link from the 2023 guide, page 15. Includes supporting references as well as resource homepages; see the original text for context.",Not re-evaluated,2023 guide,https://www.academia.edu/83334340/Guide_to_Online_Resources_for_Scholarly_Jewish_Study_and_Research_2023,[15],"Imported automatically. Anchor labels may be partial, especially across lines or in Hebrew. A successful HTTP response does not verify content, access terms or scholarly quality.",reachable,2026-10-09T13:08:59.261388+00:00,False
Otzar Kitvey Yad Talmudiyyim,http://sussmann.genizah.org/Home/ZussmanCatalog,Manuscripts,"Historical link from the 2023 guide, page 18. Includes supporting references as well as resource homepages; see the original text for context.",Not re-evaluated,2023 guide,https://www.academia.edu/83334340/Guide_to_Online_Resources_for_Scholarly_Jewish_Study_and_Research_2023,[18],"Imported automatically. Anchor labels may be partial, especially across lines or in Hebrew. A successful HTTP response does not verify content, access terms or scholarly quality.",redirected,2026-10-09T13:08:09.545469+00:00,False
"ourg, January 2021. URL: Digital Forum Showcases: eScriptorium",https://www.eurojewishstudies.org/digital-forum-showcase-reports/escriptorium/,Search & bibliographies,"Historical link from the 2023 guide, page 24. Includes supporting references as well as resource homepages; see the original text for context.",Not re-evaluated,2023 guide,https://www.academia.edu/83334340/Guide_to_Online_Resources_for_Scholarly_Jewish_Study_and_Research_2023,[24],"Imported automatically. Anchor labels may be partial, especially across lines or in Hebrew. A successful HTTP response does not verify content, access terms or scholarly quality.",reachable,2026-10-09T13:08:53.266096+00:00,False
Oxford Bibliographies in Jewish Studies,https://www.oxfordbibliographies.com/obo/page/jewish-studies,Search & bibliographies,"Historical link from the 2023 guide, page 37. Includes supporting references as well as resource homepages; see the original text for context.",Not re-evaluated,2023 guide,https://www.academia.edu/83334340/Guide_to_Online_Resources_for_Scholarly_Jewish_Study_and_Research_2023,[37],"Imported automatically. Anchor labels may be partial, especially across lines or in Hebrew. A successful HTTP response does not verify content, access terms or scholarly quality.",blocked_or_restricted,2026-10-09T13:08:59.267649+00:00,False
page,https://dicta.org.il/about,Search & bibliographies,"Historical link from the 2023 guide, page 23. Includes supporting references as well as resource homepages; see the original text for context.",Not re-evaluated,2023 guide,https://www.academia.edu/83334340/Guide_to_Online_Resources_for_Scholarly_Jewish_Study_and_Research_2023,[23],"Imported automatically. Anchor labels may be partial, especially across lines or in Hebrew. A successful HTTP response does not verify content, access terms or scholarly quality.",reachable,2026-10-09T13:08:17.405651+00:00,False
Parallels in Yerushalmi,https://www2.biu.ac.il/js/tl/yerushalmi/index.html,Search & bibliographies,"Historical link from the 2023 guide, page 27. Includes supporting references as well as resource homepages; see the original text for context.",Not re-evaluated,2023 guide,https://www.academia.edu/83334340/Guide_to_Online_Resources_for_Scholarly_Jewish_Study_and_Research_2023,[27],"Imported automatically. Anchor labels may be partial, especially across lines or in Hebrew. A successful HTTP response does not verify content, access terms or scholarly quality.",network_error,2026-10-09T13:09:04.945434+00:00,False
Parshablog,http://parsha.blogspot.com/,Media & communities,"Historical link from the 2023 guide, page 44. Includes supporting references as well as resource homepages; see the original text for context.",Not re-evaluated,2023 guide,https://www.academia.edu/83334340/Guide_to_Online_Resources_for_Scholarly_Jewish_Study_and_Research_2023,[44],"Imported automatically. Anchor labels may be partial, especially across lines or in Hebrew. A successful HTTP response does not verify content, access terms or scholarly quality.",reachable,2026-10-09T13:08:09.263943+00:00,False
Parshat Hashavua,https://www2.biu.ac.il/jh/parasha/,Guides & context,"Historical link from the 2023 guide, page 6. Includes supporting references as well as resource homepages; see the original text for context.",Not re-evaluated,2023 guide,https://www.academia.edu/83334340/Guide_to_Online_Resources_for_Scholarly_Jewish_Study_and_Research_2023,[6],"Imported automatically. Anchor labels may be partial, especially across lines or in Hebrew. A successful HTTP response does not verify content, access terms or scholarly quality.",network_error,2026-10-09T13:09:04.913329+00:00,False
Part I,https://seforimblog.com/2022/03/guide-and-review-of-online-resources-2022-part-i/,Guides & context,"Historical link from the 2023 guide, page 1. Includes supporting references as well as resource homepages; see the original text for context.",Not re-evaluated,2023 guide,https://www.academia.edu/83334340/Guide_to_Online_Resources_for_Scholarly_Jewish_Study_and_Research_2023,[1],"Imported automatically. Anchor labels may be partial, especially across lines or in Hebrew. A successful HTTP response does not verify content, access terms or scholarly quality.",reachable,2026-10-09T13:08:42.406034+00:00,False
Part II,https://seforimblog.com/2022/05/guide-and-review-of-online-resources-2022-part-ii/,Guides & context,"Historical link from the 2023 guide, page 1. Includes supporting references as well as resource homepages; see the original text for context.",Not re-evaluated,2023 guide,https://www.academia.edu/83334340/Guide_to_Online_Resources_for_Scholarly_Jewish_Study_and_Research_2023,[1],"Imported automatically. Anchor labels may be partial, especially across lines or in Hebrew. A successful HTTP response does not verify content, access terms or scholarly quality.",reachable,2026-10-09T13:08:42.777660+00:00,False
Part III,https://seforimblog.com/2022/07/guide-and-review-of-online-resources-2022-part-iii/,Guides & context,"Historical link from the 2023 guide, page 1. Includes supporting references as well as resource homepages; see the original text for context.",Not re-evaluated,2023 guide,https://www.academia.edu/83334340/Guide_to_Online_Resources_for_Scholarly_Jewish_Study_and_Research_2023,[1],"Imported automatically. Anchor labels may be partial, especially across lines or in Hebrew. A successful HTTP response does not verify content, access terms or scholarly quality.",reachable,2026-10-09T13:08:42.891801+00:00,False
paytanim,https://en.wikipedia.org/wiki/Piyyut,Manuscripts,"Historical link from the 2023 guide, page 21. Includes supporting references as well as resource homepages; see the original text for context.",Not re-evaluated,2023 guide,https://www.academia.edu/83334340/Guide_to_Online_Resources_for_Scholarly_Jewish_Study_and_Research_2023,[21],"Imported automatically. Anchor labels may be partial, especially across lines or in Hebrew. A successful HTTP response does not verify content, access terms or scholarly quality.",reachable,2026-10-09T13:08:21.509312+00:00,False
"PEACE Project - Portal of Epigraphy, Archaeology, Conservation and Education on Jewish",https://peace.sites.uu.nl/epigraphy/search/,Search & bibliographies,"Historical link from the 2023 guide, page 27. Includes supporting references as well as resource homepages; see the original text for context.",Not re-evaluated,2023 guide,https://www.academia.edu/83334340/Guide_to_Online_Resources_for_Scholarly_Jewish_Study_and_Research_2023,[27],"Imported automatically. Anchor labels may be partial, especially across lines or in Hebrew. A successful HTTP response does not verify content, access terms or scholarly quality.",reachable,2026-10-09T13:08:39.369422+00:00,False
peace.sites.uu.nl/about/peace/,https://peace.sites.uu.nl/about/peace/,Search & bibliographies,"Historical link from the 2023 guide, page 28. Includes supporting references as well as resource homepages; see the original text for context.",Not re-evaluated,2023 guide,https://www.academia.edu/83334340/Guide_to_Online_Resources_for_Scholarly_Jewish_Study_and_Research_2023,[28],"Imported automatically. Anchor labels may be partial, especially across lines or in Hebrew. A successful HTTP response does not verify content, access terms or scholarly quality.",reachable,2026-10-09T13:08:39.241082+00:00,False
Pe’amim,https://www.ybz.org.il/?CategoryID=287&SearchParam=,Secondary literature,"Historical link from the 2023 guide, page 32. Includes supporting references as well as resource homepages; see the original text for context.",Not re-evaluated,2023 guide,https://www.academia.edu/83334340/Guide_to_Online_Resources_for_Scholarly_Jewish_Study_and_Research_2023,[32],"Imported automatically. Anchor labels may be partial, especially across lines or in Hebrew. A successful HTTP response does not verify content, access terms or scholarly quality.",redirected,2026-10-09T13:09:02.757943+00:00,False
Philologos,https://mosaicmagazine.com/author/philologos/,Media & communities,"Historical link from the 2023 guide, page 44. Includes supporting references as well as resource homepages; see the original text for context.",Not re-evaluated,2023 guide,https://www.academia.edu/83334340/Guide_to_Online_Resources_for_Scholarly_Jewish_Study_and_Research_2023,[44],"Imported automatically. Anchor labels may be partial, especially across lines or in Hebrew. A successful HTTP response does not verify content, access terms or scholarly quality.",redirected,2026-10-09T13:08:37.636545+00:00,False
Portal HaDaf HaYomi,http://daf-yomi.com/BookFilesAll.aspx?PageId=211,Secondary literature,"Historical link from the 2023 guide, page 29. Includes supporting references as well as resource homepages; see the original text for context.",Not re-evaluated,2023 guide,https://www.academia.edu/83334340/Guide_to_Online_Resources_for_Scholarly_Jewish_Study_and_Research_2023,[29],"Imported automatically. Anchor labels may be partial, especially across lines or in Hebrew. A successful HTTP response does not verify content, access terms or scholarly quality.",reachable,2026-10-09T13:08:08.459930+00:00,False
Presentation at the DHJewish confer https://sofermahir.hypotheses.org/59 DH Tutorials - Goethe-Universität.,https://sofermahir.hypotheses.org/59,Search & bibliographies,"Historical link from the 2023 guide, page 24. Includes supporting references as well as resource homepages; see the original text for context.",Not re-evaluated,2023 guide,https://www.academia.edu/83334340/Guide_to_Online_Resources_for_Scholarly_Jewish_Study_and_Research_2023,[24],"Imported automatically. Anchor labels may be partial, especially across lines or in Hebrew. A successful HTTP response does not verify content, access terms or scholarly quality.",reachable,2026-10-09T13:08:43.831749+00:00,False
Presentation slides: A Selective Overview of Digital Resources for the Scholarly Study of,https://www.academia.edu/103620375/Presentation_slides_A_Selective_Overview_of_Digital_Resources_for_the_Scholarly_Study_of_Rabbinic_Texts,Guides & context,"Historical link from the 2023 guide, page 1. Includes supporting references as well as resource homepages; see the original text for context.",Not re-evaluated,2023 guide,https://www.academia.edu/83334340/Guide_to_Online_Resources_for_Scholarly_Jewish_Study_and_Research_2023,[1],"Imported automatically. Anchor labels may be partial, especially across lines or in Hebrew. A successful HTTP response does not verify content, access terms or scholarly quality.",blocked_or_restricted,2026-10-09T13:08:50.080511+00:00,False
Princeton Geniza Lab (@GenizaLab) / Twitter,https://twitter.com/genizalab,Media & communities,"Historical link from the 2023 guide, page 46. Includes supporting references as well as resource homepages; see the original text for context.",Not re-evaluated,2023 guide,https://www.academia.edu/83334340/Guide_to_Online_Resources_for_Scholarly_Jewish_Study_and_Research_2023,[46],"Imported automatically. Anchor labels may be partial, especially across lines or in Hebrew. A successful HTTP response does not verify content, access terms or scholarly quality.",redirected,2026-10-09T13:08:47.091958+00:00,False
Princeton University Sefer Hasidim Database.,https://etc.princeton.edu/sefer_hasidim/index.php?a=manuscripts,Manuscripts,"Historical link from the 2023 guide, page 21. Includes supporting references as well as resource homepages; see the original text for context.",Not re-evaluated,2023 guide,https://www.academia.edu/83334340/Guide_to_Online_Resources_for_Scholarly_Jewish_Study_and_Research_2023,[21],"Imported automatically. Anchor labels may be partial, especially across lines or in Hebrew. A successful HTTP response does not verify content, access terms or scholarly quality.",network_error,2026-10-09T13:08:22.351134+00:00,False
Prof. Aaron,https://talmud.biu.ac.il/sites/talmud/files/shared/%D7%AA%D7%9C%D7%9E%D7%95%D7%93%20%D7%A1%D7%99%D7%9C%D7%91%D7%95%D7%A1%D7%99%D7%9D%20%D7%AA%D7%A9%D7%A4%D7%91/%D7%90%D7%A8%D7%A0%D7%9309101%D7%94%D7%93%D7%A8%D7%9B%D7%94.pdf,Guides & context,"Historical link from the 2023 guide, page 5. Includes supporting references as well as resource homepages; see the original text for context.",Not re-evaluated,2023 guide,https://www.academia.edu/83334340/Guide_to_Online_Resources_for_Scholarly_Jewish_Study_and_Research_2023,[5],"Imported automatically. Anchor labels may be partial, especially across lines or in Hebrew. A successful HTTP response does not verify content, access terms or scholarly quality.",reachable,2026-10-09T13:08:44.245067+00:00,False
Prof. Marc Shapiro,https://seforimchatter.buzzsprout.com/1218638/4566857-with-prof-marc-shapiro-discussing-his-books-rav-mazuz-rabbi-dr-yitzchak-isadore-twersky-and-more,Media & communities,"Historical link from the 2023 guide, page 45. Includes supporting references as well as resource homepages; see the original text for context.",Not re-evaluated,2023 guide,https://www.academia.edu/83334340/Guide_to_Online_Resources_for_Scholarly_Jewish_Study_and_Research_2023,[45],"Imported automatically. Anchor labels may be partial, especially across lines or in Hebrew. A successful HTTP response does not verify content, access terms or scholarly quality.",redirected,2026-10-09T13:08:43.089841+00:00,False
Prof. Menachem Katz,https://haifa.academia.edu/MenachemKatz,Primary texts,"Historical link from the 2023 guide, page 13. Includes supporting references as well as resource homepages; see the original text for context.",Not re-evaluated,2023 guide,https://www.academia.edu/83334340/Guide_to_Online_Resources_for_Scholarly_Jewish_Study_and_Research_2023,[13],"Imported automatically. Anchor labels may be partial, especially across lines or in Hebrew. A successful HTTP response does not verify content, access terms or scholarly quality.",blocked_or_restricted,2026-10-09T13:08:23.257339+00:00,False
Project MUSE,https://en.wikipedia.org/wiki/Project_MUSE,Secondary literature,"Historical link from the 2023 guide, page 35. Includes supporting references as well as resource homepages; see the original text for context.",Not re-evaluated,2023 guide,https://www.academia.edu/83334340/Guide_to_Online_Resources_for_Scholarly_Jewish_Study_and_Research_2023,[35],"Imported automatically. Anchor labels may be partial, especially across lines or in Hebrew. A successful HTTP response does not verify content, access terms or scholarly quality.",reachable,2026-10-09T13:08:21.548412+00:00,False
Ptil Tekhelet,https://www.tekhelet.com/library/,Search & bibliographies,"Historical link from the 2023 guide, page 36. Includes supporting references as well as resource homepages; see the original text for context.",Not re-evaluated,2023 guide,https://www.academia.edu/83334340/Guide_to_Online_Resources_for_Scholarly_Jewish_Study_and_Research_2023,[36],"Imported automatically. Anchor labels may be partial, especially across lines or in Hebrew. A successful HTTP response does not verify content, access terms or scholarly quality.",reachable,2026-10-09T13:09:02.558836+00:00,False
P’sik,https://ebooks.psik.io/home,Secondary literature,"Historical link from the 2023 guide, page 29. Includes supporting references as well as resource homepages; see the original text for context.",Not re-evaluated,2023 guide,https://www.academia.edu/83334340/Guide_to_Online_Resources_for_Scholarly_Jewish_Study_and_Research_2023,[29],"Imported automatically. Anchor labels may be partial, especially across lines or in Hebrew. A successful HTTP response does not verify content, access terms or scholarly quality.",reachable,2026-10-09T13:08:18.729679+00:00,False
Qerovot-of-18 from the Cairo Genizah,https://www.qerovot18.com/,Manuscripts,"Historical link from the 2023 guide, page 21. Includes supporting references as well as resource homepages; see the original text for context.",Not re-evaluated,2023 guide,https://www.academia.edu/83334340/Guide_to_Online_Resources_for_Scholarly_Jewish_Study_and_Research_2023,[21],"Imported automatically. Anchor labels may be partial, especially across lines or in Hebrew. A successful HTTP response does not verify content, access terms or scholarly quality.",network_error,2026-10-09T13:08:59.274491+00:00,False
Quick Nakdan:,https://nakdan.dicta.org.il/,Search & bibliographies,"Historical link from the 2023 guide, page 23. Includes supporting references as well as resource homepages; see the original text for context.",Not re-evaluated,2023 guide,https://www.academia.edu/83334340/Guide_to_Online_Resources_for_Scholarly_Jewish_Study_and_Research_2023,[23],"Imported automatically. Anchor labels may be partial, especially across lines or in Hebrew. A successful HTTP response does not verify content, access terms or scholarly quality.",reachable,2026-10-09T13:08:38.331328+00:00,False
Rabbeinu Tam,https://kotar.cet.ac.il/kotarapp/index/Book.aspx?nBookID=108308905,Secondary literature,"Historical link from the 2023 guide, page 31. Includes supporting references as well as resource homepages; see the original text for context.",Not re-evaluated,2023 guide,https://www.academia.edu/83334340/Guide_to_Online_Resources_for_Scholarly_Jewish_Study_and_Research_2023,[31],"Imported automatically. Anchor labels may be partial, especially across lines or in Hebrew. A successful HTTP response does not verify content, access terms or scholarly quality.",reachable,2026-10-09T13:08:32.381111+00:00,False
Rabbinic Abbreviation Expander,https://abbreviation.dicta.org.il/,Search & bibliographies,"Historical link from the 2023 guide, page 23. Includes supporting references as well as resource homepages; see the original text for context.",Not re-evaluated,2023 guide,https://www.academia.edu/83334340/Guide_to_Online_Resources_for_Scholarly_Jewish_Study_and_Research_2023,[23],"Imported automatically. Anchor labels may be partial, especially across lines or in Hebrew. A successful HTTP response does not verify content, access terms or scholarly quality.",reachable,2026-10-09T13:08:11.683670+00:00,False
Rabbinic literature - Wikipedia,https://en.wikipedia.org/wiki/Rabbinic_literature#External_links,Guides & context,"Historical link from the 2023 guide, page 5. Includes supporting references as well as resource homepages; see the original text for context.",Not re-evaluated,2023 guide,https://www.academia.edu/83334340/Guide_to_Online_Resources_for_Scholarly_Jewish_Study_and_Research_2023,[5],"Imported automatically. Anchor labels may be partial, especially across lines or in Hebrew. A successful HTTP response does not verify content, access terms or scholarly quality.",reachable,2026-10-09T13:08:21.600728+00:00,False
Rabbinics,https://www.rabbinics.org/,Guides & context,"Historical link from the 2023 guide, page 5. Includes supporting references as well as resource homepages; see the original text for context.",Not re-evaluated,2023 guide,https://www.academia.edu/83334340/Guide_to_Online_Resources_for_Scholarly_Jewish_Study_and_Research_2023,[5],"Imported automatically. Anchor labels may be partial, especially across lines or in Hebrew. A successful HTTP response does not verify content, access terms or scholarly quality.",reachable,2026-10-09T13:08:59.600574+00:00,False
Rambam Plus - Mishneh Torah - Mifal Mishneh Torah.,https://play.google.com/store/apps/details?id=com.Rollep.MishneTora&hl=en&gl=US,Media & communities,"Historical link from the 2023 guide, page 47. Includes supporting references as well as resource homepages; see the original text for context.",Not re-evaluated,2023 guide,https://www.academia.edu/83334340/Guide_to_Online_Resources_for_Scholarly_Jewish_Study_and_Research_2023,[47],"Imported automatically. Anchor labels may be partial, especially across lines or in Hebrew. A successful HTTP response does not verify content, access terms or scholarly quality.",reachable,2026-10-09T13:08:39.546372+00:00,False
Ramban's Updates to his Torah Commentary,https://alhatorah.org/Commentators:Ramban's_Updates,Primary texts,"Historical link from the 2023 guide, page 10. Includes supporting references as well as resource homepages; see the original text for context.",Not re-evaluated,2023 guide,https://www.academia.edu/83334340/Guide_to_Online_Resources_for_Scholarly_Jewish_Study_and_Research_2023,[10],"Imported automatically. Anchor labels may be partial, especially across lines or in Hebrew. A successful HTTP response does not verify content, access terms or scholarly quality.",redirected,2026-10-09T13:08:12.638117+00:00,False
RAMBISH,http://rambish.org.il/,Search & bibliographies,"Historical link from the 2023 guide, page 36. Includes supporting references as well as resource homepages; see the original text for context.",Not re-evaluated,2023 guide,https://www.academia.edu/83334340/Guide_to_Online_Resources_for_Scholarly_Jewish_Study_and_Research_2023,[36],"Imported automatically. Anchor labels may be partial, especially across lines or in Hebrew. A successful HTTP response does not verify content, access terms or scholarly quality.",redirected,2026-10-09T13:08:09.427998+00:00,False
Ramhal.net,https://ramhal.net/%d7%a1%d7%a4%d7%a8%d7%99-%d7%95%d7%9e%d7%90%d7%9e%d7%a8%d7%99-%d7%94%d7%a8%d7%9e%d7%97%d7%9c/,Primary texts,"Historical link from the 2023 guide, page 12. Includes supporting references as well as resource homepages; see the original text for context.",Not re-evaluated,2023 guide,https://www.academia.edu/83334340/Guide_to_Online_Resources_for_Scholarly_Jewish_Study_and_Research_2023,[12],"Imported automatically. Anchor labels may be partial, especially across lines or in Hebrew. A successful HTTP response does not verify content, access terms or scholarly quality.",reachable,2026-10-09T13:08:40.279898+00:00,False
Rashbam's Commentary on Avodah Zarah,https://alhatorah.org/Commentators:Rashbam's_Commentary_on_Avodah_Zarah/0/he,Primary texts,"Historical link from the 2023 guide, page 10. Includes supporting references as well as resource homepages; see the original text for context.",Not re-evaluated,2023 guide,https://www.academia.edu/83334340/Guide_to_Online_Resources_for_Scholarly_Jewish_Study_and_Research_2023,[10],"Imported automatically. Anchor labels may be partial, especially across lines or in Hebrew. A successful HTTP response does not verify content, access terms or scholarly quality.",reachable,2026-10-09T13:08:12.642256+00:00,False
Rashi VeHaPolemos HaYehudi HaNotzri,https://kotar.cet.ac.il/kotarapp/index/Book.aspx?nBookID=109043536,Secondary literature,"Historical link from the 2023 guide, page 31. Includes supporting references as well as resource homepages; see the original text for context.",Not re-evaluated,2023 guide,https://www.academia.edu/83334340/Guide_to_Online_Resources_for_Scholarly_Jewish_Study_and_Research_2023,[31],"Imported automatically. Anchor labels may be partial, especially across lines or in Hebrew. A successful HTTP response does not verify content, access terms or scholarly quality.",reachable,2026-10-09T13:08:32.404311+00:00,False
rashi.alhatorah.org/,https://rashi.alhatorah.org/,Primary texts,"Historical link from the 2023 guide, page 10. Includes supporting references as well as resource homepages; see the original text for context.",Not re-evaluated,2023 guide,https://www.academia.edu/83334340/Guide_to_Online_Resources_for_Scholarly_Jewish_Study_and_Research_2023,[10],"Imported automatically. Anchor labels may be partial, especially across lines or in Hebrew. A successful HTTP response does not verify content, access terms or scholarly quality.",reachable,2026-10-09T13:08:40.338000+00:00,False
Rationalist Judaism,http://www.rationalistjudaism.com/,Media & communities,"Historical link from the 2023 guide, page 43. Includes supporting references as well as resource homepages; see the original text for context.",Not re-evaluated,2023 guide,https://www.academia.edu/83334340/Guide_to_Online_Resources_for_Scholarly_Jewish_Study_and_Research_2023,[43],"Imported automatically. Anchor labels may be partial, especially across lines or in Hebrew. A successful HTTP response does not verify content, access terms or scholarly quality.",redirected,2026-10-09T13:08:11.439510+00:00,False
re so here,https://libraries.ou.edu/content/understanding-academiaedu-and-researchgate,Secondary literature,"Historical link from the 2023 guide, page 35. Includes supporting references as well as resource homepages; see the original text for context.",Not re-evaluated,2023 guide,https://www.academia.edu/83334340/Guide_to_Online_Resources_for_Scholarly_Jewish_Study_and_Research_2023,[35],"Imported automatically. Anchor labels may be partial, especially across lines or in Hebrew. A successful HTTP response does not verify content, access terms or scholarly quality.",not_found,2026-10-09T13:08:34.010764+00:00,False
Recommended Websites - *Jewish Studies - Research Guides at Northwestern University,https://libguides.northwestern.edu/c.php?g=114862&p=749233,Guides & context,"Historical link from the 2023 guide, page 5. Includes supporting references as well as resource homepages; see the original text for context.",Not re-evaluated,2023 guide,https://www.academia.edu/83334340/Guide_to_Online_Resources_for_Scholarly_Jewish_Study_and_Research_2023,[5],"Imported automatically. Anchor labels may be partial, especially across lines or in Hebrew. A successful HTTP response does not verify content, access terms or scholarly quality.",reachable,2026-10-09T13:08:33.917589+00:00,False
Reconstruction of the Lost Parts of Rashbam's Torah Commentary.,https://alhatorah.org/Commentators:Rashbam's_Torah_Commentary/1/en,Primary texts,"Historical link from the 2023 guide, page 10. Includes supporting references as well as resource homepages; see the original text for context.",Not re-evaluated,2023 guide,https://www.academia.edu/83334340/Guide_to_Online_Resources_for_Scholarly_Jewish_Study_and_Research_2023,[10],"Imported automatically. Anchor labels may be partial, especially across lines or in Hebrew. A successful HTTP response does not verify content, access terms or scholarly quality.",reachable,2026-10-09T13:08:12.755477+00:00,False
Reference Works - Hebrew and Jewish Studies - Guides at Georgetown University,https://guides.library.georgetown.edu/hebrew/reference,Guides & context,"Historical link from the 2023 guide, page 5. Includes supporting references as well as resource homepages; see the original text for context.",Not re-evaluated,2023 guide,https://www.academia.edu/83334340/Guide_to_Online_Resources_for_Scholarly_Jewish_Study_and_Research_2023,[5],"Imported automatically. Anchor labels may be partial, especially across lines or in Hebrew. A successful HTTP response does not verify content, access terms or scholarly quality.",reachable,2026-10-09T13:08:22.956228+00:00,False
Resources for Doing Research - Jewish Studies - Guides at Johns Hopkins University,https://guides.library.jhu.edu/jewish-studies/research-resources,Guides & context,"Historical link from the 2023 guide, page 5. Includes supporting references as well as resource homepages; see the original text for context.",Not re-evaluated,2023 guide,https://www.academia.edu/83334340/Guide_to_Online_Resources_for_Scholarly_Jewish_Study_and_Research_2023,[5],"Imported automatically. Anchor labels may be partial, especially across lines or in Hebrew. A successful HTTP response does not verify content, access terms or scholarly quality.",reachable,2026-10-09T13:08:22.958244+00:00,False
Resources for the Critical Study of Rabbinic Literature in the Twenty-First,https://www.academia.edu/83275646/Resources_for_the_Critical_Study_of_Rabbinic_Literature_in_the_Twenty_First_Century_in_Compendia_Rerum_Iudaicarum_ad_Novum_Testamentum_CRINT_16_Christine_Hayes_ed_Leiden_The_Netherlands_Brill_2022_pp_621_632,Guides & context,"Historical link from the 2023 guide, page 6. Includes supporting references as well as resource homepages; see the original text for context.",Not re-evaluated,2023 guide,https://www.academia.edu/83334340/Guide_to_Online_Resources_for_Scholarly_Jewish_Study_and_Research_2023,"[6, 8]","Imported automatically. Anchor labels may be partial, especially across lines or in Hebrew. A successful HTTP response does not verify content, access terms or scholarly quality.",blocked_or_restricted,2026-10-09T13:08:50.646571+00:00,False
R’ Ashlag’s,http://www.ashlagbaroch.org/,Guides & context,"Historical link from the 2023 guide, page 6. Includes supporting references as well as resource homepages; see the original text for context.",Not re-evaluated,2023 guide,https://www.academia.edu/83334340/Guide_to_Online_Resources_for_Scholarly_Jewish_Study_and_Research_2023,"[6, 7]","Imported automatically. Anchor labels may be partial, especially across lines or in Hebrew. A successful HTTP response does not verify content, access terms or scholarly quality.",reachable,2026-10-09T13:08:10.019401+00:00,False
R’ Dan Be'eri,https://he.wikipedia.org/wiki/%D7%93%D7%9F_%D7%91%D7%90%D7%A8%D7%99,Primary texts,"Historical link from the 2023 guide, page 11. Includes supporting references as well as resource homepages; see the original text for context.",Not re-evaluated,2023 guide,https://www.academia.edu/83334340/Guide_to_Online_Resources_for_Scholarly_Jewish_Study_and_Research_2023,[11],"Imported automatically. Anchor labels may be partial, especially across lines or in Hebrew. A successful HTTP response does not verify content, access terms or scholarly quality.",reachable,2026-10-09T13:08:24.661448+00:00,False
R’ Isaiah Berlin’s Hafla'ah ShebaArakhin on Sefer HeArukh,https://www.sefaria.org/Hafla'ah_ShebaArakhin_on_Sefer_HeArukh,Dictionaries & language,"Historical link from the 2023 guide, page 40. Includes supporting references as well as resource homepages; see the original text for context.",Not re-evaluated,2023 guide,https://www.academia.edu/83334340/Guide_to_Online_Resources_for_Scholarly_Jewish_Study_and_Research_2023,[40],"Imported automatically. Anchor labels may be partial, especially across lines or in Hebrew. A successful HTTP response does not verify content, access terms or scholarly quality.",reachable,2026-10-09T13:09:01.024587+00:00,False
"R’ Natan of Rome, Sefer HeArukh, ed. Lublin 1883",https://www.sefaria.org/Sefer_HeArukh,Dictionaries & language,"Historical link from the 2023 guide, page 40. Includes supporting references as well as resource homepages; see the original text for context.",Not re-evaluated,2023 guide,https://www.academia.edu/83334340/Guide_to_Online_Resources_for_Scholarly_Jewish_Study_and_Research_2023,[40],"Imported automatically. Anchor labels may be partial, especially across lines or in Hebrew. A successful HTTP response does not verify content, access terms or scholarly quality.",reachable,2026-10-09T13:09:01.099688+00:00,False
s/?tab Nevo n of ho,https://www.nevo.co.il/Books.aspx?Type=1,Secondary literature,"Historical link from the 2023 guide, page 33. Includes supporting references as well as resource homepages; see the original text for context.",Not re-evaluated,2023 guide,https://www.academia.edu/83334340/Guide_to_Online_Resources_for_Scholarly_Jewish_Study_and_Research_2023,"[33, 34]","Imported automatically. Anchor labels may be partial, especially across lines or in Hebrew. A successful HTTP response does not verify content, access terms or scholarly quality.",redirected,2026-10-09T13:08:58.356669+00:00,False
Safa Ivrit,https://www.safa-ivrit.org/site_map.php,Media & communities,"Historical link from the 2023 guide, page 44. Includes supporting references as well as resource homepages; see the original text for context.",Not re-evaluated,2023 guide,https://www.academia.edu/83334340/Guide_to_Online_Resources_for_Scholarly_Jewish_Study_and_Research_2023,[44],"Imported automatically. Anchor labels may be partial, especially across lines or in Hebrew. A successful HTTP response does not verify content, access terms or scholarly quality.",reachable,2026-10-09T13:09:01.000660+00:00,False
Safranim,https://safranim.com/,Media & communities,"Historical link from the 2023 guide, page 43. Includes supporting references as well as resource homepages; see the original text for context.",Not re-evaluated,2023 guide,https://www.academia.edu/83334340/Guide_to_Online_Resources_for_Scholarly_Jewish_Study_and_Research_2023,[43],"Imported automatically. Anchor labels may be partial, especially across lines or in Hebrew. A successful HTTP response does not verify content, access terms or scholarly quality.",reachable,2026-10-09T13:08:41.153068+00:00,False
Scribal Error,https://scribalerror.substack.com/,Media & communities,"Historical link from the 2023 guide, page 44. Includes supporting references as well as resource homepages; see the original text for context.",Not re-evaluated,2023 guide,https://www.academia.edu/83334340/Guide_to_Online_Resources_for_Scholarly_Jewish_Study_and_Research_2023,[44],"Imported automatically. Anchor labels may be partial, especially across lines or in Hebrew. A successful HTTP response does not verify content, access terms or scholarly quality.",reachable,2026-10-09T13:08:42.012914+00:00,False
Search Engines and Other Web-Resources | The Talmud Blog,https://thetalmud.blog/toolbox/search-engines-and-other-web-resources/,Guides & context,"Historical link from the 2023 guide, page 5. Includes supporting references as well as resource homepages; see the original text for context.",Not re-evaluated,2023 guide,https://www.academia.edu/83334340/Guide_to_Online_Resources_for_Scholarly_Jewish_Study_and_Research_2023,[5],"Imported automatically. Anchor labels may be partial, especially across lines or in Hebrew. A successful HTTP response does not verify content, access terms or scholarly quality.",reachable,2026-10-09T13:08:45.488202+00:00,False
section of the website,https://lib.pshita.cet.ac.il/pages/frontpage.asp,Secondary literature,"Historical link from the 2023 guide, page 35. Includes supporting references as well as resource homepages; see the original text for context.",Not re-evaluated,2023 guide,https://www.academia.edu/83334340/Guide_to_Online_Resources_for_Scholarly_Jewish_Study_and_Research_2023,[35],"Imported automatically. Anchor labels may be partial, especially across lines or in Hebrew. A successful HTTP response does not verify content, access terms or scholarly quality.",not_found,2026-10-09T13:08:33.902963+00:00,False
Sefaria,https://play.google.com/store/apps/details?id=org.sefaria.sefaria&hl=en&gl=US,Media & communities,"Historical link from the 2023 guide, page 47. Includes supporting references as well as resource homepages; see the original text for context.",Not re-evaluated,2023 guide,https://www.academia.edu/83334340/Guide_to_Online_Resources_for_Scholarly_Jewish_Study_and_Research_2023,[47],"Imported automatically. Anchor labels may be partial, especially across lines or in Hebrew. A successful HTTP response does not verify content, access terms or scholarly quality.",reachable,2026-10-09T13:08:39.701396+00:00,False
Seforim Chatter,https://www.seforimchatter.com/podcasts/,Media & communities,"Historical link from the 2023 guide, page 45. Includes supporting references as well as resource homepages; see the original text for context.",Not re-evaluated,2023 guide,https://www.academia.edu/83334340/Guide_to_Online_Resources_for_Scholarly_Jewish_Study_and_Research_2023,[45],"Imported automatically. Anchor labels may be partial, especially across lines or in Hebrew. A successful HTTP response does not verify content, access terms or scholarly quality.",redirected,2026-10-09T13:09:02.285178+00:00,False
Seforimonline.org,https://www.seforimonline.org/seforim-database/,Search & bibliographies,"Historical link from the 2023 guide, page 28. Includes supporting references as well as resource homepages; see the original text for context.",Not re-evaluated,2023 guide,https://www.academia.edu/83334340/Guide_to_Online_Resources_for_Scholarly_Jewish_Study_and_Research_2023,[28],"Imported automatically. Anchor labels may be partial, especially across lines or in Hebrew. A successful HTTP response does not verify content, access terms or scholarly quality.",blocked_or_restricted,2026-10-09T13:09:02.395970+00:00,False
Segula,https://segulamag.com/,Media & communities,"Historical link from the 2023 guide, page 42. Includes supporting references as well as resource homepages; see the original text for context.",Not re-evaluated,2023 guide,https://www.academia.edu/83334340/Guide_to_Online_Resources_for_Scholarly_Jewish_Study_and_Research_2023,[42],"Imported automatically. Anchor labels may be partial, especially across lines or in Hebrew. A successful HTTP response does not verify content, access terms or scholarly quality.",reachable,2026-10-09T13:08:43.766845+00:00,False
Sfardata,https://sfardata.nli.org.il/,Search & bibliographies,"Historical link from the 2023 guide, page 25. Includes supporting references as well as resource homepages; see the original text for context.",Not re-evaluated,2023 guide,https://www.academia.edu/83334340/Guide_to_Online_Resources_for_Scholarly_Jewish_Study_and_Research_2023,[25],"Imported automatically. Anchor labels may be partial, especially across lines or in Hebrew. A successful HTTP response does not verify content, access terms or scholarly quality.",blocked_or_restricted,2026-10-09T13:08:43.815882+00:00,False
Shlomo ibn Gabirol,https://benyehuda.org/author/180,Primary texts,"Historical link from the 2023 guide, page 11. Includes supporting references as well as resource homepages; see the original text for context.",Not re-evaluated,2023 guide,https://www.academia.edu/83334340/Guide_to_Online_Resources_for_Scholarly_Jewish_Study_and_Research_2023,[11],"Imported automatically. Anchor labels may be partial, especially across lines or in Hebrew. A successful HTTP response does not verify content, access terms or scholarly quality.",reachable,2026-10-09T13:08:14.513284+00:00,False
Sifra,https://alhatorah.org/Commentators:Sifra,Primary texts,"Historical link from the 2023 guide, page 10. Includes supporting references as well as resource homepages; see the original text for context.",Not re-evaluated,2023 guide,https://www.academia.edu/83334340/Guide_to_Online_Resources_for_Scholarly_Jewish_Study_and_Research_2023,[10],"Imported automatically. Anchor labels may be partial, especially across lines or in Hebrew. A successful HTTP response does not verify content, access terms or scholarly quality.",reachable,2026-10-09T13:08:13.155910+00:00,False
Sifrut Hazal HaEretz Yisra’elit,https://kotar.cet.ac.il/kotarapp/index/Book.aspx?nBookID=104820662,Secondary literature,"Historical link from the 2023 guide, page 31. Includes supporting references as well as resource homepages; see the original text for context.",Not re-evaluated,2023 guide,https://www.academia.edu/83334340/Guide_to_Online_Resources_for_Scholarly_Jewish_Study_and_Research_2023,[31],"Imported automatically. Anchor labels may be partial, especially across lines or in Hebrew. A successful HTTP response does not verify content, access terms or scholarly quality.",reachable,2026-10-09T13:08:32.103501+00:00,False
Society for the Interpretation of the Talmud,http://www.talmudha-igud.org.il/nosafot.asp?lang=en&id=5,Secondary literature,"Historical link from the 2023 guide, page 29. Includes supporting references as well as resource homepages; see the original text for context.",Not re-evaluated,2023 guide,https://www.academia.edu/83334340/Guide_to_Online_Resources_for_Scholarly_Jewish_Study_and_Research_2023,[29],"Imported automatically. Anchor labels may be partial, especially across lines or in Hebrew. A successful HTTP response does not verify content, access terms or scholarly quality.",redirected,2026-10-09T13:08:11.552715+00:00,False
Sources on the Net,https://docs.google.com/document/u/1/d/1ZfHfZsLh2qYBM6Q6Qp18csQvYQMBUOvjfwPCRn9iyJk/mobilebasic,Guides & context,"Historical link from the 2023 guide, page 6. Includes supporting references as well as resource homepages; see the original text for context.",Not re-evaluated,2023 guide,https://www.academia.edu/83334340/Guide_to_Online_Resources_for_Scholarly_Jewish_Study_and_Research_2023,[6],"Imported automatically. Anchor labels may be partial, especially across lines or in Hebrew. A successful HTTP response does not verify content, access terms or scholarly quality.",reachable,2026-10-09T13:08:18.220956+00:00,False
Steinsaltz-Koren commentary on Talmud Bavli in Hebrew,https://library.alhatorah.org/?r1=Steinsaltz_Commentary_Berakhot_2a,Primary texts,"Historical link from the 2023 guide, page 10. Includes supporting references as well as resource homepages; see the original text for context.",Not re-evaluated,2023 guide,https://www.academia.edu/83334340/Guide_to_Online_Resources_for_Scholarly_Jewish_Study_and_Research_2023,[10],"Imported automatically. Anchor labels may be partial, especially across lines or in Hebrew. A successful HTTP response does not verify content, access terms or scholarly quality.",reachable,2026-10-09T13:08:34.647745+00:00,False
Steinzaltz-Koren translation into English and commentary on Talmud Bavli,https://www.sefaria.org/texts/Talmud,Primary texts,"Historical link from the 2023 guide, page 9. Includes supporting references as well as resource homepages; see the original text for context.",Not re-evaluated,2023 guide,https://www.academia.edu/83334340/Guide_to_Online_Resources_for_Scholarly_Jewish_Study_and_Research_2023,[9],"Imported automatically. Anchor labels may be partial, especially across lines or in Hebrew. A successful HTTP response does not verify content, access terms or scholarly quality.",reachable,2026-10-09T13:09:01.218365+00:00,False
Stylistic Segmentation,https://segment.dicta.org.il/,Search & bibliographies,"Historical link from the 2023 guide, page 23. Includes supporting references as well as resource homepages; see the original text for context.",Not re-evaluated,2023 guide,https://www.academia.edu/83334340/Guide_to_Online_Resources_for_Scholarly_Jewish_Study_and_Research_2023,[23],"Imported automatically. Anchor labels may be partial, especially across lines or in Hebrew. A successful HTTP response does not verify content, access terms or scholarly quality.",reachable,2026-10-09T13:08:43.747964+00:00,False
such as Prof. Marc Shapiro,https://youtu.be/rsRBlTIdPxA,Media & communities,"Historical link from the 2023 guide, page 45. Includes supporting references as well as resource homepages; see the original text for context.",Not re-evaluated,2023 guide,https://www.academia.edu/83334340/Guide_to_Online_Resources_for_Scholarly_Jewish_Study_and_Research_2023,[45],"Imported automatically. Anchor labels may be partial, especially across lines or in Hebrew. A successful HTTP response does not verify content, access terms or scholarly quality.",redirected,2026-10-09T13:09:05.071625+00:00,False
Synopsis Builder,https://synoptic.dicta.org.il/,Search & bibliographies,"Historical link from the 2023 guide, page 23. Includes supporting references as well as resource homepages; see the original text for context.",Not re-evaluated,2023 guide,https://www.academia.edu/83334340/Guide_to_Online_Resources_for_Scholarly_Jewish_Study_and_Research_2023,[23],"Imported automatically. Anchor labels may be partial, especially across lines or in Hebrew. A successful HTTP response does not verify content, access terms or scholarly quality.",reachable,2026-10-09T13:08:44.122747+00:00,False
"t think they’re befitting a frum podcast.” “Index, by century discussed, of interviews of historians",https://www.academia.edu/94100918/Index_by_century_discussed_of_interviews_of_historians_on_Seforim_Chatter_podcast,Media & communities,"Historical link from the 2023 guide, page 45. Includes supporting references as well as resource homepages; see the original text for context.",Not re-evaluated,2023 guide,https://www.academia.edu/83334340/Guide_to_Online_Resources_for_Scholarly_Jewish_Study_and_Research_2023,[45],"Imported automatically. Anchor labels may be partial, especially across lines or in Hebrew. A successful HTTP response does not verify content, access terms or scholarly quality.",blocked_or_restricted,2026-10-09T13:08:50.657402+00:00,False
Tablet,https://www.tabletmag.com/,Media & communities,"Historical link from the 2023 guide, page 42. Includes supporting references as well as resource homepages; see the original text for context.",Not re-evaluated,2023 guide,https://www.academia.edu/83334340/Guide_to_Online_Resources_for_Scholarly_Jewish_Study_and_Research_2023,[42],"Imported automatically. Anchor labels may be partial, especially across lines or in Hebrew. A successful HTTP response does not verify content, access terms or scholarly quality.",reachable,2026-10-09T13:09:02.449560+00:00,False
Tallelei Orot,https://orot.ac.il/%D7%98%D7%9C%D7%9C%D7%99-%D7%90%D7%95%D7%A8%D7%95%D7%AA,Secondary literature,"Historical link from the 2023 guide, page 33. Includes supporting references as well as resource homepages; see the original text for context.",Not re-evaluated,2023 guide,https://www.academia.edu/83334340/Guide_to_Online_Resources_for_Scholarly_Jewish_Study_and_Research_2023,[33],"Imported automatically. Anchor labels may be partial, especially across lines or in Hebrew. A successful HTTP response does not verify content, access terms or scholarly quality.",blocked_or_restricted,2026-10-09T13:08:39.188073+00:00,False
Talmud & Oral Law | Libraries and Information System | Bar-Ilan University,https://lib.biu.ac.il/en/db-subject/217,Guides & context,"Historical link from the 2023 guide, page 5. Includes supporting references as well as resource homepages; see the original text for context.",Not re-evaluated,2023 guide,https://www.academia.edu/83334340/Guide_to_Online_Resources_for_Scholarly_Jewish_Study_and_Research_2023,[5],"Imported automatically. Anchor labels may be partial, especially across lines or in Hebrew. A successful HTTP response does not verify content, access terms or scholarly quality.",reachable,2026-10-09T13:08:32.845306+00:00,False
Talmud & Tech,https://www.ezrabrand.com/,Media & communities,"Historical link from the 2023 guide, page 44. Includes supporting references as well as resource homepages; see the original text for context.",Not re-evaluated,2023 guide,https://www.academia.edu/83334340/Guide_to_Online_Resources_for_Scholarly_Jewish_Study_and_Research_2023,[44],"Imported automatically. Anchor labels may be partial, especially across lines or in Hebrew. A successful HTTP response does not verify content, access terms or scholarly quality.",reachable,2026-10-09T13:08:54.321054+00:00,False
Talmud and Halacha,https://thelehrhaus.com/talmud-and-halakhah/,Media & communities,"Historical link from the 2023 guide, page 43. Includes supporting references as well as resource homepages; see the original text for context.",Not re-evaluated,2023 guide,https://www.academia.edu/83334340/Guide_to_Online_Resources_for_Scholarly_Jewish_Study_and_Research_2023,[43],"Imported automatically. Anchor labels may be partial, especially across lines or in Hebrew. A successful HTTP response does not verify content, access terms or scholarly quality.",reachable,2026-10-09T13:08:45.033835+00:00,False
Talmud Search,https://talmudsearch.dicta.org.il/,Search & bibliographies,"Historical link from the 2023 guide, page 23. Includes supporting references as well as resource homepages; see the original text for context.",Not re-evaluated,2023 guide,https://www.academia.edu/83334340/Guide_to_Online_Resources_for_Scholarly_Jewish_Study_and_Research_2023,[23],"Imported automatically. Anchor labels may be partial, especially across lines or in Hebrew. A successful HTTP response does not verify content, access terms or scholarly quality.",reachable,2026-10-09T13:08:44.464988+00:00,False
Talmud Yerushalmi Citation Database,https://yerushalmidb.com/,Search & bibliographies,"Historical link from the 2023 guide, page 26. Includes supporting references as well as resource homepages; see the original text for context.",Not re-evaluated,2023 guide,https://www.academia.edu/83334340/Guide_to_Online_Resources_for_Scholarly_Jewish_Study_and_Research_2023,[26],"Imported automatically. Anchor labels may be partial, especially across lines or in Hebrew. A successful HTTP response does not verify content, access terms or scholarly quality.",reachable,2026-10-09T13:09:04.961397+00:00,False
Talmud Yerushalmi Digital Critical Edition - IRCDL 2022”,https://www.academia.edu/72403082/Talmud_Yerushalmi_Digital_Critical_Edition_IRCDL_2022,Primary texts,"Historical link from the 2023 guide, page 8. Includes supporting references as well as resource homepages; see the original text for context.",Not re-evaluated,2023 guide,https://www.academia.edu/83334340/Guide_to_Online_Resources_for_Scholarly_Jewish_Study_and_Research_2023,"[8, 13]","Imported automatically. Anchor labels may be partial, especially across lines or in Hebrew. A successful HTTP response does not verify content, access terms or scholarly quality.",blocked_or_restricted,2026-10-09T13:08:50.553698+00:00,False
Tanach search,https://search.dicta.org.il/,Search & bibliographies,"Historical link from the 2023 guide, page 23. Includes supporting references as well as resource homepages; see the original text for context.",Not re-evaluated,2023 guide,https://www.academia.edu/83334340/Guide_to_Online_Resources_for_Scholarly_Jewish_Study_and_Research_2023,[23],"Imported automatically. Anchor labels may be partial, especially across lines or in Hebrew. A successful HTTP response does not verify content, access terms or scholarly quality.",reachable,2026-10-09T13:08:42.023937+00:00,False
Targum Yerushalmi - Neofiti,https://library.alhatorah.org/?r1=Targum_Yerushalmi_(Neofiti)_Bereshit_1:1,Primary texts,"Historical link from the 2023 guide, page 10. Includes supporting references as well as resource homepages; see the original text for context.",Not re-evaluated,2023 guide,https://www.academia.edu/83334340/Guide_to_Online_Resources_for_Scholarly_Jewish_Study_and_Research_2023,[10],"Imported automatically. Anchor labels may be partial, especially across lines or in Hebrew. A successful HTTP response does not verify content, access terms or scholarly quality.",reachable,2026-10-09T13:08:34.682026+00:00,False
Tashma - Jewish Office,https://tashma.jewishoffice.co.il/,Primary texts,"Historical link from the 2023 guide, page 11. Includes supporting references as well as resource homepages; see the original text for context.",Not re-evaluated,2023 guide,https://www.academia.edu/83334340/Guide_to_Online_Resources_for_Scholarly_Jewish_Study_and_Research_2023,[11],"Imported automatically. Anchor labels may be partial, especially across lines or in Hebrew. A successful HTTP response does not verify content, access terms or scholarly quality.",network_error,2026-10-09T13:08:44.546881+00:00,False
Textual Witnesses | The Talmud Blog,https://thetalmud.blog/toolbox/textual-witnesses-pictures-transcriptions-descriptions-and-synopsi/,Guides & context,"Historical link from the 2023 guide, page 5. Includes supporting references as well as resource homepages; see the original text for context.",Not re-evaluated,2023 guide,https://www.academia.edu/83334340/Guide_to_Online_Resources_for_Scholarly_Jewish_Study_and_Research_2023,[5],"Imported automatically. Anchor labels may be partial, especially across lines or in Hebrew. A successful HTTP response does not verify content, access terms or scholarly quality.",reachable,2026-10-09T13:08:45.500293+00:00,False
Th here,https://www.forbes.com/sites/drsarahbond/2017/01/23/dear-scholars-delete-your-account-at-academia-edu/?sh=17bc56872d62,Secondary literature,"Historical link from the 2023 guide, page 35. Includes supporting references as well as resource homepages; see the original text for context.",Not re-evaluated,2023 guide,https://www.academia.edu/83334340/Guide_to_Online_Resources_for_Scholarly_Jewish_Study_and_Research_2023,[35],"Imported automatically. Anchor labels may be partial, especially across lines or in Hebrew. A successful HTTP response does not verify content, access terms or scholarly quality.",blocked_or_restricted,2026-10-09T13:08:55.211818+00:00,False
the About page,https://library.brown.edu/iip/about/why_inscription/,Primary texts,"Historical link from the 2023 guide, page 13. Includes supporting references as well as resource homepages; see the original text for context.",Not re-evaluated,2023 guide,https://www.academia.edu/83334340/Guide_to_Online_Resources_for_Scholarly_Jewish_Study_and_Research_2023,[13],"Imported automatically. Anchor labels may be partial, especially across lines or in Hebrew. A successful HTTP response does not verify content, access terms or scholarly quality.",not_found,2026-10-09T13:08:35.426011+00:00,False
the About page,http://bav.bodleian.ox.ac.uk/about-the-project,Manuscripts,"Historical link from the 2023 guide, page 17. Includes supporting references as well as resource homepages; see the original text for context.",Not re-evaluated,2023 guide,https://www.academia.edu/83334340/Guide_to_Online_Resources_for_Scholarly_Jewish_Study_and_Research_2023,[17],"Imported automatically. Anchor labels may be partial, especially across lines or in Hebrew. A successful HTTP response does not verify content, access terms or scholarly quality.",redirected,2026-10-09T13:08:07.569824+00:00,False
the About page.,http://www.jewishdigitalcollections.com/about.html,Guides & context,"Historical link from the 2023 guide, page 5. Includes supporting references as well as resource homepages; see the original text for context.",Not re-evaluated,2023 guide,https://www.academia.edu/83334340/Guide_to_Online_Resources_for_Scholarly_Jewish_Study_and_Research_2023,"[5, 6]","Imported automatically. Anchor labels may be partial, especially across lines or in Hebrew. A successful HTTP response does not verify content, access terms or scholarly quality.",redirected,2026-10-09T13:08:10.710154+00:00,False
The Aramaic Language of the Zohar,https://aramaiczohar.wordpress.com/,Media & communities,"Historical link from the 2023 guide, page 44. Includes supporting references as well as resource homepages; see the original text for context.",Not re-evaluated,2023 guide,https://www.academia.edu/83334340/Guide_to_Online_Resources_for_Scholarly_Jewish_Study_and_Research_2023,[44],"Imported automatically. Anchor labels may be partial, especially across lines or in Hebrew. A successful HTTP response does not verify content, access terms or scholarly quality.",reachable,2026-10-09T13:08:13.249656+00:00,False
"The Bezalel Narkiss Index of Jewish Art, Center for Jewish Art,",https://cja.huji.ac.il/browser.php,Guides & context,"Historical link from the 2023 guide, page 7. Includes supporting references as well as resource homepages; see the original text for context.",Not re-evaluated,2023 guide,https://www.academia.edu/83334340/Guide_to_Online_Resources_for_Scholarly_Jewish_Study_and_Research_2023,[7],"Imported automatically. Anchor labels may be partial, especially across lines or in Hebrew. A successful HTTP response does not verify content, access terms or scholarly quality.",reachable,2026-10-09T13:08:16.941732+00:00,False
The Bibliography of The Hebrew Book,http://www.hebrew-bibliography.com/,Search & bibliographies,"Historical link from the 2023 guide, page 25. Includes supporting references as well as resource homepages; see the original text for context.",Not re-evaluated,2023 guide,https://www.academia.edu/83334340/Guide_to_Online_Resources_for_Scholarly_Jewish_Study_and_Research_2023,[25],"Imported automatically. Anchor labels may be partial, especially across lines or in Hebrew. A successful HTTP response does not verify content, access terms or scholarly quality.",redirected,2026-10-09T13:08:10.485786+00:00,False
"The Book in the Jewish World, 1700–1900",https://www.cambridge.org/core/books/book-in-the-jewish-world-17001900/558158449B2B59B5694979AE0DB6746C,Guides & context,"Historical link from the 2023 guide, page 3. Includes supporting references as well as resource homepages; see the original text for context.",Not re-evaluated,2023 guide,https://www.academia.edu/83334340/Guide_to_Online_Resources_for_Scholarly_Jewish_Study_and_Research_2023,[3],"Imported automatically. Anchor labels may be partial, especially across lines or in Hebrew. A successful HTTP response does not verify content, access terms or scholarly quality.",reachable,2026-10-09T13:08:51.582917+00:00,False
The Cambridge Companion to the Talmud and,https://www.amazon.com/Cambridge-Companion-Rabbinic-Literature-Companions-ebook/dp/B00AA8JWQ0/,Secondary literature,"Historical link from the 2023 guide, page 31. Includes supporting references as well as resource homepages; see the original text for context.",Not re-evaluated,2023 guide,https://www.academia.edu/83334340/Guide_to_Online_Resources_for_Scholarly_Jewish_Study_and_Research_2023,[31],"Imported automatically. Anchor labels may be partial, especially across lines or in Hebrew. A successful HTTP response does not verify content, access terms or scholarly quality.",reachable,2026-10-09T13:08:50.729182+00:00,False
The Formation ;,https://www.degruyter.com/document/doi/10.1515/9783110709834/html,Secondary literature,"Historical link from the 2023 guide, page 30. Includes supporting references as well as resource homepages; see the original text for context.",Not re-evaluated,2023 guide,https://www.academia.edu/83334340/Guide_to_Online_Resources_for_Scholarly_Jewish_Study_and_Research_2023,[30],"Imported automatically. Anchor labels may be partial, especially across lines or in Hebrew. A successful HTTP response does not verify content, access terms or scholarly quality.",redirected,2026-10-09T13:08:53.001304+00:00,False
The Formation of the Babylonian Talmud,https://www.amazon.com/dp/B00DY57D6C,Secondary literature,"Historical link from the 2023 guide, page 31. Includes supporting references as well as resource homepages; see the original text for context.",Not re-evaluated,2023 guide,https://www.academia.edu/83334340/Guide_to_Online_Resources_for_Scholarly_Jewish_Study_and_Research_2023,[31],"Imported automatically. Anchor labels may be partial, especially across lines or in Hebrew. A successful HTTP response does not verify content, access terms or scholarly quality.",reachable,2026-10-09T13:08:50.769214+00:00,False
The Friedberg Judeo-Arabic Project,https://ja.genizah.org/,Manuscripts,"Historical link from the 2023 guide, page 20. Includes supporting references as well as resource homepages; see the original text for context.",Not re-evaluated,2023 guide,https://www.academia.edu/83334340/Guide_to_Online_Resources_for_Scholarly_Jewish_Study_and_Research_2023,[20],"Imported automatically. Anchor labels may be partial, especially across lines or in Hebrew. A successful HTTP response does not verify content, access terms or scholarly quality.",redirected,2026-10-09T13:08:30.506241+00:00,False
the full list of digital editions,https://mg.alhatorah.org/Editions,Primary texts,"Historical link from the 2023 guide, page 10. Includes supporting references as well as resource homepages; see the original text for context.",Not re-evaluated,2023 guide,https://www.academia.edu/83334340/Guide_to_Online_Resources_for_Scholarly_Jewish_Study_and_Research_2023,[10],"Imported automatically. Anchor labels may be partial, especially across lines or in Hebrew. A successful HTTP response does not verify content, access terms or scholarly quality.",reachable,2026-10-09T13:08:36.188826+00:00,False
The Iranian Talmud,https://www.amazon.com/dp/B084YWP1C8,Secondary literature,"Historical link from the 2023 guide, page 31. Includes supporting references as well as resource homepages; see the original text for context.",Not re-evaluated,2023 guide,https://www.academia.edu/83334340/Guide_to_Online_Resources_for_Scholarly_Jewish_Study_and_Research_2023,[31],"Imported automatically. Anchor labels may be partial, especially across lines or in Hebrew. A successful HTTP response does not verify content, access terms or scholarly quality.",reachable,2026-10-09T13:08:50.805884+00:00,False
The Israel Academy of Sciences and Humanities,https://www.youtube.com/user/TheIsraelAcademy/videos,Media & communities,"Historical link from the 2023 guide, page 44. Includes supporting references as well as resource homepages; see the original text for context.",Not re-evaluated,2023 guide,https://www.academia.edu/83334340/Guide_to_Online_Resources_for_Scholarly_Jewish_Study_and_Research_2023,[44],"Imported automatically. Anchor labels may be partial, especially across lines or in Hebrew. A successful HTTP response does not verify content, access terms or scholarly quality.",reachable,2026-10-09T13:09:04.337576+00:00,False
The Israel Academy of Sciences and Humanities - YouTube t showed in my email inbox of youtube being used for live str anneling Jewish History”.,https://www.youtube.com/user/TheIsraelAcademy/featured,Media & communities,"Historical link from the 2023 guide, page 44. Includes supporting references as well as resource homepages; see the original text for context.",Not re-evaluated,2023 guide,https://www.academia.edu/83334340/Guide_to_Online_Resources_for_Scholarly_Jewish_Study_and_Research_2023,[44],"Imported automatically. Anchor labels may be partial, especially across lines or in Hebrew. A successful HTTP response does not verify content, access terms or scholarly quality.",reachable,2026-10-09T13:09:04.306842+00:00,False
The Jewish Enlightenment,https://www.amazon.com/dp/B00B4FJ9BQ,Secondary literature,"Historical link from the 2023 guide, page 31. Includes supporting references as well as resource homepages; see the original text for context.",Not re-evaluated,2023 guide,https://www.academia.edu/83334340/Guide_to_Online_Resources_for_Scholarly_Jewish_Study_and_Research_2023,[31],"Imported automatically. Anchor labels may be partial, especially across lines or in Hebrew. A successful HTTP response does not verify content, access terms or scholarly quality.",reachable,2026-10-09T13:08:50.734555+00:00,False
The Jewish Guide to the Internet,https://www.jewishinternetguide.com/,Guides & context,"Historical link from the 2023 guide, page 6. Includes supporting references as well as resource homepages; see the original text for context.",Not re-evaluated,2023 guide,https://www.academia.edu/83334340/Guide_to_Online_Resources_for_Scholarly_Jewish_Study_and_Research_2023,[6],"Imported automatically. Anchor labels may be partial, especially across lines or in Hebrew. A successful HTTP response does not verify content, access terms or scholarly quality.",reachable,2026-10-09T13:08:56.168342+00:00,False
The Librarians.,https://blog.nli.org.il/en/,Media & communities,"Historical link from the 2023 guide, page 44. Includes supporting references as well as resource homepages; see the original text for context.",Not re-evaluated,2023 guide,https://www.academia.edu/83334340/Guide_to_Online_Resources_for_Scholarly_Jewish_Study_and_Research_2023,[44],"Imported automatically. Anchor labels may be partial, especially across lines or in Hebrew. A successful HTTP response does not verify content, access terms or scholarly quality.",blocked_or_restricted,2026-10-09T13:08:15.785813+00:00,False
The Nahum Collection of Yemenite Manuscripts,https://nachumsite.genizah.org/,Manuscripts,"Historical link from the 2023 guide, page 20. Includes supporting references as well as resource homepages; see the original text for context.",Not re-evaluated,2023 guide,https://www.academia.edu/83334340/Guide_to_Online_Resources_for_Scholarly_Jewish_Study_and_Research_2023,[20],"Imported automatically. Anchor labels may be partial, especially across lines or in Hebrew. A successful HTTP response does not verify content, access terms or scholarly quality.",reachable,2026-10-09T13:08:37.639886+00:00,False
the Otzar Hahochma post,http://212.199.162.70/viewtopic.php?t=39717,Manuscripts,"Historical link from the 2023 guide, page 16. Includes supporting references as well as resource homepages; see the original text for context.",Not re-evaluated,2023 guide,https://www.academia.edu/83334340/Guide_to_Online_Resources_for_Scholarly_Jewish_Study_and_Research_2023,[16],"Imported automatically. Anchor labels may be partial, especially across lines or in Hebrew. A successful HTTP response does not verify content, access terms or scholarly quality.",reachable,2026-10-09T13:08:07.569006+00:00,False
The People's Talmud,https://thepeoplestalmud.com/#!,Guides & context,"Historical link from the 2023 guide, page 7. Includes supporting references as well as resource homepages; see the original text for context.",Not re-evaluated,2023 guide,https://www.academia.edu/83334340/Guide_to_Online_Resources_for_Scholarly_Jewish_Study_and_Research_2023,[7],"Imported automatically. Anchor labels may be partial, especially across lines or in Hebrew. A successful HTTP response does not verify content, access terms or scholarly quality.",reachable,2026-10-09T13:08:45.062080+00:00,False
the sefer,https://digipres.cjh.org/delivery/DeliveryManagerServlet?dps_pid=IE4934153,Scanned books,"Historical link from the 2023 guide, page 14. Includes supporting references as well as resource homepages; see the original text for context.",Not re-evaluated,2023 guide,https://www.academia.edu/83334340/Guide_to_Online_Resources_for_Scholarly_Jewish_Study_and_Research_2023,[14],"Imported automatically. Anchor labels may be partial, especially across lines or in Hebrew. A successful HTTP response does not verify content, access terms or scholarly quality.",reachable,2026-10-09T13:08:17.694764+00:00,False
The Seforim Blog,https://seforimblog.com/,Media & communities,"Historical link from the 2023 guide, page 43. Includes supporting references as well as resource homepages; see the original text for context.",Not re-evaluated,2023 guide,https://www.academia.edu/83334340/Guide_to_Online_Resources_for_Scholarly_Jewish_Study_and_Research_2023,[43],"Imported automatically. Anchor labels may be partial, especially across lines or in Hebrew. A successful HTTP response does not verify content, access terms or scholarly quality.",reachable,2026-10-09T13:08:42.095039+00:00,False
The Sol and Evelyn Henkind Talmud Text Databank ; Primary Textual Witnesses to Tannaitic,https://www.lieberman-institute.com/,Manuscripts,"Historical link from the 2023 guide, page 22. Includes supporting references as well as resource homepages; see the original text for context.",Not re-evaluated,2023 guide,https://www.academia.edu/83334340/Guide_to_Online_Resources_for_Scholarly_Jewish_Study_and_Research_2023,"[22, 37]","Imported automatically. Anchor labels may be partial, especially across lines or in Hebrew. A successful HTTP response does not verify content, access terms or scholarly quality.",reachable,2026-10-09T13:08:56.932639+00:00,False
The Talmud Blog,https://thetalmud.blog/,Media & communities,"Historical link from the 2023 guide, page 43. Includes supporting references as well as resource homepages; see the original text for context.",Not re-evaluated,2023 guide,https://www.academia.edu/83334340/Guide_to_Online_Resources_for_Scholarly_Jewish_Study_and_Research_2023,[43],"Imported automatically. Anchor labels may be partial, especially across lines or in Hebrew. A successful HTTP response does not verify content, access terms or scholarly quality.",reachable,2026-10-09T13:08:45.402825+00:00,False
The Top Sites to do Torah Research in the Internet Era | OLAMI Resources,http://nleresources.com/2018/12/the-top-sites-to-do-torah-research-in-the-internet-era/#.YkTAlihBxPY,Guides & context,"Historical link from the 2023 guide, page 6. Includes supporting references as well as resource homepages; see the original text for context.",Not re-evaluated,2023 guide,https://www.academia.edu/83334340/Guide_to_Online_Resources_for_Scholarly_Jewish_Study_and_Research_2023,[6],"Imported automatically. Anchor labels may be partial, especially across lines or in Hebrew. A successful HTTP response does not verify content, access terms or scholarly quality.",reachable,2026-10-09T13:08:09.016697+00:00,False
the webpage indexing Tanach and Hazal,http://www.halachabrura.org/library/library0.htm,Scanned books,"Historical link from the 2023 guide, page 15. Includes supporting references as well as resource homepages; see the original text for context.",Not re-evaluated,2023 guide,https://www.academia.edu/83334340/Guide_to_Online_Resources_for_Scholarly_Jewish_Study_and_Research_2023,[15],"Imported automatically. Anchor labels may be partial, especially across lines or in Hebrew. A successful HTTP response does not verify content, access terms or scholarly quality.",reachable,2026-10-09T13:08:10.273929+00:00,False
the Wikipedia entry for the journal,https://he.wikipedia.org/wiki/%D7%90%D7%A8%D7%A9%D7%AA:_%D7%A1%D7%A4%D7%A8_%D7%A9%D7%A0%D7%94_%D7%9C%D7%97%D7%A7%D7%A8_%D7%94%D7%A1%D7%A4%D7%A8_%D7%94%D7%A2%D7%91%D7%A8%D7%99,Secondary literature,"Historical link from the 2023 guide, page 34. Includes supporting references as well as resource homepages; see the original text for context.",Not re-evaluated,2023 guide,https://www.academia.edu/83334340/Guide_to_Online_Resources_for_Scholarly_Jewish_Study_and_Research_2023,[34],"Imported automatically. Anchor labels may be partial, especially across lines or in Hebrew. A successful HTTP response does not verify content, access terms or scholarly quality.",reachable,2026-10-09T13:08:24.516319+00:00,False
TheGemara.com,https://thegemara.com/,Media & communities,"Historical link from the 2023 guide, page 41. Includes supporting references as well as resource homepages; see the original text for context.",Not re-evaluated,2023 guide,https://www.academia.edu/83334340/Guide_to_Online_Resources_for_Scholarly_Jewish_Study_and_Research_2023,[41],"Imported automatically. Anchor labels may be partial, especially across lines or in Hebrew. A successful HTTP response does not verify content, access terms or scholarly quality.",reachable,2026-10-09T13:08:44.639021+00:00,False
this Otzar HaHochma forum,http://forum.otzar.org/viewtopic.php?f=7&t=25619,Primary texts,"Historical link from the 2023 guide, page 10. Includes supporting references as well as resource homepages; see the original text for context.",Not re-evaluated,2023 guide,https://www.academia.edu/83334340/Guide_to_Online_Resources_for_Scholarly_Jewish_Study_and_Research_2023,[10],"Imported automatically. Anchor labels may be partial, especially across lines or in Hebrew. A successful HTTP response does not verify content, access terms or scholarly quality.",blocked_or_restricted,2026-10-09T13:08:08.693706+00:00,False
Toldot Tana’im,https://he.wikisource.org/wiki/%D7%AA%D7%95%D7%9C%D7%93%D7%95%D7%AA_%D7%AA%D7%A0%D7%90%D7%99%D7%9D_%D7%95%D7%90%D7%9E%D7%95%D7%A8%D7%90%D7%99%D7%9D,Primary texts,"Historical link from the 2023 guide, page 11. Includes supporting references as well as resource homepages; see the original text for context.",Not re-evaluated,2023 guide,https://www.academia.edu/83334340/Guide_to_Online_Resources_for_Scholarly_Jewish_Study_and_Research_2023,[11],"Imported automatically. Anchor labels may be partial, especially across lines or in Hebrew. A successful HTTP response does not verify content, access terms or scholarly quality.",reachable,2026-10-09T13:08:29.482380+00:00,False
Torah database - Wikipedia,https://en.wikipedia.org/wiki/Torah_database,Guides & context,"Historical link from the 2023 guide, page 5. Includes supporting references as well as resource homepages; see the original text for context.",Not re-evaluated,2023 guide,https://www.academia.edu/83334340/Guide_to_Online_Resources_for_Scholarly_Jewish_Study_and_Research_2023,[5],"Imported automatically. Anchor labels may be partial, especially across lines or in Hebrew. A successful HTTP response does not verify content, access terms or scholarly quality.",reachable,2026-10-09T13:08:22.064748+00:00,False
Torah in Motion,https://www.youtube.com/c/TorahinMotion/videos,Media & communities,"Historical link from the 2023 guide, page 45. Includes supporting references as well as resource homepages; see the original text for context.",Not re-evaluated,2023 guide,https://www.academia.edu/83334340/Guide_to_Online_Resources_for_Scholarly_Jewish_Study_and_Research_2023,[45],"Imported automatically. Anchor labels may be partial, especially across lines or in Hebrew. A successful HTTP response does not verify content, access terms or scholarly quality.",reachable,2026-10-09T13:09:03.469469+00:00,False
Torah journals,https://asif.co.il/%d7%a1%d7%a4%d7%a8%d7%99%d7%99%d7%aa-%d7%99%d7%95%d7%9e%d7%90/%d7%93%d7%a4%d7%99-%d7%99%d7%a9%d7%99%d7%91%d7%95%d7%aa/,Secondary literature,"Historical link from the 2023 guide, page 29. Includes supporting references as well as resource homepages; see the original text for context.",Not re-evaluated,2023 guide,https://www.academia.edu/83334340/Guide_to_Online_Resources_for_Scholarly_Jewish_Study_and_Research_2023,[29],"Imported automatically. Anchor labels may be partial, especially across lines or in Hebrew. A successful HTTP response does not verify content, access terms or scholarly quality.",reachable,2026-10-09T13:08:13.356958+00:00,False
Torah Study and the Digital Revolution: A Glimpse of the,https://thelehrhaus.com/commentary/torah-study-and-the-digital-revolution-a-glimpse-of-the-future/,Guides & context,"Historical link from the 2023 guide, page 4. Includes supporting references as well as resource homepages; see the original text for context.",Not re-evaluated,2023 guide,https://www.academia.edu/83334340/Guide_to_Online_Resources_for_Scholarly_Jewish_Study_and_Research_2023,"[4, 6, 8]","Imported automatically. Anchor labels may be partial, especially across lines or in Hebrew. A successful HTTP response does not verify content, access terms or scholarly quality.",reachable,2026-10-09T13:08:45.022683+00:00,False
Tradition,https://traditiononline.org/archives/,Secondary literature,"Historical link from the 2023 guide, page 33. Includes supporting references as well as resource homepages; see the original text for context.",Not re-evaluated,2023 guide,https://www.academia.edu/83334340/Guide_to_Online_Resources_for_Scholarly_Jewish_Study_and_Research_2023,[33],"Imported automatically. Anchor labels may be partial, especially across lines or in Hebrew. A successful HTTP response does not verify content, access terms or scholarly quality.",reachable,2026-10-09T13:08:46.162252+00:00,False
Tradition Podcast.,https://traditiononline.org/traditionpodcast/,Media & communities,"Historical link from the 2023 guide, page 45. Includes supporting references as well as resource homepages; see the original text for context.",Not re-evaluated,2023 guide,https://www.academia.edu/83334340/Guide_to_Online_Resources_for_Scholarly_Jewish_Study_and_Research_2023,[45],"Imported automatically. Anchor labels may be partial, especially across lines or in Hebrew. A successful HTTP response does not verify content, access terms or scholarly quality.",reachable,2026-10-09T13:08:46.518234+00:00,False
Turning the Page: Jewish Print Cultures & Digital Humanities - An EAJS Roundtable,https://www.eurojewishstudies.org/wp-content/uploads/2018/06/eajs-resources-17-09-07.pdf,Guides & context,"Historical link from the 2023 guide, page 5. Includes supporting references as well as resource homepages; see the original text for context.",Not re-evaluated,2023 guide,https://www.academia.edu/83334340/Guide_to_Online_Resources_for_Scholarly_Jewish_Study_and_Research_2023,[5],"Imported automatically. Anchor labels may be partial, especially across lines or in Hebrew. A successful HTTP response does not verify content, access terms or scholarly quality.",reachable,2026-10-09T13:08:54.030589+00:00,False
Twitter feed,https://twitter.com/SeforimChatter,Media & communities,"Historical link from the 2023 guide, page 45. Includes supporting references as well as resource homepages; see the original text for context.",Not re-evaluated,2023 guide,https://www.academia.edu/83334340/Guide_to_Online_Resources_for_Scholarly_Jewish_Study_and_Research_2023,[45],"Imported automatically. Anchor labels may be partial, especially across lines or in Hebrew. A successful HTTP response does not verify content, access terms or scholarly quality.",redirected,2026-10-09T13:08:46.752938+00:00,False
uli.nli.org.il/F,http://uli.nli.org.il/F?func=find-b-0&local_base=mbi01,Search & bibliographies,"Historical link from the 2023 guide, page 25. Includes supporting references as well as resource homepages; see the original text for context.",Not re-evaluated,2023 guide,https://www.academia.edu/83334340/Guide_to_Online_Resources_for_Scholarly_Jewish_Study_and_Research_2023,[25],"Imported automatically. Anchor labels may be partial, especially across lines or in Hebrew. A successful HTTP response does not verify content, access terms or scholarly quality.",not_found,2026-10-09T13:08:09.966693+00:00,False
up to Twitter as they can see all the twe https://www.seforimchatter.com/tweets/ See the recent article about the podcas,https://www.seforimchatter.com/tweets/,Media & communities,"Historical link from the 2023 guide, page 45. Includes supporting references as well as resource homepages; see the original text for context.",Not re-evaluated,2023 guide,https://www.academia.edu/83334340/Guide_to_Online_Resources_for_Scholarly_Jewish_Study_and_Research_2023,[45],"Imported automatically. Anchor labels may be partial, especially across lines or in Hebrew. A successful HTTP response does not verify content, access terms or scholarly quality.",redirected,2026-10-09T13:09:02.288900+00:00,False
Vayikra Rabba - synoptic edition,http://www.biu.ac.il/JS/midrash/VR/,Primary texts,"Historical link from the 2023 guide, page 13. Includes supporting references as well as resource homepages; see the original text for context.",Not re-evaluated,2023 guide,https://www.academia.edu/83334340/Guide_to_Online_Resources_for_Scholarly_Jewish_Study_and_Research_2023,[13],"Imported automatically. Anchor labels may be partial, especially across lines or in Hebrew. A successful HTTP response does not verify content, access terms or scholarly quality.",redirected,2026-10-09T13:08:10.228337+00:00,False
Visualizations,https://alhatorah.org/Commentators:Home/0,Primary texts,"Historical link from the 2023 guide, page 10. Includes supporting references as well as resource homepages; see the original text for context.",Not re-evaluated,2023 guide,https://www.academia.edu/83334340/Guide_to_Online_Resources_for_Scholarly_Jewish_Study_and_Research_2023,[10],"Imported automatically. Anchor labels may be partial, especially across lines or in Hebrew. A successful HTTP response does not verify content, access terms or scholarly quality.",reachable,2026-10-09T13:08:11.967768+00:00,False
web.archive.org/web/20050209182706/http://www.virtualgeula.com/archival/eng/cat-ti-e.htm,https://web.archive.org/web/20050209182706/http://www.virtualgeula.com/archival/eng/cat-ti-e.htm#BB,Search & bibliographies,"Historical link from the 2023 guide, page 28. Includes supporting references as well as resource homepages; see the original text for context.",Not re-evaluated,2023 guide,https://www.academia.edu/83334340/Guide_to_Online_Resources_for_Scholarly_Jewish_Study_and_Research_2023,[28],"Imported automatically. Anchor labels may be partial, especially across lines or in Hebrew. A successful HTTP response does not verify content, access terms or scholarly quality.",reachable,2026-10-09T13:08:47.892512+00:00,False
webpage,https://web.nli.org.il/sites/nli/hebrew/collections/jewish-collection/talmud/pages/default.aspx,Manuscripts,"Historical link from the 2023 guide, page 17. Includes supporting references as well as resource homepages; see the original text for context.",Not re-evaluated,2023 guide,https://www.academia.edu/83334340/Guide_to_Online_Resources_for_Scholarly_Jewish_Study_and_Research_2023,[17],"Imported automatically. Anchor labels may be partial, especially across lines or in Hebrew. A successful HTTP response does not verify content, access terms or scholarly quality.",not_found,2026-10-09T13:08:49.276457+00:00,False
website of European Association for Jewish Studies (EAJS),https://www.eurojewishstudies.org/digital-forum-showcase-reports/epidat/,Scanned books,"Historical link from the 2023 guide, page 15. Includes supporting references as well as resource homepages; see the original text for context.",Not re-evaluated,2023 guide,https://www.academia.edu/83334340/Guide_to_Online_Resources_for_Scholarly_Jewish_Study_and_Research_2023,[15],"Imported automatically. Anchor labels may be partial, especially across lines or in Hebrew. A successful HTTP response does not verify content, access terms or scholarly quality.",reachable,2026-10-09T13:08:53.251652+00:00,False
What's Bothering Artscroll?,http://elucidation-not-translation.blogspot.com/,Media & communities,"Historical link from the 2023 guide, page 43. Includes supporting references as well as resource homepages; see the original text for context.",Not re-evaluated,2023 guide,https://www.academia.edu/83334340/Guide_to_Online_Resources_for_Scholarly_Jewish_Study_and_Research_2023,[43],"Imported automatically. Anchor labels may be partial, especially across lines or in Hebrew. A successful HTTP response does not verify content, access terms or scholarly quality.",reachable,2026-10-09T13:08:08.678723+00:00,False
whole books,https://asif.co.il/%d7%a1%d7%a4%d7%a8%d7%99%d7%99%d7%aa-%d7%99%d7%95%d7%9e%d7%90/%d7%a1%d7%a4%d7%a8%d7%99%d7%9d/,Secondary literature,"Historical link from the 2023 guide, page 29. Includes supporting references as well as resource homepages; see the original text for context.",Not re-evaluated,2023 guide,https://www.academia.edu/83334340/Guide_to_Online_Resources_for_Scholarly_Jewish_Study_and_Research_2023,[29],"Imported automatically. Anchor labels may be partial, especially across lines or in Hebrew. A successful HTTP response does not verify content, access terms or scholarly quality.",reachable,2026-10-09T13:08:13.478701+00:00,False
Wikipedia - English,https://en.wikipedia.org/wiki/Sefaria,Primary texts,"Historical link from the 2023 guide, page 8. Includes supporting references as well as resource homepages; see the original text for context.",Not re-evaluated,2023 guide,https://www.academia.edu/83334340/Guide_to_Online_Resources_for_Scholarly_Jewish_Study_and_Research_2023,[8],"Imported automatically. Anchor labels may be partial, especially across lines or in Hebrew. A successful HTTP response does not verify content, access terms or scholarly quality.",reachable,2026-10-09T13:08:21.694073+00:00,False
Wikipedia - English,https://en.wikipedia.org/wiki/Bar_Ilan_Responsa_Project,Primary texts,"Historical link from the 2023 guide, page 12. Includes supporting references as well as resource homepages; see the original text for context.",Not re-evaluated,2023 guide,https://www.academia.edu/83334340/Guide_to_Online_Resources_for_Scholarly_Jewish_Study_and_Research_2023,[12],"Imported automatically. Anchor labels may be partial, especially across lines or in Hebrew. A successful HTTP response does not verify content, access terms or scholarly quality.",reachable,2026-10-09T13:08:19.891121+00:00,False
Wikipedia - Hebrew,https://he.wikipedia.org/wiki/%D7%95%D7%99%D7%A7%D7%99%D7%98%D7%A7%D7%A1%D7%98,Primary texts,"Historical link from the 2023 guide, page 10. Includes supporting references as well as resource homepages; see the original text for context.",Not re-evaluated,2023 guide,https://www.academia.edu/83334340/Guide_to_Online_Resources_for_Scholarly_Jewish_Study_and_Research_2023,[10],"Imported automatically. Anchor labels may be partial, especially across lines or in Hebrew. A successful HTTP response does not verify content, access terms or scholarly quality.",reachable,2026-10-09T13:08:25.780896+00:00,False
Wikipedia - Hebrew,https://he.wikipedia.org/wiki/%D7%A4%D7%A8%D7%95%D7%99%D7%A7%D7%98_%D7%91%D7%9F-%D7%99%D7%94%D7%95%D7%93%D7%94,Primary texts,"Historical link from the 2023 guide, page 11. Includes supporting references as well as resource homepages; see the original text for context.",Not re-evaluated,2023 guide,https://www.academia.edu/83334340/Guide_to_Online_Resources_for_Scholarly_Jewish_Study_and_Research_2023,[11],"Imported automatically. Anchor labels may be partial, especially across lines or in Hebrew. A successful HTTP response does not verify content, access terms or scholarly quality.",reachable,2026-10-09T13:08:28.114835+00:00,False
Wikipedia - Hebrew,https://he.wikipedia.org/wiki/%D7%94%D7%96%D7%9E%D7%A0%D7%94_%D7%9C%D7%A4%D7%99%D7%95%D7%98,Primary texts,"Historical link from the 2023 guide, page 11. Includes supporting references as well as resource homepages; see the original text for context.",Not re-evaluated,2023 guide,https://www.academia.edu/83334340/Guide_to_Online_Resources_for_Scholarly_Jewish_Study_and_Research_2023,[11],"Imported automatically. Anchor labels may be partial, especially across lines or in Hebrew. A successful HTTP response does not verify content, access terms or scholarly quality.",reachable,2026-10-09T13:08:24.993626+00:00,False
Wikipedia - Hebrew,https://he.wikipedia.org/wiki/%D7%9E%D7%90%D7%92%D7%A8_%D7%AA%D7%95%D7%A8%D7%A0%D7%99#%D7%90%D7%AA%D7%A8_Grimoar,Primary texts,"Historical link from the 2023 guide, page 11. Includes supporting references as well as resource homepages; see the original text for context.",Not re-evaluated,2023 guide,https://www.academia.edu/83334340/Guide_to_Online_Resources_for_Scholarly_Jewish_Study_and_Research_2023,[11],"Imported automatically. Anchor labels may be partial, especially across lines or in Hebrew. A successful HTTP response does not verify content, access terms or scholarly quality.",reachable,2026-10-09T13:08:26.676008+00:00,False
Wikipedia - Hebrew,https://he.wikipedia.org/wiki/%D7%94%D7%9E%D7%99%D7%9C%D7%95%D7%9F_%D7%94%D7%94%D7%99%D7%A1%D7%98%D7%95%D7%A8%D7%99_%D7%9C%D7%9C%D7%A9%D7%95%D7%9F_%D7%94%D7%A2%D7%91%D7%A8%D7%99%D7%AA,Primary texts,"Historical link from the 2023 guide, page 12. Includes supporting references as well as resource homepages; see the original text for context.",Not re-evaluated,2023 guide,https://www.academia.edu/83334340/Guide_to_Online_Resources_for_Scholarly_Jewish_Study_and_Research_2023,[12],"Imported automatically. Anchor labels may be partial, especially across lines or in Hebrew. A successful HTTP response does not verify content, access terms or scholarly quality.",reachable,2026-10-09T13:08:25.012346+00:00,False
Wikipedia - Hebrew,https://he.wikipedia.org/wiki/HebrewBooks,Primary texts,"Historical link from the 2023 guide, page 13. Includes supporting references as well as resource homepages; see the original text for context.",Not re-evaluated,2023 guide,https://www.academia.edu/83334340/Guide_to_Online_Resources_for_Scholarly_Jewish_Study_and_Research_2023,[13],"Imported automatically. Anchor labels may be partial, especially across lines or in Hebrew. A successful HTTP response does not verify content, access terms or scholarly quality.",reachable,2026-10-09T13:08:29.280462+00:00,False
Wikipedia - Hebrew,https://he.wikipedia.org/wiki/%D7%90%D7%95%D7%A6%D7%A8_%D7%94%D7%97%D7%9B%D7%9E%D7%94,Manuscripts,"Historical link from the 2023 guide, page 16. Includes supporting references as well as resource homepages; see the original text for context.",Not re-evaluated,2023 guide,https://www.academia.edu/83334340/Guide_to_Online_Resources_for_Scholarly_Jewish_Study_and_Research_2023,[16],"Imported automatically. Anchor labels may be partial, especially across lines or in Hebrew. A successful HTTP response does not verify content, access terms or scholarly quality.",reachable,2026-10-09T13:08:24.165920+00:00,False
Wikipedia - Hebrew,https://he.wikipedia.org/wiki/%D7%94%D7%9E%D7%9B%D7%95%D7%9F_%D7%9C%D7%AA%D7%A6%D7%9C%D7%95%D7%9E%D7%99_%D7%9B%D7%AA%D7%91%D7%99_%D7%99%D7%93_%D7%A2%D7%91%D7%A8%D7%99%D7%99%D7%9D#%D7%A4%D7%A8%D7%95%D7%99%D7%A7%D7%98_%22%D7%9B%D7%AA%D7%99%D7%91%22,Manuscripts,"Historical link from the 2023 guide, page 16. Includes supporting references as well as resource homepages; see the original text for context.",Not re-evaluated,2023 guide,https://www.academia.edu/83334340/Guide_to_Online_Resources_for_Scholarly_Jewish_Study_and_Research_2023,[16],"Imported automatically. Anchor labels may be partial, especially across lines or in Hebrew. A successful HTTP response does not verify content, access terms or scholarly quality.",reachable,2026-10-09T13:08:25.442825+00:00,False
Wikipedia - Hebrew,https://he.wikipedia.org/wiki/%D7%A1%D7%A4%D7%A8-%D7%93%D7%AA%D7%90,Search & bibliographies,"Historical link from the 2023 guide, page 25. Includes supporting references as well as resource homepages; see the original text for context.",Not re-evaluated,2023 guide,https://www.academia.edu/83334340/Guide_to_Online_Resources_for_Scholarly_Jewish_Study_and_Research_2023,[25],"Imported automatically. Anchor labels may be partial, especially across lines or in Hebrew. A successful HTTP response does not verify content, access terms or scholarly quality.",reachable,2026-10-09T13:08:27.440547+00:00,False
Wikipedia - Hebrew,https://he.wikipedia.org/wiki/%D7%9E%D7%A4%D7%A2%D7%9C_%D7%94%D7%91%D7%99%D7%91%D7%9C%D7%99%D7%95%D7%92%D7%A8%D7%A4%D7%99%D7%94_%D7%94%D7%A2%D7%91%D7%A8%D7%99%D7%AA,Search & bibliographies,"Historical link from the 2023 guide, page 25. Includes supporting references as well as resource homepages; see the original text for context.",Not re-evaluated,2023 guide,https://www.academia.edu/83334340/Guide_to_Online_Resources_for_Scholarly_Jewish_Study_and_Research_2023,[25],"Imported automatically. Anchor labels may be partial, especially across lines or in Hebrew. A successful HTTP response does not verify content, access terms or scholarly quality.",reachable,2026-10-09T13:08:26.692540+00:00,False
Wikipedia - Hebrew,https://he.wikipedia.org/wiki/%D7%93%D7%A2%D7%AA_(%D7%90%D7%AA%D7%A8_%D7%90%D7%99%D7%A0%D7%98%D7%A8%D7%A0%D7%98),Secondary literature,"Historical link from the 2023 guide, page 29. Includes supporting references as well as resource homepages; see the original text for context.",Not re-evaluated,2023 guide,https://www.academia.edu/83334340/Guide_to_Online_Resources_for_Scholarly_Jewish_Study_and_Research_2023,[29],"Imported automatically. Anchor labels may be partial, especially across lines or in Hebrew. A successful HTTP response does not verify content, access terms or scholarly quality.",reachable,2026-10-09T13:08:24.682807+00:00,False
Wikipedia - Hebrew,https://he.wikipedia.org/wiki/%D7%94%D7%90%D7%99%D7%92%D7%95%D7%93_%D7%9C%D7%A4%D7%A8%D7%A9%D7%A0%D7%95%D7%AA_%D7%94%D7%AA%D7%9C%D7%9E%D7%95%D7%93,Secondary literature,"Historical link from the 2023 guide, page 29. Includes supporting references as well as resource homepages; see the original text for context.",Not re-evaluated,2023 guide,https://www.academia.edu/83334340/Guide_to_Online_Resources_for_Scholarly_Jewish_Study_and_Research_2023,[29],"Imported automatically. Anchor labels may be partial, especially across lines or in Hebrew. A successful HTTP response does not verify content, access terms or scholarly quality.",reachable,2026-10-09T13:08:24.692983+00:00,False
Wikipedia - Hebrew,https://he.wikipedia.org/wiki/%D7%9B%D7%95%D7%AA%D7%A8_(%D7%A1%D7%A4%D7%A8%D7%99%D7%99%D7%94_%D7%93%D7%99%D7%92%D7%99%D7%98%D7%9C%D7%99%D7%AA),Secondary literature,"Historical link from the 2023 guide, page 30. Includes supporting references as well as resource homepages; see the original text for context.",Not re-evaluated,2023 guide,https://www.academia.edu/83334340/Guide_to_Online_Resources_for_Scholarly_Jewish_Study_and_Research_2023,[30],"Imported automatically. Anchor labels may be partial, especially across lines or in Hebrew. A successful HTTP response does not verify content, access terms or scholarly quality.",reachable,2026-10-09T13:08:26.342577+00:00,False
Wikipedia - Hebrew,https://he.wikipedia.org/wiki/%D7%A7%D7%A8%D7%99%D7%AA_%D7%A1%D7%A4%D7%A8_(%D7%9E%D7%A4%D7%A2%D7%9C_%D7%91%D7%99%D7%91%D7%9C%D7%99%D7%95%D7%92%D7%A8%D7%A4%D7%99),Secondary literature,"Historical link from the 2023 guide, page 32. Includes supporting references as well as resource homepages; see the original text for context.",Not re-evaluated,2023 guide,https://www.academia.edu/83334340/Guide_to_Online_Resources_for_Scholarly_Jewish_Study_and_Research_2023,[32],"Imported automatically. Anchor labels may be partial, especially across lines or in Hebrew. A successful HTTP response does not verify content, access terms or scholarly quality.",reachable,2026-10-09T13:08:28.436093+00:00,False
Wikipedia - Hebrew,https://he.wikipedia.org/wiki/%D7%94%D7%9E%D7%A2%D7%99%D7%9F_(%D7%9B%D7%AA%D7%91_%D7%A2%D7%AA),Secondary literature,"Historical link from the 2023 guide, page 33. Includes supporting references as well as resource homepages; see the original text for context.",Not re-evaluated,2023 guide,https://www.academia.edu/83334340/Guide_to_Online_Resources_for_Scholarly_Jewish_Study_and_Research_2023,[33],"Imported automatically. Anchor labels may be partial, especially across lines or in Hebrew. A successful HTTP response does not verify content, access terms or scholarly quality.",reachable,2026-10-09T13:08:25.460552+00:00,False
Wikipedia - Hebrew,https://he.wikipedia.org/wiki/%D7%A8%D7%9E%D7%91%22%D7%99,Search & bibliographies,"Historical link from the 2023 guide, page 36. Includes supporting references as well as resource homepages; see the original text for context.",Not re-evaluated,2023 guide,https://www.academia.edu/83334340/Guide_to_Online_Resources_for_Scholarly_Jewish_Study_and_Research_2023,[36],"Imported automatically. Anchor labels may be partial, especially across lines or in Hebrew. A successful HTTP response does not verify content, access terms or scholarly quality.",reachable,2026-10-09T13:08:28.632840+00:00,False
Wikipedia - Hebrew,https://he.wikipedia.org/wiki/%D7%A4%D7%95%D7%A8%D7%98%D7%9C:%D7%99%D7%94%D7%93%D7%95%D7%AA,Dictionaries & language,"Historical link from the 2023 guide, page 38. Includes supporting references as well as resource homepages; see the original text for context.",Not re-evaluated,2023 guide,https://www.academia.edu/83334340/Guide_to_Online_Resources_for_Scholarly_Jewish_Study_and_Research_2023,[38],"Imported automatically. Anchor labels may be partial, especially across lines or in Hebrew. A successful HTTP response does not verify content, access terms or scholarly quality.",reachable,2026-10-09T13:08:27.512943+00:00,False
Wikipedia - Hebrew,https://he.wikipedia.org/wiki/%D7%A1%D7%92%D7%95%D7%9C%D7%94_(%D7%9E%D7%92%D7%96%D7%99%D7%9F),Media & communities,"Historical link from the 2023 guide, page 42. Includes supporting references as well as resource homepages; see the original text for context.",Not re-evaluated,2023 guide,https://www.academia.edu/83334340/Guide_to_Online_Resources_for_Scholarly_Jewish_Study_and_Research_2023,[42],"Imported automatically. Anchor labels may be partial, especially across lines or in Hebrew. A successful HTTP response does not verify content, access terms or scholarly quality.",reachable,2026-10-09T13:08:27.177755+00:00,False
Wiktionary - Hebrew,https://he.wiktionary.org/wiki/%D7%A2%D7%9E%D7%95%D7%93_%D7%A8%D7%90%D7%A9%D7%99,Dictionaries & language,"Historical link from the 2023 guide, page 40. Includes supporting references as well as resource homepages; see the original text for context.",Not re-evaluated,2023 guide,https://www.academia.edu/83334340/Guide_to_Online_Resources_for_Scholarly_Jewish_Study_and_Research_2023,[40],"Imported automatically. Anchor labels may be partial, especially across lines or in Hebrew. A successful HTTP response does not verify content, access terms or scholarly quality.",reachable,2026-10-09T13:08:29.578939+00:00,False
With Dr. Ezra Chwat discussing the Rif (Rav,https://www.seforimchatter.com/2021/10/10/with-dr-ezra-chwat-discussing-the-rif-rav-yitzchak-alfasi-1013-1103-and-his-new-critical-edition/,Primary texts,"Historical link from the 2023 guide, page 10. Includes supporting references as well as resource homepages; see the original text for context.",Not re-evaluated,2023 guide,https://www.academia.edu/83334340/Guide_to_Online_Resources_for_Scholarly_Jewish_Study_and_Research_2023,[10],"Imported automatically. Anchor labels may be partial, especially across lines or in Hebrew. A successful HTTP response does not verify content, access terms or scholarly quality.",redirected,2026-10-09T13:09:02.031067+00:00,False
Words of Wisdom:,https://www.academia.edu/106385574/Words_of_Wisdom_Word_Counts_of_Classical_Jewish_Works,Primary texts,"Historical link from the 2023 guide, page 12. Includes supporting references as well as resource homepages; see the original text for context.",Not re-evaluated,2023 guide,https://www.academia.edu/83334340/Guide_to_Online_Resources_for_Scholarly_Jewish_Study_and_Research_2023,[12],"Imported automatically. Anchor labels may be partial, especially across lines or in Hebrew. A successful HTTP response does not verify content, access terms or scholarly quality.",blocked_or_restricted,2026-10-09T13:08:50.155848+00:00,False
www.academia.edu/38628191/Best_of_the_Web_for_the_Zohar_lectures_interviews_conferences_and_courses_rev_5_11_20_,https://www.academia.edu/38628191/Best_of_the_Web_for_the_Zohar_lectures_interviews_conferences_and_courses_rev_5_11_20_,Media & communities,"Historical link from the 2023 guide, page 45. Includes supporting references as well as resource homepages; see the original text for context.",Not re-evaluated,2023 guide,https://www.academia.edu/83334340/Guide_to_Online_Resources_for_Scholarly_Jewish_Study_and_Research_2023,[45],"Imported automatically. Anchor labels may be partial, especially across lines or in Hebrew. A successful HTTP response does not verify content, access terms or scholarly quality.",blocked_or_restricted,2026-10-09T13:08:50.444662+00:00,False
www.academia.edu/62424008/Malachi_Beit_Arié_Hebrew_Codicology_Historical_and_Comparative_Typology_of_Medieval_Hebrew_Codices_based_on_the_Documentatio,https://www.academia.edu/62424008/Malachi_Beit_Ari%C3%A9_Hebrew_Codicology_Historical_and_Comparative_Typology_of_Medieval_Hebrew_Codices_based_on_the_Documentation_of_the_Extant_Dated_Manuscripts_until_1540_using_a_Quantitative_Approach_Jerusalem_The_Israel_Academy_of_Sciences_and_Humanities_2022_,Guides & context,"Historical link from the 2023 guide, page 3. Includes supporting references as well as resource homepages; see the original text for context.",Not re-evaluated,2023 guide,https://www.academia.edu/83334340/Guide_to_Online_Resources_for_Scholarly_Jewish_Study_and_Research_2023,[3],"Imported automatically. Anchor labels may be partial, especially across lines or in Hebrew. A successful HTTP response does not verify content, access terms or scholarly quality.",blocked_or_restricted,2026-10-09T13:08:50.537329+00:00,False
www.academia.edu/93648655/Meta_index_of_Halacha_Bruras_index_of_scanned_Jewish_books,https://www.academia.edu/93648655/Meta_index_of_Halacha_Bruras_index_of_scanned_Jewish_books,Search & bibliographies,"Historical link from the 2023 guide, page 26. Includes supporting references as well as resource homepages; see the original text for context.",Not re-evaluated,2023 guide,https://www.academia.edu/83334340/Guide_to_Online_Resources_for_Scholarly_Jewish_Study_and_Research_2023,[26],"Imported automatically. Anchor labels may be partial, especially across lines or in Hebrew. A successful HTTP response does not verify content, access terms or scholarly quality.",blocked_or_restricted,2026-10-09T13:08:50.647103+00:00,False
www.chronicle.com/article/metrics-mania/,https://www.chronicle.com/article/metrics-mania/,Secondary literature,"Historical link from the 2023 guide, page 35. Includes supporting references as well as resource homepages; see the original text for context.",Not re-evaluated,2023 guide,https://www.academia.edu/83334340/Guide_to_Online_Resources_for_Scholarly_Jewish_Study_and_Research_2023,[35],"Imported automatically. Anchor labels may be partial, especially across lines or in Hebrew. A successful HTTP response does not verify content, access terms or scholarly quality.",blocked_or_restricted,2026-10-09T13:08:52.607981+00:00,False
www.fdr.uni-hamburg.de/record/9349,https://www.fdr.uni-hamburg.de/record/9349#.YkQDuihBxPZ,Guides & context,"Historical link from the 2023 guide, page 3. Includes supporting references as well as resource homepages; see the original text for context.",Not re-evaluated,2023 guide,https://www.academia.edu/83334340/Guide_to_Online_Resources_for_Scholarly_Jewish_Study_and_Research_2023,[3],"Imported automatically. Anchor labels may be partial, especially across lines or in Hebrew. A successful HTTP response does not verify content, access terms or scholarly quality.",reachable,2026-10-09T13:08:55.195127+00:00,False
www.jewishdigitalcollections.com/jewish-studies-guides.html,http://www.jewishdigitalcollections.com/jewish-studies-guides.html,Guides & context,"Historical link from the 2023 guide, page 5. Includes supporting references as well as resource homepages; see the original text for context.",Not re-evaluated,2023 guide,https://www.academia.edu/83334340/Guide_to_Online_Resources_for_Scholarly_Jewish_Study_and_Research_2023,[5],"Imported automatically. Anchor labels may be partial, especially across lines or in Hebrew. A successful HTTP response does not verify content, access terms or scholarly quality.",redirected,2026-10-09T13:08:10.739197+00:00,False
www.jewishinternetguide.com/JewishWebsiteCategories/Books,https://www.jewishinternetguide.com/JewishWebsiteCategories/Books,Search & bibliographies,"Historical link from the 2023 guide, page 27. Includes supporting references as well as resource homepages; see the original text for context.",Not re-evaluated,2023 guide,https://www.academia.edu/83334340/Guide_to_Online_Resources_for_Scholarly_Jewish_Study_and_Research_2023,[27],"Imported automatically. Anchor labels may be partial, especially across lines or in Hebrew. A successful HTTP response does not verify content, access terms or scholarly quality.",reachable,2026-10-09T13:08:56.412458+00:00,False
www.nli.org.il/he/research-and-teach/catalogs,https://www.nli.org.il/he/research-and-teach/catalogs,Search & bibliographies,"Historical link from the 2023 guide, page 25. Includes supporting references as well as resource homepages; see the original text for context.",Not re-evaluated,2023 guide,https://www.academia.edu/83334340/Guide_to_Online_Resources_for_Scholarly_Jewish_Study_and_Research_2023,[25],"Imported automatically. Anchor labels may be partial, especially across lines or in Hebrew. A successful HTTP response does not verify content, access terms or scholarly quality.",blocked_or_restricted,2026-10-09T13:08:59.146126+00:00,False
www.researchgate.net/publication/264205341_A_Catalogue_of_Digital_Editions,https://www.researchgate.net/publication/264205341_A_Catalogue_of_Digital_Editions,Primary texts,"Historical link from the 2023 guide, page 8. Includes supporting references as well as resource homepages; see the original text for context.",Not re-evaluated,2023 guide,https://www.academia.edu/83334340/Guide_to_Online_Resources_for_Scholarly_Jewish_Study_and_Research_2023,[8],"Imported automatically. Anchor labels may be partial, especially across lines or in Hebrew. A successful HTTP response does not verify content, access terms or scholarly quality.",blocked_or_restricted,2026-10-09T13:09:00.349606+00:00,False
www.sefarim.fr/hamore/ref-Sifria_Magazines_Revue des �tudes juives_65_145.aspx,https://www.sefarim.fr/hamore/ref-Sifria_Magazines_Revue%20des%20%E9tudes%20juives_65_145.aspx,Secondary literature,"Historical link from the 2023 guide, page 33. Includes supporting references as well as resource homepages; see the original text for context.",Not re-evaluated,2023 guide,https://www.academia.edu/83334340/Guide_to_Online_Resources_for_Scholarly_Jewish_Study_and_Research_2023,[33],"Imported automatically. Anchor labels may be partial, especially across lines or in Hebrew. A successful HTTP response does not verify content, access terms or scholarly quality.",reachable,2026-10-09T13:09:01.774635+00:00,False
www.tyndalearchive.com/TABS/Jastrow//,http://www.tyndalearchive.com/TABS/Jastrow//,Dictionaries & language,"Historical link from the 2023 guide, page 40. Includes supporting references as well as resource homepages; see the original text for context.",Not re-evaluated,2023 guide,https://www.academia.edu/83334340/Guide_to_Online_Resources_for_Scholarly_Jewish_Study_and_Research_2023,[40],"Imported automatically. Anchor labels may be partial, especially across lines or in Hebrew. A successful HTTP response does not verify content, access terms or scholarly quality.",redirected,2026-10-09T13:08:11.558878+00:00,False
Yad Ben-Zvi,https://www.youtube.com/c/yadybenzvi/videos,Media & communities,"Historical link from the 2023 guide, page 45. Includes supporting references as well as resource homepages; see the original text for context.",Not re-evaluated,2023 guide,https://www.academia.edu/83334340/Guide_to_Online_Resources_for_Scholarly_Jewish_Study_and_Research_2023,[45],"Imported automatically. Anchor labels may be partial, especially across lines or in Hebrew. A successful HTTP response does not verify content, access terms or scholarly quality.",reachable,2026-10-09T13:09:03.608323+00:00,False
Yad Harambam,https://rambam.genizah.org/,Manuscripts,"Historical link from the 2023 guide, page 19. Includes supporting references as well as resource homepages; see the original text for context.",Not re-evaluated,2023 guide,https://www.academia.edu/83334340/Guide_to_Online_Resources_for_Scholarly_Jewish_Study_and_Research_2023,[19],"Imported automatically. Anchor labels may be partial, especially across lines or in Hebrew. A successful HTTP response does not verify content, access terms or scholarly quality.",redirected,2026-10-09T13:08:40.144304+00:00,False
Yanai,https://benyehuda.org/author/1470,Primary texts,"Historical link from the 2023 guide, page 11. Includes supporting references as well as resource homepages; see the original text for context.",Not re-evaluated,2023 guide,https://www.academia.edu/83334340/Guide_to_Online_Resources_for_Scholarly_Jewish_Study_and_Research_2023,[11],"Imported automatically. Anchor labels may be partial, especially across lines or in Hebrew. A successful HTTP response does not verify content, access terms or scholarly quality.",reachable,2026-10-09T13:08:14.019917+00:00,False
Yehuda Liebes,https://liebes.huji.ac.il/,Search & bibliographies,"Historical link from the 2023 guide, page 36. Includes supporting references as well as resource homepages; see the original text for context.",Not re-evaluated,2023 guide,https://www.academia.edu/83334340/Guide_to_Online_Resources_for_Scholarly_Jewish_Study_and_Research_2023,[36],"Imported automatically. Anchor labels may be partial, especially across lines or in Hebrew. A successful HTTP response does not verify content, access terms or scholarly quality.",reachable,2026-10-09T13:08:35.499825+00:00,False
Yehudah Halevi,https://benyehuda.org/author/161,Primary texts,"Historical link from the 2023 guide, page 11. Includes supporting references as well as resource homepages; see the original text for context.",Not re-evaluated,2023 guide,https://www.academia.edu/83334340/Guide_to_Online_Resources_for_Scholarly_Jewish_Study_and_Research_2023,[11],"Imported automatically. Anchor labels may be partial, especially across lines or in Hebrew. A successful HTTP response does not verify content, access terms or scholarly quality.",reachable,2026-10-09T13:08:14.154837+00:00,False
Yosef Bekhor Shor,https://alhatorah.org/Commentators:R._Yosef_Bekhor_Shor's_Torah_Commentary,Primary texts,"Historical link from the 2023 guide, page 10. Includes supporting references as well as resource homepages; see the original text for context.",Not re-evaluated,2023 guide,https://www.academia.edu/83334340/Guide_to_Online_Resources_for_Scholarly_Jewish_Study_and_Research_2023,[10],"Imported automatically. Anchor labels may be partial, especially across lines or in Hebrew. A successful HTTP response does not verify content, access terms or scholarly quality.",redirected,2026-10-09T13:08:12.507633+00:00,False
YouTube,https://youtu.be/v561mI90BLg,Guides & context,"Historical link from the 2023 guide, page 1. Includes supporting references as well as resource homepages; see the original text for context.",Not re-evaluated,2023 guide,https://www.academia.edu/83334340/Guide_to_Online_Resources_for_Scholarly_Jewish_Study_and_Research_2023,[1],"Imported automatically. Anchor labels may be partial, especially across lines or in Hebrew. A successful HTTP response does not verify content, access terms or scholarly quality.",redirected,2026-10-09T13:09:05.324042+00:00,False
YouTube,https://www.youtube.com/channel/UCR6pKCe9d3jczqrMnOls4Pw/videos,Media & communities,"Historical link from the 2023 guide, page 46. Includes supporting references as well as resource homepages; see the original text for context.",Not re-evaluated,2023 guide,https://www.academia.edu/83334340/Guide_to_Online_Resources_for_Scholarly_Jewish_Study_and_Research_2023,[46],"Imported automatically. Anchor labels may be partial, especially across lines or in Hebrew. A successful HTTP response does not verify content, access terms or scholarly quality.",reachable,2026-10-09T13:09:04.176408+00:00,False
YouTube channel,https://www.youtube.com/channel/UCwLJ3A3MauDGLxLMIKuaqEQ/videos,Media & communities,"Historical link from the 2023 guide, page 45. Includes supporting references as well as resource homepages; see the original text for context.",Not re-evaluated,2023 guide,https://www.academia.edu/83334340/Guide_to_Online_Resources_for_Scholarly_Jewish_Study_and_Research_2023,[45],"Imported automatically. Anchor labels may be partial, especially across lines or in Hebrew. A successful HTTP response does not verify content, access terms or scholarly quality.",reachable,2026-10-09T13:09:04.204373+00:00,False
YouTube video,https://youtu.be/bCwfzfU4AJI,Manuscripts,"Historical link from the 2023 guide, page 17. Includes supporting references as well as resource homepages; see the original text for context.",Not re-evaluated,2023 guide,https://www.academia.edu/83334340/Guide_to_Online_Resources_for_Scholarly_Jewish_Study_and_Research_2023,[17],"Imported automatically. Anchor labels may be partial, especially across lines or in Hebrew. A successful HTTP response does not verify content, access terms or scholarly quality.",redirected,2026-10-09T13:09:05.039703+00:00,False
youtube.com/playlist,https://youtube.com/playlist?list=PLGQrWlI7O--7uHNeabUKagPJ5vcjOVoUm,Media & communities,"Historical link from the 2023 guide, page 45. Includes supporting references as well as resource homepages; see the original text for context.",Not re-evaluated,2023 guide,https://www.academia.edu/83334340/Guide_to_Online_Resources_for_Scholarly_Jewish_Study_and_Research_2023,[45],"Imported automatically. Anchor labels may be partial, especially across lines or in Hebrew. A successful HTTP response does not verify content, access terms or scholarly quality.",redirected,2026-10-09T13:09:05.442665+00:00,False
Zemirot Database,https://www.zemirotdatabase.org/song_index.php,Primary texts,"Historical link from the 2023 guide, page 12. Includes supporting references as well as resource homepages; see the original text for context.",Not re-evaluated,2023 guide,https://www.academia.edu/83334340/Guide_to_Online_Resources_for_Scholarly_Jewish_Study_and_Research_2023,[12],"Imported automatically. Anchor labels may be partial, especially across lines or in Hebrew. A successful HTTP response does not verify content, access terms or scholarly quality.",reachable,2026-10-09T13:09:04.351341+00:00,False
Zohar Dictionary by Daniel Matt,https://pastebin.com/ztKwQJSU,Dictionaries & language,"Historical link from the 2023 guide, page 40. Includes supporting references as well as resource homepages; see the original text for context.",Not re-evaluated,2023 guide,https://www.academia.edu/83334340/Guide_to_Online_Resources_for_Scholarly_Jewish_Study_and_Research_2023,[40],"Imported automatically. Anchor labels may be partial, especially across lines or in Hebrew. A successful HTTP response does not verify content, access terms or scholarly quality.",reachable,2026-10-09T13:08:39.235137+00:00,False
"| The Talmud Blog” (June 19, 2016) ; Menachem Katz, Assael Shm ""The Hachi Garsinan Project as a Critical Edition of the Talmud Bavli g. 627.",https://bavli.genizah.org/Content/pdfFile/Introductions_B/Introductions_Eng/The%20Hachi%20Garsinan%20Project%20as%20a%20Critical%20Edition%20of%20the%20Talm.pdf,Manuscripts,"Historical link from the 2023 guide, page 18. Includes supporting references as well as resource homepages; see the original text for context.",Not re-evaluated,2023 guide,https://www.academia.edu/83334340/Guide_to_Online_Resources_for_Scholarly_Jewish_Study_and_Research_2023,[18],"Imported automatically. Anchor labels may be partial, especially across lines or in Hebrew. A successful HTTP response does not verify content, access terms or scholarly quality.",reachable,2026-10-09T13:08:13.870990+00:00,False
אוקימתא )כתב עת ),https://he.wikipedia.org/wiki/%D7%90%D7%95%D7%A7%D7%99%D7%9E%D7%AA%D7%90_(%D7%9B%D7%AA%D7%91_%D7%A2%D7%AA),Secondary literature,"Historical link from the 2023 guide, page 33. Includes supporting references as well as resource homepages; see the original text for context.",Not re-evaluated,2023 guide,https://www.academia.edu/83334340/Guide_to_Online_Resources_for_Scholarly_Jewish_Study_and_Research_2023,[33],"Imported automatically. Anchor labels may be partial, especially across lines or in Hebrew. A successful HTTP response does not verify content, access terms or scholarly quality.",reachable,2026-10-09T13:08:24.187582+00:00,False
אמונה טהורה,http://daf-yomi.com/BookFiles.aspx?type=1&id=558,Secondary literature,"Historical link from the 2023 guide, page 29. Includes supporting references as well as resource homepages; see the original text for context.",Not re-evaluated,2023 guide,https://www.academia.edu/83334340/Guide_to_Online_Resources_for_Scholarly_Jewish_Study_and_Research_2023,[29],"Imported automatically. Anchor labels may be partial, especially across lines or in Hebrew. A successful HTTP response does not verify content, access terms or scholarly quality.",reachable,2026-10-09T13:08:08.292499+00:00,False
אמרי במערבא,http://daf-yomi.com/BookFiles.aspx?type=1&id=36,Secondary literature,"Historical link from the 2023 guide, page 29. Includes supporting references as well as resource homepages; see the original text for context.",Not re-evaluated,2023 guide,https://www.academia.edu/83334340/Guide_to_Online_Resources_for_Scholarly_Jewish_Study_and_Research_2023,[29],"Imported automatically. Anchor labels may be partial, especially across lines or in Hebrew. A successful HTTP response does not verify content, access terms or scholarly quality.",reachable,2026-10-09T13:08:07.573129+00:00,False
אקדמות למהדורה של התלמוד הבבלי – מסכת קידושין – מחברות מנחמיות,https://www.academia.edu/72820895/Mahbarot_Menachamyiot_%D7%90%D7%A7%D7%93%D7%9E%D7%95%D7%AA_%D7%9C%D7%9E%D7%94%D7%93%D7%95%D7%A8%D7%94_%D7%A9%D7%9C_%D7%94%D7%AA%D7%9C%D7%9E%D7%95%D7%93_%D7%94%D7%91%D7%91%D7%9C%D7%99_%D7%9E%D7%A1%D7%9B%D7%AA_%D7%A7%D7%99%D7%93%D7%95%D7%A9%D7%99%D7%9F_%D7%9E%D7%97%D7%91%D7%A8%D7%95%D7%AA_%D7%9E%D7%A0%D7%97%D7%9E%D7%99%D7%95%D7%AA,Scanned books,"Historical link from the 2023 guide, page 15. Includes supporting references as well as resource homepages; see the original text for context.",Not re-evaluated,2023 guide,https://www.academia.edu/83334340/Guide_to_Online_Resources_for_Scholarly_Jewish_Study_and_Research_2023,[15],"Imported automatically. Anchor labels may be partial, especially across lines or in Hebrew. A successful HTTP response does not verify content, access terms or scholarly quality.",blocked_or_restricted,2026-10-09T13:08:50.585711+00:00,False
ארון הספרים היהודי המקוון – מאגרי מידע ואתרי ספרים סרוקים |Safranim's Blog,https://safranim.com/2010/12/01/%D7%90%D7%A8%D7%95%D7%9F-%D7%94%D7%A1%D7%A4%D7%A8%D7%99%D7%9D-%D7%94%D7%99%D7%94%D7%95%D7%93%D7%99-%D7%94%D7%9E%D7%9E%D7%95%D7%97%D7%A9%D7%91-%D7%9E%D7%90%D7%92%D7%A8%D7%99-%D7%9E%D7%99%D7%93%D7%A2/,Guides & context,"Historical link from the 2023 guide, page 5. Includes supporting references as well as resource homepages; see the original text for context.",Not re-evaluated,2023 guide,https://www.academia.edu/83334340/Guide_to_Online_Resources_for_Scholarly_Jewish_Study_and_Research_2023,[5],"Imported automatically. Anchor labels may be partial, especially across lines or in Hebrew. A successful HTTP response does not verify content, access terms or scholarly quality.",reachable,2026-10-09T13:08:41.905281+00:00,False
באהלי שם,http://daf-yomi.com/BookFiles.aspx?type=1&id=440,Secondary literature,"Historical link from the 2023 guide, page 29. Includes supporting references as well as resource homepages; see the original text for context.",Not re-evaluated,2023 guide,https://www.academia.edu/83334340/Guide_to_Online_Resources_for_Scholarly_Jewish_Study_and_Research_2023,[29],"Imported automatically. Anchor labels may be partial, especially across lines or in Hebrew. A successful HTTP response does not verify content, access terms or scholarly quality.",reachable,2026-10-09T13:08:07.577580+00:00,False
ברוח טובה,http://daf-yomi.com/BookFiles.aspx?type=1&id=242,Secondary literature,"Historical link from the 2023 guide, page 29. Includes supporting references as well as resource homepages; see the original text for context.",Not re-evaluated,2023 guide,https://www.academia.edu/83334340/Guide_to_Online_Resources_for_Scholarly_Jewish_Study_and_Research_2023,[29],"Imported automatically. Anchor labels may be partial, especially across lines or in Hebrew. A successful HTTP response does not verify content, access terms or scholarly quality.",reachable,2026-10-09T13:08:07.571915+00:00,False
גנזי קדם )שנתון( – ויקיפדיה,https://he.wikipedia.org/wiki/%D7%92%D7%A0%D7%96%D7%99_%D7%A7%D7%93%D7%9D_(%D7%A9%D7%A0%D7%AA%D7%95%D7%9F),Secondary literature,"Historical link from the 2023 guide, page 32. Includes supporting references as well as resource homepages; see the original text for context.",Not re-evaluated,2023 guide,https://www.academia.edu/83334340/Guide_to_Online_Resources_for_Scholarly_Jewish_Study_and_Research_2023,[32],"Imported automatically. Anchor labels may be partial, especially across lines or in Hebrew. A successful HTTP response does not verify content, access terms or scholarly quality.",reachable,2026-10-09T13:08:24.635082+00:00,False
דע מאיין באו,http://daf-yomi.com/BookFiles.aspx?type=1&id=403,Secondary literature,"Historical link from the 2023 guide, page 29. Includes supporting references as well as resource homepages; see the original text for context.",Not re-evaluated,2023 guide,https://www.academia.edu/83334340/Guide_to_Online_Resources_for_Scholarly_Jewish_Study_and_Research_2023,[29],"Imported automatically. Anchor labels may be partial, especially across lines or in Hebrew. A successful HTTP response does not verify content, access terms or scholarly quality.",reachable,2026-10-09T13:08:07.577307+00:00,False
דרכי התלמודים,http://daf-yomi.com/BookFiles.aspx?type=1&id=520,Secondary literature,"Historical link from the 2023 guide, page 29. Includes supporting references as well as resource homepages; see the original text for context.",Not re-evaluated,2023 guide,https://www.academia.edu/83334340/Guide_to_Online_Resources_for_Scholarly_Jewish_Study_and_Research_2023,[29],"Imported automatically. Anchor labels may be partial, especially across lines or in Hebrew. A successful HTTP response does not verify content, access terms or scholarly quality.",reachable,2026-10-09T13:08:07.593094+00:00,False
הזמנת,https://www.nli.org.il/he/at-your-service/document-delivery-service/scans-within-library,Search & bibliographies,"Historical link from the 2023 guide, page 36. Includes supporting references as well as resource homepages; see the original text for context.",Not re-evaluated,2023 guide,https://www.academia.edu/83334340/Guide_to_Online_Resources_for_Scholarly_Jewish_Study_and_Research_2023,[36],"Imported automatically. Anchor labels may be partial, especially across lines or in Hebrew. A successful HTTP response does not verify content, access terms or scholarly quality.",blocked_or_restricted,2026-10-09T13:08:58.858827+00:00,False
הזמנת צילומים מיוחדים,https://web.nli.org.il/sites/NLI/Hebrew/library/services/interlibrary%20loan/Pages/photos_loan.aspx,Search & bibliographies,"Historical link from the 2023 guide, page 36. Includes supporting references as well as resource homepages; see the original text for context.",Not re-evaluated,2023 guide,https://www.academia.edu/83334340/Guide_to_Online_Resources_for_Scholarly_Jewish_Study_and_Research_2023,[36],"Imported automatically. Anchor labels may be partial, especially across lines or in Hebrew. A successful HTTP response does not verify content, access terms or scholarly quality.",not_found,2026-10-09T13:08:48.158318+00:00,False
הידיעות המדעיות שבדברי,http://daf-yomi.com/BookFiles.aspx?type=1&id=363,Secondary literature,"Historical link from the 2023 guide, page 29. Includes supporting references as well as resource homepages; see the original text for context.",Not re-evaluated,2023 guide,https://www.academia.edu/83334340/Guide_to_Online_Resources_for_Scholarly_Jewish_Study_and_Research_2023,[29],"Imported automatically. Anchor labels may be partial, especially across lines or in Hebrew. A successful HTTP response does not verify content, access terms or scholarly quality.",reachable,2026-10-09T13:08:07.573690+00:00,False
היחס שבין היקף המעגל לרוחבו,http://daf-yomi.com/BookFiles.aspx?type=1&id=369,Secondary literature,"Historical link from the 2023 guide, page 29. Includes supporting references as well as resource homepages; see the original text for context.",Not re-evaluated,2023 guide,https://www.academia.edu/83334340/Guide_to_Online_Resources_for_Scholarly_Jewish_Study_and_Research_2023,[29],"Imported automatically. Anchor labels may be partial, especially across lines or in Hebrew. A successful HTTP response does not verify content, access terms or scholarly quality.",reachable,2026-10-09T13:08:07.575367+00:00,False
הלכה ברורה < ספרייה וירטואלית,http://www.halachabrura.org/alephlink.htm,Guides & context,"Historical link from the 2023 guide, page 5. Includes supporting references as well as resource homepages; see the original text for context.",Not re-evaluated,2023 guide,https://www.academia.edu/83334340/Guide_to_Online_Resources_for_Scholarly_Jewish_Study_and_Research_2023,"[5, 26]","Imported automatically. Anchor labels may be partial, especially across lines or in Hebrew. A successful HTTP response does not verify content, access terms or scholarly quality.",reachable,2026-10-09T13:08:10.267155+00:00,False
המכללה האקדמית הרצוג < ספריות < מאגרים בחוג ללשון עברית,https://www.herzog.ac.il/library-page/%d7%9e%d7%90%d7%92%d7%a8%d7%99%d7%9d-%d7%91%d7%97%d7%95%d7%92-%d7%9c%d7%9c%d7%a9%d7%95%d7%9f-%d7%a2%d7%91%d7%a8%d7%99%d7%aa/,Guides & context,"Historical link from the 2023 guide, page 5. Includes supporting references as well as resource homepages; see the original text for context.",Not re-evaluated,2023 guide,https://www.academia.edu/83334340/Guide_to_Online_Resources_for_Scholarly_Jewish_Study_and_Research_2023,[5],"Imported automatically. Anchor labels may be partial, especially across lines or in Hebrew. A successful HTTP response does not verify content, access terms or scholarly quality.",not_found,2026-10-09T13:08:55.777122+00:00,False
המכללה האקדמית הרצוג < ספריות < מאגרים בחוג למחשבת ישראל,https://www.herzog.ac.il/library-page/%d7%9e%d7%90%d7%92%d7%a8%d7%99%d7%9d-%d7%91%d7%97%d7%95%d7%92-%d7%9c%d7%9e%d7%97%d7%a9%d7%91%d7%aa-%d7%99%d7%a9%d7%a8%d7%90%d7%9c/,Guides & context,"Historical link from the 2023 guide, page 5. Includes supporting references as well as resource homepages; see the original text for context.",Not re-evaluated,2023 guide,https://www.academia.edu/83334340/Guide_to_Online_Resources_for_Scholarly_Jewish_Study_and_Research_2023,[5],"Imported automatically. Anchor labels may be partial, especially across lines or in Hebrew. A successful HTTP response does not verify content, access terms or scholarly quality.",not_found,2026-10-09T13:08:56.053028+00:00,False
המכללה האקדמית הרצוג < ספריות < מאגרים בחוג לספרות עברית,https://www.herzog.ac.il/library-page/%d7%9e%d7%90%d7%92%d7%a8%d7%99%d7%9d-%d7%91%d7%97%d7%95%d7%92-%d7%9c%d7%a1%d7%a4%d7%a8%d7%95%d7%aa-%d7%a2%d7%91%d7%a8%d7%99%d7%aa/,Guides & context,"Historical link from the 2023 guide, page 5. Includes supporting references as well as resource homepages; see the original text for context.",Not re-evaluated,2023 guide,https://www.academia.edu/83334340/Guide_to_Online_Resources_for_Scholarly_Jewish_Study_and_Research_2023,[5],"Imported automatically. Anchor labels may be partial, especially across lines or in Hebrew. A successful HTTP response does not verify content, access terms or scholarly quality.",not_found,2026-10-09T13:08:56.104891+00:00,False
המעין-מכון שלמה אומן,http://www.machonso.org/hamaayan/?task=list,Secondary literature,"Historical link from the 2023 guide, page 33. Includes supporting references as well as resource homepages; see the original text for context.",Not re-evaluated,2023 guide,https://www.academia.edu/83334340/Guide_to_Online_Resources_for_Scholarly_Jewish_Study_and_Research_2023,[33],"Imported automatically. Anchor labels may be partial, especially across lines or in Hebrew. A successful HTTP response does not verify content, access terms or scholarly quality.",redirected,2026-10-09T13:08:10.827971+00:00,False
הסרת ניקוד,https://removenikud.dicta.org.il/,Search & bibliographies,"Historical link from the 2023 guide, page 23. Includes supporting references as well as resource homepages; see the original text for context.",Not re-evaluated,2023 guide,https://www.academia.edu/83334340/Guide_to_Online_Resources_for_Scholarly_Jewish_Study_and_Research_2023,[23],"Imported automatically. Anchor labels may be partial, especially across lines or in Hebrew. A successful HTTP response does not verify content, access terms or scholarly quality.",reachable,2026-10-09T13:08:41.127054+00:00,False
הצופה,https://he.wikipedia.org/wiki/%D7%94%D7%A6%D7%95%D7%A4%D7%94_%D7%9E%D7%90%D7%A8%D7%A5_%D7%94%D7%92%D7%A8,Secondary literature,"Historical link from the 2023 guide, page 32. Includes supporting references as well as resource homepages; see the original text for context.",Not re-evaluated,2023 guide,https://www.academia.edu/83334340/Guide_to_Online_Resources_for_Scholarly_Jewish_Study_and_Research_2023,[32],"Imported automatically. Anchor labels may be partial, especially across lines or in Hebrew. A successful HTTP response does not verify content, access terms or scholarly quality.",reachable,2026-10-09T13:08:25.771491+00:00,False
השפה העברית-קישורים,https://www.safa-ivrit.org/links.php,Guides & context,"Historical link from the 2023 guide, page 5. Includes supporting references as well as resource homepages; see the original text for context.",Not re-evaluated,2023 guide,https://www.academia.edu/83334340/Guide_to_Online_Resources_for_Scholarly_Jewish_Study_and_Research_2023,[5],"Imported automatically. Anchor labels may be partial, especially across lines or in Hebrew. A successful HTTP response does not verify content, access terms or scholarly quality.",reachable,2026-10-09T13:09:00.994276+00:00,False
ירושתנו,https://he.wikipedia.org/wiki/%D7%99%D7%A8%D7%95%D7%A9%D7%AA%D7%A0%D7%95,Secondary literature,"Historical link from the 2023 guide, page 34. Includes supporting references as well as resource homepages; see the original text for context.",Not re-evaluated,2023 guide,https://www.academia.edu/83334340/Guide_to_Online_Resources_for_Scholarly_Jewish_Study_and_Research_2023,[34],"Imported automatically. Anchor labels may be partial, especially across lines or in Hebrew. A successful HTTP response does not verify content, access terms or scholarly quality.",reachable,2026-10-09T13:08:25.957793+00:00,False
ישורון,https://he.wikipedia.org/wiki/%D7%99%D7%A9%D7%95%D7%A8%D7%95%D7%9F_(%D7%9E%D7%90%D7%A1%D7%A3_%D7%AA%D7%95%D7%A8%D7%A0%D7%99),Secondary literature,"Historical link from the 2023 guide, page 34. Includes supporting references as well as resource homepages; see the original text for context.",Not re-evaluated,2023 guide,https://www.academia.edu/83334340/Guide_to_Online_Resources_for_Scholarly_Jewish_Study_and_Research_2023,[34],"Imported automatically. Anchor labels may be partial, especially across lines or in Hebrew. A successful HTTP response does not verify content, access terms or scholarly quality.",reachable,2026-10-09T13:08:26.310309+00:00,False
מאגר תורני – ויקיפדיה,https://he.wikipedia.org/wiki/%D7%9E%D7%90%D7%92%D7%A8_%D7%AA%D7%95%D7%A8%D7%A0%D7%99,Guides & context,"Historical link from the 2023 guide, page 5. Includes supporting references as well as resource homepages; see the original text for context.",Not re-evaluated,2023 guide,https://www.academia.edu/83334340/Guide_to_Online_Resources_for_Scholarly_Jewish_Study_and_Research_2023,[5],"Imported automatically. Anchor labels may be partial, especially across lines or in Hebrew. A successful HTTP response does not verify content, access terms or scholarly quality.",reachable,2026-10-09T13:08:26.669649+00:00,False
מבוא,https://www.mayim.org.il/publications/#gsc.tab=0,Secondary literature,"Historical link from the 2023 guide, page 31. Includes supporting references as well as resource homepages; see the original text for context.",Not re-evaluated,2023 guide,https://www.academia.edu/83334340/Guide_to_Online_Resources_for_Scholarly_Jewish_Study_and_Research_2023,[31],"Imported automatically. Anchor labels may be partial, especially across lines or in Hebrew. A successful HTTP response does not verify content, access terms or scholarly quality.",reachable,2026-10-09T13:08:57.666722+00:00,False
מבוא ללימוד התלמוד הירושלמי,http://daf-yomi.com/BookFiles.aspx?type=1&id=544,Secondary literature,"Historical link from the 2023 guide, page 29. Includes supporting references as well as resource homepages; see the original text for context.",Not re-evaluated,2023 guide,https://www.academia.edu/83334340/Guide_to_Online_Resources_for_Scholarly_Jewish_Study_and_Research_2023,[29],"Imported automatically. Anchor labels may be partial, especially across lines or in Hebrew. A successful HTTP response does not verify content, access terms or scholarly quality.",reachable,2026-10-09T13:08:07.594397+00:00,False
מילון הערבית יהודית מימי הבינים : לתעודות הגניזה של ספר,https://ja.genizah.org/JA_Dictionary_pdfjs/JA_Dictionary.html,Manuscripts,"Historical link from the 2023 guide, page 21. Includes supporting references as well as resource homepages; see the original text for context.",Not re-evaluated,2023 guide,https://www.academia.edu/83334340/Guide_to_Online_Resources_for_Scholarly_Jewish_Study_and_Research_2023,[21],"Imported automatically. Anchor labels may be partial, especially across lines or in Hebrew. A successful HTTP response does not verify content, access terms or scholarly quality.",reachable,2026-10-09T13:08:30.599302+00:00,False
מנא להו,http://daf-yomi.com/BookFiles.aspx?type=1&id=513,Secondary literature,"Historical link from the 2023 guide, page 29. Includes supporting references as well as resource homepages; see the original text for context.",Not re-evaluated,2023 guide,https://www.academia.edu/83334340/Guide_to_Online_Resources_for_Scholarly_Jewish_Study_and_Research_2023,[29],"Imported automatically. Anchor labels may be partial, especially across lines or in Hebrew. A successful HTTP response does not verify content, access terms or scholarly quality.",reachable,2026-10-09T13:08:07.591962+00:00,False
"מסכת קידושין ב ע""א-יד ע""ב",https://www.academia.edu/11120558/%D7%9E%D7%97%D7%91%D7%A8%D7%95%D7%AA_%D7%9E%D7%A0%D7%97%D7%9E%D7%99%D7%95%D7%AA_%D7%AA%D7%9C%D7%9E%D7%95%D7%93_%D7%91%D7%91%D7%9C%D7%99_%D7%A7%D7%99%D7%93%D7%95%D7%A9%D7%99%D7%9F_%D7%A4%D7%A8%D7%A7_%D7%90_%D7%9E%D7%A9%D7%A0%D7%94_%D7%90_%D7%91_%D7%A2_%D7%90_%D7%99%D7%93_%D7%A2_%D7%91_,Scanned books,"Historical link from the 2023 guide, page 15. Includes supporting references as well as resource homepages; see the original text for context.",Not re-evaluated,2023 guide,https://www.academia.edu/83334340/Guide_to_Online_Resources_for_Scholarly_Jewish_Study_and_Research_2023,[15],"Imported automatically. Anchor labels may be partial, especially across lines or in Hebrew. A successful HTTP response does not verify content, access terms or scholarly quality.",blocked_or_restricted,2026-10-09T13:08:50.196313+00:00,False
"מסכת קידושין יד ע""ב כה – ע""ב",https://www.academia.edu/13224118/%D7%9E%D7%97%D7%91%D7%A8%D7%95%D7%AA_%D7%9E%D7%A0%D7%97%D7%9E%D7%99%D7%95%D7%AA_%D7%AA%D7%9C%D7%9E%D7%95%D7%93_%D7%91%D7%91%D7%9C%D7%99_%D7%A7%D7%99%D7%93%D7%95%D7%A9%D7%99%D7%9F_%D7%A4%D7%A8%D7%A7_%D7%90_%D7%9E%D7%A9%D7%A0%D7%99%D7%95%D7%AA_%D7%91_%D7%92_%D7%9E%D7%A1%D7%9B%D7%AA_%D7%A2%D7%91%D7%93%D7%99%D7%9D_%D7%99%D7%93_%D7%A2_%D7%91_%D7%9B%D7%94_%D7%A2_%D7%91_Qiddushin,Scanned books,"Historical link from the 2023 guide, page 15. Includes supporting references as well as resource homepages; see the original text for context.",Not re-evaluated,2023 guide,https://www.academia.edu/83334340/Guide_to_Online_Resources_for_Scholarly_Jewish_Study_and_Research_2023,[15],"Imported automatically. Anchor labels may be partial, especially across lines or in Hebrew. A successful HTTP response does not verify content, access terms or scholarly quality.",blocked_or_restricted,2026-10-09T13:08:50.242349+00:00,False
"מסכת קידושין כה ע""ב כט – ע""א",https://www.academia.edu/18819286/Qiddushin_%D7%9E%D7%97%D7%91%D7%A8%D7%95%D7%AA_%D7%9E%D7%A0%D7%97%D7%9E%D7%99%D7%95%D7%AA_%D7%AA%D7%9C%D7%9E%D7%95%D7%93_%D7%91%D7%91%D7%9C%D7%99_%D7%A7%D7%99%D7%93%D7%95%D7%A9%D7%99%D7%9F_%D7%A4%D7%A8%D7%A7_%D7%90_%D7%9E%D7%A9%D7%A0%D7%99%D7%95%D7%AA_%D7%93_%D7%95_%D7%A7%D7%A0%D7%99%D7%99%D7%A0%D7%99_%D7%91%D7%94%D7%9E%D7%94_%D7%95%D7%A0%D7%9B%D7%A1%D7%99%D7%9D_%D7%9B%D7%94_%D7%A2_%D7%91_%D7%9B%D7%98_%D7%A2_%D7%90_,Scanned books,"Historical link from the 2023 guide, page 15. Includes supporting references as well as resource homepages; see the original text for context.",Not re-evaluated,2023 guide,https://www.academia.edu/83334340/Guide_to_Online_Resources_for_Scholarly_Jewish_Study_and_Research_2023,[15],"Imported automatically. Anchor labels may be partial, especially across lines or in Hebrew. A successful HTTP response does not verify content, access terms or scholarly quality.",blocked_or_restricted,2026-10-09T13:08:50.292537+00:00,False
"מסכת קידושין כט ע""א – מא ע""א",https://www.academia.edu/21126241/%D7%9E%D7%97%D7%91%D7%A8%D7%95%D7%AA_%D7%9E%D7%A0%D7%97%D7%9E%D7%99%D7%95%D7%AA_%D7%AA%D7%9C%D7%9E%D7%95%D7%93_%D7%91%D7%91%D7%9C%D7%99_%D7%9E%D7%A1%D7%9B%D7%AA_%D7%A7%D7%99%D7%93%D7%95%D7%A9%D7%99%D7%9F_%D7%A4%D7%A8%D7%A7_%D7%90_%D7%9E%D7%A9%D7%A0%D7%99%D7%95%D7%AA_%D7%96_%D7%99_%D7%9E%D7%A1%D7%9B%D7%AA_%D7%9E%D7%A6%D7%95%D7%95%D7%AA_%D7%9B%D7%98_%D7%A2_%D7%90_%D7%9E%D7%90_%D7%A2_%D7%90_,Scanned books,"Historical link from the 2023 guide, page 15. Includes supporting references as well as resource homepages; see the original text for context.",Not re-evaluated,2023 guide,https://www.academia.edu/83334340/Guide_to_Online_Resources_for_Scholarly_Jewish_Study_and_Research_2023,[15],"Imported automatically. Anchor labels may be partial, especially across lines or in Hebrew. A successful HTTP response does not verify content, access terms or scholarly quality.",blocked_or_restricted,2026-10-09T13:08:50.330465+00:00,False
"מסכת קידושין מא ע""א נח – ע""ב",https://www.academia.edu/24587460/%D7%9E%D7%97%D7%91%D7%A8%D7%95%D7%AA_%D7%9E%D7%A0%D7%97%D7%9E%D7%99%D7%95%D7%AA_%D7%A7%D7%99%D7%93%D7%95%D7%A9%D7%99%D7%9F_%D7%A4%D7%A8%D7%A7_%D7%91_Qiddushin,Scanned books,"Historical link from the 2023 guide, page 15. Includes supporting references as well as resource homepages; see the original text for context.",Not re-evaluated,2023 guide,https://www.academia.edu/83334340/Guide_to_Online_Resources_for_Scholarly_Jewish_Study_and_Research_2023,[15],"Imported automatically. Anchor labels may be partial, especially across lines or in Hebrew. A successful HTTP response does not verify content, access terms or scholarly quality.",blocked_or_restricted,2026-10-09T13:08:50.344718+00:00,False
"מסכת קידושין נח ע""ב סט – ע""א",https://www.academia.edu/25088401/%D7%9E%D7%97%D7%91%D7%A8%D7%95%D7%AA_%D7%9E%D7%A0%D7%97%D7%9E%D7%99%D7%95%D7%AA_%D7%A7%D7%99%D7%93%D7%95%D7%A9%D7%99%D7%9F_%D7%A4%D7%A8%D7%A7_%D7%92_%D7%A0%D7%97_%D7%A2_%D7%91_%D7%A1%D7%98_%D7%A2_%D7%90_Qiddushin,Scanned books,"Historical link from the 2023 guide, page 15. Includes supporting references as well as resource homepages; see the original text for context.",Not re-evaluated,2023 guide,https://www.academia.edu/83334340/Guide_to_Online_Resources_for_Scholarly_Jewish_Study_and_Research_2023,[15],"Imported automatically. Anchor labels may be partial, especially across lines or in Hebrew. A successful HTTP response does not verify content, access terms or scholarly quality.",blocked_or_restricted,2026-10-09T13:08:50.381544+00:00,False
"מסכת קידושין סט ע""א-פב ע""ב",https://www.academia.edu/25445026/%D7%9E%D7%97%D7%91%D7%A8%D7%95%D7%AA_%D7%9E%D7%A0%D7%97%D7%9E%D7%99%D7%95%D7%AA_%D7%A7%D7%99%D7%93%D7%95%D7%A9%D7%99%D7%9F_%D7%A4%D7%A8%D7%A7_%D7%93_Qiddushin,Scanned books,"Historical link from the 2023 guide, page 15. Includes supporting references as well as resource homepages; see the original text for context.",Not re-evaluated,2023 guide,https://www.academia.edu/83334340/Guide_to_Online_Resources_for_Scholarly_Jewish_Study_and_Research_2023,[15],"Imported automatically. Anchor labels may be partial, especially across lines or in Hebrew. A successful HTTP response does not verify content, access terms or scholarly quality.",blocked_or_restricted,2026-10-09T13:08:50.396656+00:00,False
מקיצי נרדמים,https://he.wikipedia.org/wiki/%D7%9E%D7%A7%D7%99%D7%A6%D7%99_%D7%A0%D7%A8%D7%93%D7%9E%D7%99%D7%9D,Secondary literature,"Historical link from the 2023 guide, page 32. Includes supporting references as well as resource homepages; see the original text for context.",Not re-evaluated,2023 guide,https://www.academia.edu/83334340/Guide_to_Online_Resources_for_Scholarly_Jewish_Study_and_Research_2023,[32],"Imported automatically. Anchor labels may be partial, especially across lines or in Hebrew. A successful HTTP response does not verify content, access terms or scholarly quality.",reachable,2026-10-09T13:08:27.047729+00:00,False
נתן הירשNathan Hirsch (@NLITorani) / Twitter,https://twitter.com/nlitorani,Media & communities,"Historical link from the 2023 guide, page 46. Includes supporting references as well as resource homepages; see the original text for context.",Not re-evaluated,2023 guide,https://www.academia.edu/83334340/Guide_to_Online_Resources_for_Scholarly_Jewish_Study_and_Research_2023,[46],"Imported automatically. Anchor labels may be partial, especially across lines or in Hebrew. A successful HTTP response does not verify content, access terms or scholarly quality.",not_found,2026-10-09T13:08:47.345635+00:00,False
על התורה – ויקיפדיה,https://he.wikipedia.org/wiki/%D7%A2%D7%9C_%D7%94%D7%AA%D7%95%D7%A8%D7%94,Primary texts,"Historical link from the 2023 guide, page 9. Includes supporting references as well as resource homepages; see the original text for context.",Not re-evaluated,2023 guide,https://www.academia.edu/83334340/Guide_to_Online_Resources_for_Scholarly_Jewish_Study_and_Research_2023,[9],"Imported automatically. Anchor labels may be partial, especially across lines or in Hebrew. A successful HTTP response does not verify content, access terms or scholarly quality.",reachable,2026-10-09T13:08:27.491368+00:00,False
פורטל הדף היומי: נוסחאות וגירסאות,http://daf-yomi.com/content.aspx?PageId=110,Guides & context,"Historical link from the 2023 guide, page 5. Includes supporting references as well as resource homepages; see the original text for context.",Not re-evaluated,2023 guide,https://www.academia.edu/83334340/Guide_to_Online_Resources_for_Scholarly_Jewish_Study_and_Research_2023,[5],"Imported automatically. Anchor labels may be partial, especially across lines or in Hebrew. A successful HTTP response does not verify content, access terms or scholarly quality.",reachable,2026-10-09T13:08:08.461499+00:00,False
פורטל הדף היומי: ספריה וירטואלית,http://daf-yomi.com/content.aspx?PageId=210,Guides & context,"Historical link from the 2023 guide, page 5. Includes supporting references as well as resource homepages; see the original text for context.",Not re-evaluated,2023 guide,https://www.academia.edu/83334340/Guide_to_Online_Resources_for_Scholarly_Jewish_Study_and_Research_2023,[5],"Imported automatically. Anchor labels may be partial, especially across lines or in Hebrew. A successful HTTP response does not verify content, access terms or scholarly quality.",reachable,2026-10-09T13:08:08.483572+00:00,False
פיוטים לתפילת העמידה מפי פייטני ארץ ישראל Thanks to Gila Prebor for pointing out thi,https://isf.org.il/layperson-reports/%D7%A4%D7%99%D7%95%D7%98%D7%99%D7%9D-%D7%9C%D7%AA%D7%A4%D7%99%D7%9C%D7%AA-%D7%94%D7%A2%D7%9E%D7%99%D7%93%D7%94-%D7%9E%D7%A4%D7%99-%D7%A4%D7%99%D7%99%D7%98%D7%A0%D7%99-20181218153326.html,Manuscripts,"Historical link from the 2023 guide, page 21. Includes supporting references as well as resource homepages; see the original text for context.",Not re-evaluated,2023 guide,https://www.academia.edu/83334340/Guide_to_Online_Resources_for_Scholarly_Jewish_Study_and_Research_2023,[21],"Imported automatically. Anchor labels may be partial, especially across lines or in Hebrew. A successful HTTP response does not verify content, access terms or scholarly quality.",reachable,2026-10-09T13:08:30.309339+00:00,False
פלפולא דאורייתא,http://daf-yomi.com/BookFiles.aspx?type=1&id=442,Secondary literature,"Historical link from the 2023 guide, page 29. Includes supporting references as well as resource homepages; see the original text for context.",Not re-evaluated,2023 guide,https://www.academia.edu/83334340/Guide_to_Online_Resources_for_Scholarly_Jewish_Study_and_Research_2023,[29],"Imported automatically. Anchor labels may be partial, especially across lines or in Hebrew. A successful HTTP response does not verify content, access terms or scholarly quality.",reachable,2026-10-09T13:08:07.589831+00:00,False
פעמים – ויקיפדיה,https://he.wikipedia.org/wiki/%D7%A4%D7%A2%D7%9E%D7%99%D7%9D,Secondary literature,"Historical link from the 2023 guide, page 32. Includes supporting references as well as resource homepages; see the original text for context.",Not re-evaluated,2023 guide,https://www.academia.edu/83334340/Guide_to_Online_Resources_for_Scholarly_Jewish_Study_and_Research_2023,[32],"Imported automatically. Anchor labels may be partial, especially across lines or in Hebrew. A successful HTTP response does not verify content, access terms or scholarly quality.",reachable,2026-10-09T13:08:28.041547+00:00,False
צפונות,https://he.wikipedia.org/wiki/%D7%A6%D7%A4%D7%95%D7%A0%D7%95%D7%AA,Secondary literature,"Historical link from the 2023 guide, page 34. Includes supporting references as well as resource homepages; see the original text for context.",Not re-evaluated,2023 guide,https://www.academia.edu/83334340/Guide_to_Online_Resources_for_Scholarly_Jewish_Study_and_Research_2023,[34],"Imported automatically. Anchor labels may be partial, especially across lines or in Hebrew. A successful HTTP response does not verify content, access terms or scholarly quality.",reachable,2026-10-09T13:08:28.117158+00:00,False
קובץ,http://daf-yomi.com/BookFiles.aspx?type=1&id=142,Secondary literature,"Historical link from the 2023 guide, page 29. Includes supporting references as well as resource homepages; see the original text for context.",Not re-evaluated,2023 guide,https://www.academia.edu/83334340/Guide_to_Online_Resources_for_Scholarly_Jewish_Study_and_Research_2023,[29],"Imported automatically. Anchor labels may be partial, especially across lines or in Hebrew. A successful HTTP response does not verify content, access terms or scholarly quality.",reachable,2026-10-09T13:08:07.571189+00:00,False
קובץ מיסודות הש”ס,http://daf-yomi.com/BookFiles.aspx?type=1&id=561,Secondary literature,"Historical link from the 2023 guide, page 29. Includes supporting references as well as resource homepages; see the original text for context.",Not re-evaluated,2023 guide,https://www.academia.edu/83334340/Guide_to_Online_Resources_for_Scholarly_Jewish_Study_and_Research_2023,[29],"Imported automatically. Anchor labels may be partial, especially across lines or in Hebrew. A successful HTTP response does not verify content, access terms or scholarly quality.",reachable,2026-10-09T13:08:08.446777+00:00,False
קובץ_בית_אהרן_וישראל#חסידות_קרלין,https://he.wikipedia.org/wiki/%D7%97%D7%A1%D7%99%D7%93%D7%95%D7%AA_%D7%A7%D7%A8%D7%9C%D7%99%D7%9F#%D7%A7%D7%95%D7%91%D7%A5_%D7%91%D7%99%D7%AA_%D7%90%D7%94%D7%A8%D7%9F_%D7%95%D7%99%D7%A9%D7%A8%D7%90%D7%9C,Secondary literature,"Historical link from the 2023 guide, page 34. Includes supporting references as well as resource homepages; see the original text for context.",Not re-evaluated,2023 guide,https://www.academia.edu/83334340/Guide_to_Online_Resources_for_Scholarly_Jewish_Study_and_Research_2023,[34],"Imported automatically. Anchor labels may be partial, especially across lines or in Hebrew. A successful HTTP response does not verify content, access terms or scholarly quality.",reachable,2026-10-09T13:08:25.916982+00:00,False
קישורים שימושיים,https://www.maanelashon.org/links,Guides & context,"Historical link from the 2023 guide, page 6. Includes supporting references as well as resource homepages; see the original text for context.",Not re-evaluated,2023 guide,https://www.academia.edu/83334340/Guide_to_Online_Resources_for_Scholarly_Jewish_Study_and_Research_2023,[6],"Imported automatically. Anchor labels may be partial, especially across lines or in Hebrew. A successful HTTP response does not verify content, access terms or scholarly quality.",not_found,2026-10-09T13:08:57.001502+00:00,False
קתדרה )כתב עת( – ויקיפדיה,https://he.wikipedia.org/wiki/%D7%A7%D7%AA%D7%93%D7%A8%D7%94_(%D7%9B%D7%AA%D7%91_%D7%A2%D7%AA),Secondary literature,"Historical link from the 2023 guide, page 32. Includes supporting references as well as resource homepages; see the original text for context.",Not re-evaluated,2023 guide,https://www.academia.edu/83334340/Guide_to_Online_Resources_for_Scholarly_Jewish_Study_and_Research_2023,[32],"Imported automatically. Anchor labels may be partial, especially across lines or in Hebrew. A successful HTTP response does not verify content, access terms or scholarly quality.",reachable,2026-10-09T13:08:28.442680+00:00,False
רשימת,https://forum.otzar.org/viewtopic.php?f=7&t=22946,Guides & context,"Historical link from the 2023 guide, page 7. Includes supporting references as well as resource homepages; see the original text for context.",Not re-evaluated,2023 guide,https://www.academia.edu/83334340/Guide_to_Online_Resources_for_Scholarly_Jewish_Study_and_Research_2023,"[7, 26]","Imported automatically. Anchor labels may be partial, especially across lines or in Hebrew. A successful HTTP response does not verify content, access terms or scholarly quality.",blocked_or_restricted,2026-10-09T13:08:22.696002+00:00,False
שעשועי,http://daf-yomi.com/BookFiles.aspx?type=1&id=559,Secondary literature,"Historical link from the 2023 guide, page 29. Includes supporting references as well as resource homepages; see the original text for context.",Not re-evaluated,2023 guide,https://www.academia.edu/83334340/Guide_to_Online_Resources_for_Scholarly_Jewish_Study_and_Research_2023,[29],"Imported automatically. Anchor labels may be partial, especially across lines or in Hebrew. A successful HTTP response does not verify content, access terms or scholarly quality.",reachable,2026-10-09T13:08:08.345116+00:00,False
ת here,https://kotar.cet.ac.il/KotarApp/Viewer.aspx?nBookID=102847481,Scanned books,"Historical link from the 2023 guide, page 14. Includes supporting references as well as resource homepages; see the original text for context.",Not re-evaluated,2023 guide,https://www.academia.edu/83334340/Guide_to_Online_Resources_for_Scholarly_Jewish_Study_and_Research_2023,[14],"Imported automatically. Anchor labels may be partial, especially across lines or in Hebrew. A successful HTTP response does not verify content, access terms or scholarly quality.",reachable,2026-10-09T13:08:32.067064+00:00,False
תבנית:ספריות דיגיטליות בנושאי יהדות – ויקיפדיה,https://he.wikipedia.org/wiki/%D7%AA%D7%91%D7%A0%D7%99%D7%AA:%D7%A1%D7%A4%D7%A8%D7%99%D7%95%D7%AA_%D7%93%D7%99%D7%92%D7%99%D7%98%D7%9C%D7%99%D7%95%D7%AA_%D7%91%D7%A0%D7%95%D7%A9%D7%90%D7%99_%D7%99%D7%94%D7%93%D7%95%D7%AA,Guides & context,"Historical link from the 2023 guide, page 7. Includes supporting references as well as resource homepages; see the original text for context.",Not re-evaluated,2023 guide,https://www.academia.edu/83334340/Guide_to_Online_Resources_for_Scholarly_Jewish_Study_and_Research_2023,[7],"Imported automatically. Anchor labels may be partial, especially across lines or in Hebrew. A successful HTTP response does not verify content, access terms or scholarly quality.",reachable,2026-10-09T13:08:28.645442+00:00,False
“Channeling Jewish History Group,https://www.facebook.com/groups/2213868834/,Media & communities,"Historical link from the 2023 guide, page 45. Includes supporting references as well as resource homepages; see the original text for context.",Not re-evaluated,2023 guide,https://www.academia.edu/83334340/Guide_to_Online_Resources_for_Scholarly_Jewish_Study_and_Research_2023,[45],"Imported automatically. Anchor labels may be partial, especially across lines or in Hebrew. A successful HTTP response does not verify content, access terms or scholarly quality.",redirected,2026-10-09T13:08:54.851166+00:00,False
“eScriptorium for Handwritten Text ssed 25-Feb-2022). n personal communication.,https://youtu.be/tut007D6w3o,Search & bibliographies,"Historical link from the 2023 guide, page 24. Includes supporting references as well as resource homepages; see the original text for context.",Not re-evaluated,2023 guide,https://www.academia.edu/83334340/Guide_to_Online_Resources_for_Scholarly_Jewish_Study_and_Research_2023,[24],"Imported automatically. Anchor labels may be partial, especially across lines or in Hebrew. A successful HTTP response does not verify content, access terms or scholarly quality.",redirected,2026-10-09T13:09:05.075113+00:00,False
“Good Faith Effort,https://podcasts.apple.com/us/podcast/good-faith-effort/id1536163226,Media & communities,"Historical link from the 2023 guide, page 46. Includes supporting references as well as resource homepages; see the original text for context.",Not re-evaluated,2023 guide,https://www.academia.edu/83334340/Guide_to_Online_Resources_for_Scholarly_Jewish_Study_and_Research_2023,[46],"Imported automatically. Anchor labels may be partial, especially across lines or in Hebrew. A successful HTTP response does not verify content, access terms or scholarly quality.",reachable,2026-10-09T13:08:39.829342+00:00,False
"““We Read Thus”: On Hachi Garsinan and Learning Talmud in the ne 19, 2016) ; Menachem Katz, Assael Shmeltzer, Hillel Gershuni,",https://thetalmud.blog/2016/06/19/we-read-thus-on-hachi-garsinan-and-learning-talmud-in-the-21st-century/,Manuscripts,"Historical link from the 2023 guide, page 18. Includes supporting references as well as resource homepages; see the original text for context.",Not re-evaluated,2023 guide,https://www.academia.edu/83334340/Guide_to_Online_Resources_for_Scholarly_Jewish_Study_and_Research_2023,[18],"Imported automatically. Anchor labels may be partial, especially across lines or in Hebrew. A successful HTTP response does not verify content, access terms or scholarly quality.",reachable,2026-10-09T13:08:45.447687+00:00,False
